target_id,target_type,field,current_status,classification,research_refs,source_refs,evidence_sufficiency,judgment_level,reason,recommended_next_action,wcd04_classification,rebase_status,rebase_reason
V1-ENT-0018,work,next_read,user_review,HIGH_JUDGMENT_USER_REQUIRED,V1-CARD-0007;V1-CARD-0018;V1-REL-0013;V1-REL-0034,SRC-0009;SRC-0029,yes,high,by field default:策展判断(V2-CUR-REC-001),USER_REVIEW_BATCH,PUBLIC_BASIC,STILL_VALID,candidate remains useful after current-main rebase
PATH-001,reading_path,reading_path,user_review,HIGH_JUDGMENT_USER_REQUIRED,V1-CARD-0003;V1-CARD-0018;V1-CARD-0022,,partial,high,含价值表述:最能(pres:PATH-001);intro与description同文,USER_REVIEW_BATCH,,STILL_VALID,candidate remains useful after current-main rebase
PATH-002,reading_path,reading_path,user_review,HIGH_JUDGMENT_USER_REQUIRED,V1-CARD-0001;V1-CARD-0003;V1-CARD-0004;V1-ENT-0013;V1-ENT-0015,,partial,high,by field default:阅读路径排序(pres:PATH-002);intro与description同文,USER_REVIEW_BATCH,,STILL_VALID,candidate remains useful after current-main rebase
PATH-003,reading_path,reading_path,user_review,HIGH_JUDGMENT_USER_REQUIRED,V1-CARD-0002;V1-CARD-0007;V1-CARD-0025;V1-CARD-0031,,partial,high,by field default:阅读路径排序(pres:PATH-003);intro与description同文,USER_REVIEW_BATCH,,STILL_VALID,candidate remains useful after current-main rebase
PATH-004,reading_path,reading_path,user_review,HIGH_JUDGMENT_USER_REQUIRED,V1-CARD-0002;V1-CARD-0012;V1-CARD-0013,,partial,high,by field default:阅读路径排序(pres:PATH-004);intro与description同文,USER_REVIEW_BATCH,,STILL_VALID,candidate remains useful after current-main rebase
PATH-005,reading_path,reading_path,user_review,HIGH_JUDGMENT_USER_REQUIRED,V1-ENT-0013;V1-ENT-0067;V1-CARD-0015;V1-CARD-0018,,partial,high,by field default:阅读路径排序(pres:PATH-005);intro与description同文,USER_REVIEW_BATCH,,STILL_VALID,candidate remains useful after current-main rebase
V1-ENT-0003,work,next_reads,user_review,HIGH_JUDGMENT_USER_REQUIRED,V1-CARD-0003;V1-CARD-0004,,partial,high,by field default:延伸阅读推荐(pres:NEXT-001),USER_REVIEW_BATCH,PUBLIC_BASIC,CHANGED,current status differs from external snapshot
V1-ENT-0004,work,next_reads,user_review,HIGH_JUDGMENT_USER_REQUIRED,V1-CARD-0004;V1-CARD-0025,,partial,high,by field default:延伸阅读推荐(pres:NEXT-002),USER_REVIEW_BATCH,PUBLIC_BASIC,CHANGED,current status differs from external snapshot
V1-ENT-0017,work,next_reads,user_review,HIGH_JUDGMENT_USER_REQUIRED,V1-CARD-0006;V1-CARD-0007,,partial,high,by field default:延伸阅读推荐(pres:NEXT-003),USER_REVIEW_BATCH,PUBLIC_BASIC,CHANGED,current status differs from external snapshot
V1-ENT-0018,work,next_reads,user_review,HIGH_JUDGMENT_USER_REQUIRED,V1-CARD-0007;V1-CARD-0014,,partial,high,by field default:延伸阅读推荐(pres:NEXT-004),USER_REVIEW_BATCH,PUBLIC_BASIC,CHANGED,current status differs from external snapshot
V1-ENT-0032,work,next_reads,user_review,HIGH_JUDGMENT_USER_REQUIRED,V1-CARD-0015;V1-CARD-0018,,partial,high,by field default:延伸阅读推荐(pres:NEXT-005),USER_REVIEW_BATCH,PUBLIC_BASIC,CHANGED,current status differs from external snapshot
V1-ENT-0035,work,next_reads,user_review,HIGH_JUDGMENT_USER_REQUIRED,V1-CARD-0014;V1-CARD-0015,,partial,high,by field default:延伸阅读推荐(pres:NEXT-006),USER_REVIEW_BATCH,PUBLIC_BASIC,CHANGED,current status differs from external snapshot
V1-ENT-0035,work,why_read,user_review,HIGH_JUDGMENT_USER_REQUIRED,V1-CARD-0014,SRC-0023;SRC-0024,yes,high,by field default:阅读价值判断(pres:WHY-009),USER_REVIEW_BATCH,PUBLIC_BASIC,CHANGED,current status differs from external snapshot
V1-ENT-0038,work,next_reads,user_review,HIGH_JUDGMENT_USER_REQUIRED,V1-REL-0034;V1-REL-0075,,partial,high,by field default:延伸阅读推荐(pres:NEXT-007),USER_REVIEW_BATCH,PUBLIC_BASIC,CHANGED,current status differs from external snapshot
V1-ENT-0075,work,next_reads,user_review,HIGH_JUDGMENT_USER_REQUIRED,V1-CARD-0022;V1-CARD-0023,,partial,high,by field default:延伸阅读推荐(pres:NEXT-008),USER_REVIEW_BATCH,PUBLIC_BASIC,CHANGED,current status differs from external snapshot
V1-ENT-0076,work,next_reads,user_review,HIGH_JUDGMENT_USER_REQUIRED,V1-CARD-0023;V1-CARD-0024,,partial,high,by field default:延伸阅读推荐(pres:NEXT-009),USER_REVIEW_BATCH,PUBLIC_BASIC,CHANGED,current status differs from external snapshot
V1-ENT-0116,work,next_reads,user_review,HIGH_JUDGMENT_USER_REQUIRED,V1-CARD-0031;V1-CARD-0032,,partial,high,by field default:延伸阅读推荐(pres:NEXT-010),USER_REVIEW_BATCH,PUBLIC_BASIC,CHANGED,current status differs from external snapshot
V1-ENT-0002,author,literary_connections,user_review,HIGH_JUDGMENT_USER_REQUIRED,V1-FCT-0006;V1-FCT-0007;V1-REL-0001;V1-REL-0002,SRC-0002;SRC-0008,yes,high,by field default:跨作品连接;内容为ID列表,USER_REVIEW_BATCH,USER_REVIEW_HIGH_JUDGMENT,STILL_VALID,candidate remains useful after current-main rebase
V1-ENT-0002,author,literary_features,user_review,HIGH_JUDGMENT_USER_REQUIRED,V1-FCT-0006;V1-FCT-0007;V1-REL-0001;V1-REL-0002,SRC-0002;SRC-0008,yes,high,by field default:策展判断,USER_REVIEW_BATCH,USER_REVIEW_HIGH_JUDGMENT,STILL_VALID,candidate remains useful after current-main rebase
V1-ENT-0002,author,literary_profile,user_review,HIGH_JUDGMENT_USER_REQUIRED,V1-FCT-0006;V1-FCT-0007;V1-REL-0001;V1-REL-0002,SRC-0002;SRC-0008,yes,high,含价值表述:最好,USER_REVIEW_BATCH,USER_REVIEW_HIGH_JUDGMENT,STILL_VALID,candidate remains useful after current-main rebase
V1-ENT-0002,author,reader_lede,user_review,DUPLICATE_OR_REDUNDANT,V1-FCT-0006;V1-FCT-0007;V1-REL-0001;V1-REL-0002,SRC-0002;SRC-0008,yes,high,与literary_profile同文,DEDUP_MERGE,USER_REVIEW_HIGH_JUDGMENT,DUPLICATE,external duplicate classification retained
V1-ENT-0016,author,literary_connections,user_review,HIGH_JUDGMENT_USER_REQUIRED,V1-FCT-0012;V1-REL-0005;V1-REL-0006;V1-REL-0008,SRC-0009;SRC-0010;SRC-0011;SRC-0012,yes,high,by field default:跨作品连接;内容为ID列表,USER_REVIEW_BATCH,USER_REVIEW_HIGH_JUDGMENT,STILL_VALID,candidate remains useful after current-main rebase
V1-ENT-0016,author,literary_features,user_review,HIGH_JUDGMENT_USER_REQUIRED,V1-FCT-0012;V1-REL-0005;V1-REL-0006;V1-REL-0008,SRC-0009;SRC-0010;SRC-0011;SRC-0012,yes,high,by field default:策展判断,USER_REVIEW_BATCH,USER_REVIEW_HIGH_JUDGMENT,STILL_VALID,candidate remains useful after current-main rebase
V1-ENT-0016,author,literary_profile,user_review,HIGH_JUDGMENT_USER_REQUIRED,V1-FCT-0012;V1-REL-0005;V1-REL-0006;V1-REL-0008,SRC-0009;SRC-0010;SRC-0011;SRC-0012,yes,high,by field default:文学概括,USER_REVIEW_BATCH,USER_REVIEW_HIGH_JUDGMENT,STILL_VALID,candidate remains useful after current-main rebase
V1-ENT-0016,author,reader_lede,user_review,DUPLICATE_OR_REDUNDANT,V1-FCT-0012;V1-REL-0005;V1-REL-0006;V1-REL-0008,SRC-0009;SRC-0010;SRC-0011;SRC-0012,yes,high,与literary_profile同文,DEDUP_MERGE,USER_REVIEW_HIGH_JUDGMENT,DUPLICATE,external duplicate classification retained
V1-ENT-0029,author,literary_connections,user_review,HIGH_JUDGMENT_USER_REQUIRED,V1-FCT-0056;V1-FCT-0057;V1-REL-0016;V1-REL-0017;V1-REL-0018,SRC-0017;SRC-0018;SRC-0019;SRC-0021,yes,high,by field default:跨作品连接;内容为ID列表,USER_REVIEW_BATCH,USER_REVIEW_HIGH_JUDGMENT,STILL_VALID,candidate remains useful after current-main rebase
V1-ENT-0029,author,literary_features,user_review,HIGH_JUDGMENT_USER_REQUIRED,V1-FCT-0056;V1-FCT-0057;V1-REL-0016;V1-REL-0017;V1-REL-0018,SRC-0017;SRC-0018;SRC-0019;SRC-0021,yes,high,by field default:策展判断,USER_REVIEW_BATCH,USER_REVIEW_HIGH_JUDGMENT,STILL_VALID,candidate remains useful after current-main rebase
V1-ENT-0029,author,literary_profile,user_review,HIGH_JUDGMENT_USER_REQUIRED,V1-FCT-0056;V1-FCT-0057;V1-REL-0016;V1-REL-0017;V1-REL-0018,SRC-0017;SRC-0018;SRC-0019;SRC-0021,yes,high,by field default:文学概括,USER_REVIEW_BATCH,USER_REVIEW_HIGH_JUDGMENT,STILL_VALID,candidate remains useful after current-main rebase
V1-ENT-0029,author,reader_lede,user_review,DUPLICATE_OR_REDUNDANT,V1-FCT-0056;V1-FCT-0057;V1-REL-0016;V1-REL-0017;V1-REL-0018,SRC-0017;SRC-0018;SRC-0019;SRC-0021,yes,high,与literary_profile同文,DEDUP_MERGE,USER_REVIEW_HIGH_JUDGMENT,DUPLICATE,external duplicate classification retained
V1-ENT-0030,author,literary_connections,user_review,HIGH_JUDGMENT_USER_REQUIRED,V1-FCT-0064;V1-FCT-0065;V1-REL-0019;V1-REL-0020;V1-REL-0021,SRC-0022;SRC-0023;SRC-0024;SRC-0026,yes,high,by field default:跨作品连接;内容为ID列表,USER_REVIEW_BATCH,USER_REVIEW_HIGH_JUDGMENT,STILL_VALID,candidate remains useful after current-main rebase
V1-ENT-0030,author,literary_features,user_review,HIGH_JUDGMENT_USER_REQUIRED,V1-FCT-0064;V1-FCT-0065;V1-REL-0019;V1-REL-0020;V1-REL-0021,SRC-0022;SRC-0023;SRC-0024;SRC-0026,yes,high,by field default:策展判断,USER_REVIEW_BATCH,USER_REVIEW_HIGH_JUDGMENT,STILL_VALID,candidate remains useful after current-main rebase
V1-ENT-0030,author,literary_profile,user_review,HIGH_JUDGMENT_USER_REQUIRED,V1-FCT-0064;V1-FCT-0065;V1-REL-0019;V1-REL-0020;V1-REL-0021,SRC-0022;SRC-0023;SRC-0024;SRC-0026,yes,high,by field default:文学概括,USER_REVIEW_BATCH,USER_REVIEW_HIGH_JUDGMENT,STILL_VALID,candidate remains useful after current-main rebase
V1-ENT-0030,author,reader_lede,user_review,DUPLICATE_OR_REDUNDANT,V1-FCT-0064;V1-FCT-0065;V1-REL-0019;V1-REL-0020;V1-REL-0021,SRC-0022;SRC-0023;SRC-0024;SRC-0026,yes,high,与literary_profile同文,DEDUP_MERGE,USER_REVIEW_HIGH_JUDGMENT,DUPLICATE,external duplicate classification retained
V1-ENT-0031,author,literary_connections,user_review,HIGH_JUDGMENT_USER_REQUIRED,V1-FCT-0072;V1-FCT-0073;V1-REL-0022;V1-REL-0023;V1-REL-0024,SRC-0027;SRC-0028;SRC-0029;SRC-0030,yes,high,by field default:跨作品连接;内容为ID列表,USER_REVIEW_BATCH,USER_REVIEW_HIGH_JUDGMENT,STILL_VALID,candidate remains useful after current-main rebase
V1-ENT-0031,author,literary_features,user_review,HIGH_JUDGMENT_USER_REQUIRED,V1-FCT-0072;V1-FCT-0073;V1-REL-0022;V1-REL-0023;V1-REL-0024,SRC-0027;SRC-0028;SRC-0029;SRC-0030,yes,high,by field default:策展判断,USER_REVIEW_BATCH,USER_REVIEW_HIGH_JUDGMENT,STILL_VALID,candidate remains useful after current-main rebase
V1-ENT-0031,author,literary_profile,user_review,HIGH_JUDGMENT_USER_REQUIRED,V1-FCT-0072;V1-FCT-0073;V1-REL-0022;V1-REL-0023;V1-REL-0024,SRC-0027;SRC-0028;SRC-0029;SRC-0030,yes,high,by field default:文学概括,USER_REVIEW_BATCH,USER_REVIEW_HIGH_JUDGMENT,STILL_VALID,candidate remains useful after current-main rebase
V1-ENT-0031,author,reader_lede,user_review,DUPLICATE_OR_REDUNDANT,V1-FCT-0072;V1-FCT-0073;V1-REL-0022;V1-REL-0023;V1-REL-0024,SRC-0027;SRC-0028;SRC-0029;SRC-0030,yes,high,与literary_profile同文,DEDUP_MERGE,USER_REVIEW_HIGH_JUDGMENT,DUPLICATE,external duplicate classification retained
V1-ENT-0059,author,core_themes,user_review,HIGH_JUDGMENT_USER_REQUIRED,V1-FCT-0297;V1-FCT-0298;V1-FCT-0299;V1-FCT-0300;V1-FCT-0301;V1-FCT-0302;V1-FCT-0303;V1-FCT-0304;V1-REL-0085;V1-REL-00...,SRC-0098;SRC-0099;SRC-0100,yes,high,by field default:主题归纳,USER_REVIEW_BATCH,PUBLIC_BASIC,STILL_VALID,candidate remains useful after current-main rebase
V1-ENT-0059,author,guiding_question,user_review,HIGH_JUDGMENT_USER_REQUIRED,V1-FCT-0297;V1-FCT-0298;V1-FCT-0299;V1-FCT-0300;V1-FCT-0301;V1-FCT-0302;V1-FCT-0303;V1-FCT-0304;V1-REL-0085;V1-REL-00...,SRC-0098;SRC-0099;SRC-0100,yes,high,by field default:引导问题阐释框架,USER_REVIEW_BATCH,PUBLIC_BASIC,STILL_VALID,candidate remains useful after current-main rebase
V1-ENT-0059,author,literary_connections,user_review,HIGH_JUDGMENT_USER_REQUIRED,V1-FCT-0297;V1-FCT-0298;V1-FCT-0299;V1-FCT-0300;V1-FCT-0301;V1-FCT-0302;V1-FCT-0303;V1-FCT-0304;V1-REL-0085;V1-REL-00...,SRC-0098;SRC-0099;SRC-0100,yes,high,by field default:跨作品连接;内容为ID列表,USER_REVIEW_BATCH,PUBLIC_BASIC,STILL_VALID,candidate remains useful after current-main rebase
V1-ENT-0059,author,literary_profile,user_review,HIGH_JUDGMENT_USER_REQUIRED,V1-FCT-0297;V1-FCT-0298;V1-FCT-0299;V1-FCT-0300;V1-FCT-0301;V1-FCT-0302;V1-FCT-0303;V1-FCT-0304;V1-REL-0085;V1-REL-00...,SRC-0098;SRC-0099;SRC-0100,yes,high,by field default:文学概括,USER_REVIEW_BATCH,PUBLIC_BASIC,STILL_VALID,candidate remains useful after current-main rebase
V1-ENT-0059,author,reader_fit,user_review,HIGH_JUDGMENT_USER_REQUIRED,V1-FCT-0297;V1-FCT-0298;V1-FCT-0299;V1-FCT-0300;V1-FCT-0301;V1-FCT-0302;V1-FCT-0303;V1-FCT-0304;V1-REL-0085;V1-REL-00...,SRC-0098;SRC-0099;SRC-0100,yes,high,by field default:读者适配判断,USER_REVIEW_BATCH,PUBLIC_BASIC,STILL_VALID,candidate remains useful after current-main rebase
V1-ENT-0059,author,reading_route,user_review,HIGH_JUDGMENT_USER_REQUIRED,V1-FCT-0297;V1-FCT-0298;V1-FCT-0299;V1-FCT-0300;V1-FCT-0301;V1-FCT-0302;V1-FCT-0303;V1-FCT-0304;V1-REL-0085;V1-REL-00...,SRC-0098;SRC-0099;SRC-0100,yes,high,by field default:阅读路线排序,USER_REVIEW_BATCH,PUBLIC_BASIC,STILL_VALID,candidate remains useful after current-main rebase
V1-ENT-0059,author,signature_keywords,user_review,LOW_JUDGMENT_EVIDENCE_SUFFICIENT,V1-FCT-0297;V1-FCT-0298;V1-FCT-0299;V1-FCT-0300;V1-FCT-0301;V1-FCT-0302;V1-FCT-0303;V1-FCT-0304;V1-REL-0085;V1-REL-00...,SRC-0098;SRC-0099;SRC-0100,yes,low,by field default:展示标签,USER_REVIEW_BATCH,PUBLIC_BASIC,CONFLICT_WITH_CURRENT_CURATION,field is high judgment under current validator
V1-ENT-0059,author,start_here,user_review,HIGH_JUDGMENT_USER_REQUIRED,V1-FCT-0297;V1-FCT-0298;V1-FCT-0299;V1-FCT-0300;V1-FCT-0301;V1-FCT-0302;V1-FCT-0303;V1-FCT-0304;V1-REL-0085;V1-REL-00...,SRC-0098;SRC-0099;SRC-0100,yes,high,含价值表述:代表作,USER_REVIEW_BATCH,PUBLIC_BASIC,STILL_VALID,candidate remains useful after current-main rebase
V1-ENT-0059,author,why_know,user_review,HIGH_JUDGMENT_USER_REQUIRED,V1-FCT-0297;V1-FCT-0298;V1-FCT-0299;V1-FCT-0300;V1-FCT-0301;V1-FCT-0302;V1-FCT-0303;V1-FCT-0304;V1-REL-0085;V1-REL-00...,SRC-0098;SRC-0099;SRC-0100,yes,high,by field default:入门路径推荐,USER_REVIEW_BATCH,PUBLIC_BASIC,STILL_VALID,candidate remains useful after current-main rebase
V1-ENT-0072,author,literary_connections,user_review,HIGH_JUDGMENT_USER_REQUIRED,V1-FCT-0120;V1-FCT-0121;V1-REL-0040;V1-REL-0041;V1-REL-0042,SRC-0032;SRC-0033;SRC-0034;SRC-0035;SRC-0036;SRC-0057,yes,high,by field default:跨作品连接;内容为ID列表,USER_REVIEW_BATCH,USER_REVIEW_HIGH_JUDGMENT,STILL_VALID,candidate remains useful after current-main rebase
V1-ENT-0072,author,literary_features,user_review,HIGH_JUDGMENT_USER_REQUIRED,V1-FCT-0120;V1-FCT-0121;V1-REL-0040;V1-REL-0041;V1-REL-0042,SRC-0032;SRC-0033;SRC-0034;SRC-0035;SRC-0036;SRC-0057,yes,high,by field default:策展判断,USER_REVIEW_BATCH,USER_REVIEW_HIGH_JUDGMENT,STILL_VALID,candidate remains useful after current-main rebase
V1-ENT-0072,author,literary_profile,user_review,HIGH_JUDGMENT_USER_REQUIRED,V1-FCT-0120;V1-FCT-0121;V1-REL-0040;V1-REL-0041;V1-REL-0042,SRC-0032;SRC-0033;SRC-0034;SRC-0035;SRC-0036;SRC-0057,yes,high,by field default:文学概括,USER_REVIEW_BATCH,USER_REVIEW_HIGH_JUDGMENT,STILL_VALID,candidate remains useful after current-main rebase
V1-ENT-0072,author,reader_lede,user_review,DUPLICATE_OR_REDUNDANT,V1-FCT-0120;V1-FCT-0121;V1-REL-0040;V1-REL-0041;V1-REL-0042,SRC-0032;SRC-0033;SRC-0034;SRC-0035;SRC-0036;SRC-0057,yes,high,与literary_profile同文,DEDUP_MERGE,USER_REVIEW_HIGH_JUDGMENT,DUPLICATE,external duplicate classification retained
V1-ENT-0073,author,literary_connections,user_review,HIGH_JUDGMENT_USER_REQUIRED,V1-FCT-0125;V1-FCT-0165;V1-REL-0043;V1-REL-0044,SRC-0037;SRC-0038;SRC-0058;SRC-0065;SRC-0069,yes,high,by field default:跨作品连接;内容为ID列表,USER_REVIEW_BATCH,USER_REVIEW_HIGH_JUDGMENT,STILL_VALID,candidate remains useful after current-main rebase
V1-ENT-0073,author,literary_features,user_review,HIGH_JUDGMENT_USER_REQUIRED,V1-FCT-0125;V1-FCT-0165;V1-REL-0043;V1-REL-0044,SRC-0037;SRC-0038;SRC-0058;SRC-0065;SRC-0069,yes,high,by field default:策展判断,USER_REVIEW_BATCH,USER_REVIEW_HIGH_JUDGMENT,STILL_VALID,candidate remains useful after current-main rebase
V1-ENT-0073,author,literary_profile,user_review,HIGH_JUDGMENT_USER_REQUIRED,V1-FCT-0125;V1-FCT-0165;V1-REL-0043;V1-REL-0044,SRC-0037;SRC-0038;SRC-0058;SRC-0065;SRC-0069,yes,high,by field default:文学概括,USER_REVIEW_BATCH,USER_REVIEW_HIGH_JUDGMENT,STILL_VALID,candidate remains useful after current-main rebase
V1-ENT-0073,author,reader_lede,user_review,DUPLICATE_OR_REDUNDANT,V1-FCT-0125;V1-FCT-0165;V1-REL-0043;V1-REL-0044,SRC-0037;SRC-0038;SRC-0058;SRC-0065;SRC-0069,yes,high,与literary_profile同文,DEDUP_MERGE,USER_REVIEW_HIGH_JUDGMENT,DUPLICATE,external duplicate classification retained
V1-ENT-0074,author,literary_connections,user_review,HIGH_JUDGMENT_USER_REQUIRED,V1-FCT-0129;V1-FCT-0130;V1-REL-0046;V1-REL-0047;V1-REL-0048,SRC-0041;SRC-0042;SRC-0043;SRC-0072,yes,high,by field default:跨作品连接;内容为ID列表,USER_REVIEW_BATCH,USER_REVIEW_HIGH_JUDGMENT,STILL_VALID,candidate remains useful after current-main rebase
V1-ENT-0074,author,literary_features,user_review,HIGH_JUDGMENT_USER_REQUIRED,V1-FCT-0129;V1-FCT-0130;V1-REL-0046;V1-REL-0047;V1-REL-0048,SRC-0041;SRC-0042;SRC-0043;SRC-0072,yes,high,by field default:策展判断,USER_REVIEW_BATCH,USER_REVIEW_HIGH_JUDGMENT,STILL_VALID,candidate remains useful after current-main rebase
V1-ENT-0074,author,literary_profile,user_review,HIGH_JUDGMENT_USER_REQUIRED,V1-FCT-0129;V1-FCT-0130;V1-REL-0046;V1-REL-0047;V1-REL-0048,SRC-0041;SRC-0042;SRC-0043;SRC-0072,yes,high,by field default:文学概括,USER_REVIEW_BATCH,USER_REVIEW_HIGH_JUDGMENT,STILL_VALID,candidate remains useful after current-main rebase
V1-ENT-0074,author,reader_lede,user_review,DUPLICATE_OR_REDUNDANT,V1-FCT-0129;V1-FCT-0130;V1-REL-0046;V1-REL-0047;V1-REL-0048,SRC-0041;SRC-0042;SRC-0043;SRC-0072,yes,high,与literary_profile同文,DEDUP_MERGE,USER_REVIEW_HIGH_JUDGMENT,DUPLICATE,external duplicate classification retained
V1-ENT-0114,author,literary_connections,user_review,HIGH_JUDGMENT_USER_REQUIRED,V1-FCT-0170;V1-FCT-0172;V1-REL-0059;V1-REL-0060;V1-REL-0061,SRC-0044;SRC-0045;SRC-0046;SRC-0047;SRC-0048,yes,high,by field default:跨作品连接;内容为ID列表,USER_REVIEW_BATCH,USER_REVIEW_HIGH_JUDGMENT,STILL_VALID,candidate remains useful after current-main rebase
V1-ENT-0114,author,literary_features,user_review,HIGH_JUDGMENT_USER_REQUIRED,V1-FCT-0170;V1-FCT-0172;V1-REL-0059;V1-REL-0060;V1-REL-0061,SRC-0044;SRC-0045;SRC-0046;SRC-0047;SRC-0048,yes,high,by field default:策展判断,USER_REVIEW_BATCH,USER_REVIEW_HIGH_JUDGMENT,STILL_VALID,candidate remains useful after current-main rebase
V1-ENT-0114,author,literary_profile,user_review,HIGH_JUDGMENT_USER_REQUIRED,V1-FCT-0170;V1-FCT-0172;V1-REL-0059;V1-REL-0060;V1-REL-0061,SRC-0044;SRC-0045;SRC-0046;SRC-0047;SRC-0048,yes,high,by field default:文学概括,USER_REVIEW_BATCH,USER_REVIEW_HIGH_JUDGMENT,STILL_VALID,candidate remains useful after current-main rebase
V1-ENT-0114,author,reader_lede,user_review,DUPLICATE_OR_REDUNDANT,V1-FCT-0170;V1-FCT-0172;V1-REL-0059;V1-REL-0060;V1-REL-0061,SRC-0044;SRC-0045;SRC-0046;SRC-0047;SRC-0048,yes,high,与literary_profile同文,DEDUP_MERGE,USER_REVIEW_HIGH_JUDGMENT,DUPLICATE,external duplicate classification retained
V1-ENT-0115,author,literary_connections,user_review,HIGH_JUDGMENT_USER_REQUIRED,V1-FCT-0179;V1-FCT-0181;V1-FCT-0182;V1-FCT-0183;V1-REL-0062;V1-REL-0064,SRC-0050;SRC-0052;SRC-0054;SRC-0055;SRC-0060;SRC-0062,yes,high,by field default:跨作品连接;内容为ID列表,USER_REVIEW_BATCH,USER_REVIEW_HIGH_JUDGMENT,STILL_VALID,candidate remains useful after current-main rebase
V1-ENT-0115,author,literary_features,user_review,HIGH_JUDGMENT_USER_REQUIRED,V1-FCT-0179;V1-FCT-0181;V1-FCT-0182;V1-FCT-0183;V1-REL-0062;V1-REL-0064,SRC-0050;SRC-0052;SRC-0054;SRC-0055;SRC-0060;SRC-0062,yes,high,by field default:策展判断,USER_REVIEW_BATCH,USER_REVIEW_HIGH_JUDGMENT,STILL_VALID,candidate remains useful after current-main rebase
V1-ENT-0115,author,literary_profile,user_review,HIGH_JUDGMENT_USER_REQUIRED,V1-FCT-0179;V1-FCT-0181;V1-FCT-0182;V1-FCT-0183;V1-REL-0062;V1-REL-0064,SRC-0050;SRC-0052;SRC-0054;SRC-0055;SRC-0060;SRC-0062,yes,high,by field default:文学概括,USER_REVIEW_BATCH,USER_REVIEW_HIGH_JUDGMENT,STILL_VALID,candidate remains useful after current-main rebase
V1-ENT-0115,author,reader_lede,user_review,DUPLICATE_OR_REDUNDANT,V1-FCT-0179;V1-FCT-0181;V1-FCT-0182;V1-FCT-0183;V1-REL-0062;V1-REL-0064,SRC-0050;SRC-0052;SRC-0054;SRC-0055;SRC-0060;SRC-0062,yes,high,与literary_profile同文,DEDUP_MERGE,USER_REVIEW_HIGH_JUDGMENT,DUPLICATE,external duplicate classification retained
V1-ENT-0145,author,core_themes,user_review,HIGH_JUDGMENT_USER_REQUIRED,V1-FCT-0260;V1-FCT-0261;V1-FCT-0262;V1-FCT-0263;V1-REL-0077;V1-REL-0078;V1-REL-0101,SRC-0087;SRC-0088;SRC-0128,yes,high,by field default:主题归纳,USER_REVIEW_BATCH,PUBLIC_BASIC,STILL_VALID,candidate remains useful after current-main rebase
V1-ENT-0145,author,guiding_question,user_review,HIGH_JUDGMENT_USER_REQUIRED,V1-FCT-0260;V1-FCT-0261;V1-FCT-0262;V1-FCT-0263;V1-REL-0077;V1-REL-0078;V1-REL-0101,SRC-0087;SRC-0088;SRC-0128,yes,high,by field default:引导问题阐释框架,USER_REVIEW_BATCH,PUBLIC_BASIC,STILL_VALID,candidate remains useful after current-main rebase
V1-ENT-0145,author,literary_connections,user_review,HIGH_JUDGMENT_USER_REQUIRED,V1-FCT-0260;V1-FCT-0261;V1-FCT-0262;V1-FCT-0263;V1-REL-0077;V1-REL-0078;V1-REL-0101,SRC-0087;SRC-0088;SRC-0128,yes,high,by field default:跨作品连接;内容为ID列表,USER_REVIEW_BATCH,PUBLIC_BASIC,STILL_VALID,candidate remains useful after current-main rebase
V1-ENT-0145,author,literary_profile,user_review,HIGH_JUDGMENT_USER_REQUIRED,V1-FCT-0260;V1-FCT-0261;V1-FCT-0262;V1-FCT-0263;V1-REL-0077;V1-REL-0078;V1-REL-0101,SRC-0087;SRC-0088;SRC-0128,yes,high,by field default:文学概括,USER_REVIEW_BATCH,PUBLIC_BASIC,STILL_VALID,candidate remains useful after current-main rebase
V1-ENT-0145,author,reader_fit,user_review,HIGH_JUDGMENT_USER_REQUIRED,V1-FCT-0260;V1-FCT-0261;V1-FCT-0262;V1-FCT-0263;V1-REL-0077;V1-REL-0078;V1-REL-0101,SRC-0087;SRC-0088;SRC-0128,yes,high,by field default:读者适配判断,USER_REVIEW_BATCH,PUBLIC_BASIC,STILL_VALID,candidate remains useful after current-main rebase
V1-ENT-0145,author,reading_route,user_review,HIGH_JUDGMENT_USER_REQUIRED,V1-FCT-0260;V1-FCT-0261;V1-FCT-0262;V1-FCT-0263;V1-REL-0077;V1-REL-0078;V1-REL-0101,SRC-0087;SRC-0088;SRC-0128,yes,high,by field default:阅读路线排序,USER_REVIEW_BATCH,PUBLIC_BASIC,STILL_VALID,candidate remains useful after current-main rebase
V1-ENT-0145,author,signature_keywords,user_review,LOW_JUDGMENT_EVIDENCE_SUFFICIENT,V1-FCT-0260;V1-FCT-0261;V1-FCT-0262;V1-FCT-0263;V1-REL-0077;V1-REL-0078;V1-REL-0101,SRC-0087;SRC-0088;SRC-0128,yes,low,by field default:展示标签,USER_REVIEW_BATCH,PUBLIC_BASIC,CONFLICT_WITH_CURRENT_CURATION,field is high judgment under current validator
V1-ENT-0145,author,start_here,user_review,HIGH_JUDGMENT_USER_REQUIRED,V1-FCT-0260;V1-FCT-0261;V1-FCT-0262;V1-FCT-0263;V1-REL-0077;V1-REL-0078;V1-REL-0101,SRC-0087;SRC-0088;SRC-0128,yes,high,by field default:最佳入门排序,USER_REVIEW_BATCH,PUBLIC_BASIC,STILL_VALID,candidate remains useful after current-main rebase
V1-ENT-0145,author,why_know,user_review,HIGH_JUDGMENT_USER_REQUIRED,V1-FCT-0260;V1-FCT-0261;V1-FCT-0262;V1-FCT-0263;V1-REL-0077;V1-REL-0078;V1-REL-0101,SRC-0087;SRC-0088;SRC-0128,yes,high,by field default:入门路径推荐,USER_REVIEW_BATCH,PUBLIC_BASIC,STILL_VALID,candidate remains useful after current-main rebase
V1-ENT-0148,author,core_themes,user_review,HIGH_JUDGMENT_USER_REQUIRED,V1-FCT-0274;V1-FCT-0275;V1-FCT-0276;V1-FCT-0278;V1-FCT-0279;V1-FCT-0280;V1-FCT-0281;V1-FCT-0282;V1-FCT-0283;V1-FCT-02...,SRC-0096;SRC-0097,yes,high,by field default:主题归纳,USER_REVIEW_BATCH,PUBLIC_BASIC,STILL_VALID,candidate remains useful after current-main rebase
V1-ENT-0148,author,guiding_question,user_review,HIGH_JUDGMENT_USER_REQUIRED,V1-FCT-0274;V1-FCT-0275;V1-FCT-0276;V1-FCT-0278;V1-FCT-0279;V1-FCT-0280;V1-FCT-0281;V1-FCT-0282;V1-FCT-0283;V1-FCT-02...,SRC-0096;SRC-0097,yes,high,by field default:引导问题阐释框架,USER_REVIEW_BATCH,PUBLIC_BASIC,STILL_VALID,candidate remains useful after current-main rebase
V1-ENT-0148,author,literary_connections,user_review,HIGH_JUDGMENT_USER_REQUIRED,V1-FCT-0274;V1-FCT-0275;V1-FCT-0276;V1-FCT-0278;V1-FCT-0279;V1-FCT-0280;V1-FCT-0281;V1-FCT-0282;V1-FCT-0283;V1-FCT-02...,SRC-0096;SRC-0097,yes,high,by field default:跨作品连接;内容为ID列表,USER_REVIEW_BATCH,PUBLIC_BASIC,STILL_VALID,candidate remains useful after current-main rebase
V1-ENT-0148,author,literary_profile,user_review,HIGH_JUDGMENT_USER_REQUIRED,V1-FCT-0274;V1-FCT-0275;V1-FCT-0276;V1-FCT-0278;V1-FCT-0279;V1-FCT-0280;V1-FCT-0281;V1-FCT-0282;V1-FCT-0283;V1-FCT-02...,SRC-0096;SRC-0097,yes,high,by field default:文学概括,USER_REVIEW_BATCH,PUBLIC_BASIC,STILL_VALID,candidate remains useful after current-main rebase
V1-ENT-0148,author,reader_fit,user_review,HIGH_JUDGMENT_USER_REQUIRED,V1-FCT-0274;V1-FCT-0275;V1-FCT-0276;V1-FCT-0278;V1-FCT-0279;V1-FCT-0280;V1-FCT-0281;V1-FCT-0282;V1-FCT-0283;V1-FCT-02...,SRC-0096;SRC-0097,yes,high,by field default:读者适配判断,USER_REVIEW_BATCH,PUBLIC_BASIC,STILL_VALID,candidate remains useful after current-main rebase
V1-ENT-0148,author,reading_route,user_review,HIGH_JUDGMENT_USER_REQUIRED,V1-FCT-0274;V1-FCT-0275;V1-FCT-0276;V1-FCT-0278;V1-FCT-0279;V1-FCT-0280;V1-FCT-0281;V1-FCT-0282;V1-FCT-0283;V1-FCT-02...,SRC-0096;SRC-0097,yes,high,by field default:阅读路线排序,USER_REVIEW_BATCH,PUBLIC_BASIC,STILL_VALID,candidate remains useful after current-main rebase
V1-ENT-0148,author,signature_keywords,user_review,LOW_JUDGMENT_EVIDENCE_SUFFICIENT,V1-FCT-0274;V1-FCT-0275;V1-FCT-0276;V1-FCT-0278;V1-FCT-0279;V1-FCT-0280;V1-FCT-0281;V1-FCT-0282;V1-FCT-0283;V1-FCT-02...,SRC-0096;SRC-0097,yes,low,by field default:展示标签,USER_REVIEW_BATCH,PUBLIC_BASIC,CONFLICT_WITH_CURRENT_CURATION,field is high judgment under current validator
V1-ENT-0148,author,start_here,user_review,HIGH_JUDGMENT_USER_REQUIRED,V1-FCT-0274;V1-FCT-0275;V1-FCT-0276;V1-FCT-0278;V1-FCT-0279;V1-FCT-0280;V1-FCT-0281;V1-FCT-0282;V1-FCT-0283;V1-FCT-02...,SRC-0096;SRC-0097,yes,high,by field default:最佳入门排序,USER_REVIEW_BATCH,PUBLIC_BASIC,STILL_VALID,candidate remains useful after current-main rebase
V1-ENT-0148,author,why_know,user_review,HIGH_JUDGMENT_USER_REQUIRED,V1-FCT-0274;V1-FCT-0275;V1-FCT-0276;V1-FCT-0278;V1-FCT-0279;V1-FCT-0280;V1-FCT-0281;V1-FCT-0282;V1-FCT-0283;V1-FCT-02...,SRC-0096;SRC-0097,yes,high,by field default:入门路径推荐,USER_REVIEW_BATCH,PUBLIC_BASIC,STILL_VALID,candidate remains useful after current-main rebase
V1-ENT-0170,author,core_themes,user_review,HIGH_JUDGMENT_USER_REQUIRED,V1-FCT-0355;V1-FCT-0356;V1-FCT-0357;V1-FCT-0359;V1-REL-0112,SRC-0130,yes,high,by field default:主题归纳,USER_REVIEW_BATCH,PUBLIC_BIBLIOGRAPHIC_COPY,STILL_VALID,candidate remains useful after current-main rebase
V1-ENT-0170,author,guiding_question,user_review,HIGH_JUDGMENT_USER_REQUIRED,V1-FCT-0355;V1-FCT-0356;V1-FCT-0357;V1-FCT-0359;V1-REL-0112,SRC-0130,yes,high,by field default:引导问题阐释框架,USER_REVIEW_BATCH,PUBLIC_BIBLIOGRAPHIC_COPY,STILL_VALID,candidate remains useful after current-main rebase
V1-ENT-0170,author,literary_connections,user_review,HIGH_JUDGMENT_USER_REQUIRED,V1-FCT-0355;V1-FCT-0356;V1-FCT-0357;V1-FCT-0359;V1-REL-0112,SRC-0130,yes,high,by field default:跨作品连接;内容为ID列表,USER_REVIEW_BATCH,PUBLIC_BIBLIOGRAPHIC_COPY,STILL_VALID,candidate remains useful after current-main rebase
V1-ENT-0170,author,literary_profile,user_review,TEMPLATE_REWRITE_REQUIRED,V1-FCT-0355;V1-FCT-0356;V1-FCT-0357;V1-FCT-0359;V1-REL-0112,SRC-0130,yes,high,"模板句标记:书目列出,列出《",REWRITE_PIPELINE,PUBLIC_BIBLIOGRAPHIC_COPY,STILL_VALID,candidate remains useful after current-main rebase
V1-ENT-0170,author,reader_fit,user_review,HIGH_JUDGMENT_USER_REQUIRED,V1-FCT-0355;V1-FCT-0356;V1-FCT-0357;V1-FCT-0359;V1-REL-0112,SRC-0130,yes,high,by field default:读者适配判断,USER_REVIEW_BATCH,PUBLIC_BIBLIOGRAPHIC_COPY,STILL_VALID,candidate remains useful after current-main rebase
V1-ENT-0170,author,reading_route,user_review,HIGH_JUDGMENT_USER_REQUIRED,V1-FCT-0355;V1-FCT-0356;V1-FCT-0357;V1-FCT-0359;V1-REL-0112,SRC-0130,yes,high,by field default:阅读路线排序,USER_REVIEW_BATCH,PUBLIC_BIBLIOGRAPHIC_COPY,STILL_VALID,candidate remains useful after current-main rebase
V1-ENT-0170,author,signature_keywords,user_review,LOW_JUDGMENT_EVIDENCE_SUFFICIENT,V1-FCT-0355;V1-FCT-0356;V1-FCT-0357;V1-FCT-0359;V1-REL-0112,SRC-0130,yes,low,by field default:展示标签,USER_REVIEW_BATCH,PUBLIC_BIBLIOGRAPHIC_COPY,CONFLICT_WITH_CURRENT_CURATION,field is high judgment under current validator
V1-ENT-0170,author,start_here,user_review,TEMPLATE_REWRITE_REQUIRED,V1-FCT-0355;V1-FCT-0356;V1-FCT-0357;V1-FCT-0359;V1-REL-0112,SRC-0130,yes,high,模板/书目转写:书目转写句式,REWRITE_PIPELINE,PUBLIC_BIBLIOGRAPHIC_COPY,STILL_VALID,candidate remains useful after current-main rebase
V1-ENT-0170,author,why_know,user_review,TEMPLATE_REWRITE_REQUIRED,V1-FCT-0355;V1-FCT-0356;V1-FCT-0357;V1-FCT-0359;V1-REL-0112,SRC-0130,yes,high,"模板句标记:本批,可回溯",REWRITE_PIPELINE,PUBLIC_BIBLIOGRAPHIC_COPY,STILL_VALID,candidate remains useful after current-main rebase
V1-ENT-0171,author,core_themes,user_review,TEMPLATE_REWRITE_REQUIRED,V1-FCT-0369;V1-FCT-0370;V1-FCT-0371;V1-REL-0113,SRC-0134,yes,high,模板句标记:不把,REWRITE_PIPELINE,PUBLIC_BIBLIOGRAPHIC_COPY,STILL_VALID,candidate remains useful after current-main rebase
V1-ENT-0171,author,guiding_question,user_review,HIGH_JUDGMENT_USER_REQUIRED,V1-FCT-0369;V1-FCT-0370;V1-FCT-0371;V1-REL-0113,SRC-0134,yes,high,by field default:引导问题阐释框架,USER_REVIEW_BATCH,PUBLIC_BIBLIOGRAPHIC_COPY,STILL_VALID,candidate remains useful after current-main rebase
V1-ENT-0171,author,literary_connections,user_review,HIGH_JUDGMENT_USER_REQUIRED,V1-FCT-0369;V1-FCT-0370;V1-FCT-0371;V1-REL-0113,SRC-0134,yes,high,by field default:跨作品连接;内容为ID列表,USER_REVIEW_BATCH,PUBLIC_BIBLIOGRAPHIC_COPY,STILL_VALID,candidate remains useful after current-main rebase
V1-ENT-0171,author,literary_profile,user_review,HIGH_JUDGMENT_USER_REQUIRED,V1-FCT-0369;V1-FCT-0370;V1-FCT-0371;V1-REL-0113,SRC-0134,yes,high,by field default:文学概括,USER_REVIEW_BATCH,PUBLIC_BIBLIOGRAPHIC_COPY,STILL_VALID,candidate remains useful after current-main rebase
V1-ENT-0171,author,reader_fit,user_review,HIGH_JUDGMENT_USER_REQUIRED,V1-FCT-0369;V1-FCT-0370;V1-FCT-0371;V1-REL-0113,SRC-0134,yes,high,by field default:读者适配判断,USER_REVIEW_BATCH,PUBLIC_BIBLIOGRAPHIC_COPY,STILL_VALID,candidate remains useful after current-main rebase
V1-ENT-0171,author,reading_route,user_review,HIGH_JUDGMENT_USER_REQUIRED,V1-FCT-0369;V1-FCT-0370;V1-FCT-0371;V1-REL-0113,SRC-0134,yes,high,by field default:阅读路线排序,USER_REVIEW_BATCH,PUBLIC_BIBLIOGRAPHIC_COPY,STILL_VALID,candidate remains useful after current-main rebase
V1-ENT-0171,author,signature_keywords,user_review,LOW_JUDGMENT_EVIDENCE_SUFFICIENT,V1-FCT-0369;V1-FCT-0370;V1-FCT-0371;V1-REL-0113,SRC-0134,yes,low,by field default:展示标签,USER_REVIEW_BATCH,PUBLIC_BIBLIOGRAPHIC_COPY,CONFLICT_WITH_CURRENT_CURATION,field is high judgment under current validator
V1-ENT-0171,author,start_here,user_review,HIGH_JUDGMENT_USER_REQUIRED,V1-FCT-0369;V1-FCT-0370;V1-FCT-0371;V1-REL-0113,SRC-0134,yes,high,by field default:最佳入门排序,USER_REVIEW_BATCH,PUBLIC_BIBLIOGRAPHIC_COPY,STILL_VALID,candidate remains useful after current-main rebase
V1-ENT-0171,author,why_know,user_review,TEMPLATE_REWRITE_REQUIRED,V1-FCT-0369;V1-FCT-0370;V1-FCT-0371;V1-REL-0113,SRC-0134,yes,high,模板句标记:本批,REWRITE_PIPELINE,PUBLIC_BIBLIOGRAPHIC_COPY,STILL_VALID,candidate remains useful after current-main rebase
V1-ENT-0172,author,core_themes,user_review,TEMPLATE_REWRITE_REQUIRED,V1-FCT-0382;V1-FCT-0383;V1-FCT-0384;V1-FCT-0385;V1-FCT-0386;V1-REL-0114,SRC-0138;SRC-0139,yes,high,"模板句标记:本批,可回溯",REWRITE_PIPELINE,PUBLIC_BASIC,STILL_VALID,candidate remains useful after current-main rebase
V1-ENT-0172,author,guiding_question,user_review,HIGH_JUDGMENT_USER_REQUIRED,V1-FCT-0382;V1-FCT-0383;V1-FCT-0384;V1-FCT-0385;V1-FCT-0386;V1-REL-0114,SRC-0138;SRC-0139,yes,high,by field default:引导问题阐释框架,USER_REVIEW_BATCH,PUBLIC_BASIC,STILL_VALID,candidate remains useful after current-main rebase
V1-ENT-0172,author,literary_connections,user_review,HIGH_JUDGMENT_USER_REQUIRED,V1-FCT-0382;V1-FCT-0383;V1-FCT-0384;V1-FCT-0385;V1-FCT-0386;V1-REL-0114,SRC-0138;SRC-0139,yes,high,by field default:跨作品连接;内容为ID列表,USER_REVIEW_BATCH,PUBLIC_BASIC,STILL_VALID,candidate remains useful after current-main rebase
V1-ENT-0172,author,literary_profile,user_review,TEMPLATE_REWRITE_REQUIRED,V1-FCT-0382;V1-FCT-0383;V1-FCT-0384;V1-FCT-0385;V1-FCT-0386;V1-REL-0114,SRC-0138;SRC-0139,yes,high,"模板句标记:书目列出,列出《",REWRITE_PIPELINE,PUBLIC_BASIC,STILL_VALID,candidate remains useful after current-main rebase
V1-ENT-0172,author,reader_fit,user_review,TEMPLATE_REWRITE_REQUIRED,V1-FCT-0382;V1-FCT-0383;V1-FCT-0384;V1-FCT-0385;V1-FCT-0386;V1-REL-0114,SRC-0138;SRC-0139,yes,high,模板/书目转写:书目入口,REWRITE_PIPELINE,PUBLIC_BASIC,STILL_VALID,candidate remains useful after current-main rebase
V1-ENT-0172,author,reading_route,user_review,HIGH_JUDGMENT_USER_REQUIRED,V1-FCT-0382;V1-FCT-0383;V1-FCT-0384;V1-FCT-0385;V1-FCT-0386;V1-REL-0114,SRC-0138;SRC-0139,yes,high,by field default:阅读路线排序,USER_REVIEW_BATCH,PUBLIC_BASIC,STILL_VALID,candidate remains useful after current-main rebase
V1-ENT-0172,author,signature_keywords,user_review,LOW_JUDGMENT_EVIDENCE_SUFFICIENT,V1-FCT-0382;V1-FCT-0383;V1-FCT-0384;V1-FCT-0385;V1-FCT-0386;V1-REL-0114,SRC-0138;SRC-0139,yes,low,by field default:展示标签,USER_REVIEW_BATCH,PUBLIC_BASIC,CONFLICT_WITH_CURRENT_CURATION,field is high judgment under current validator
V1-ENT-0172,author,start_here,user_review,TEMPLATE_REWRITE_REQUIRED,V1-FCT-0382;V1-FCT-0383;V1-FCT-0384;V1-FCT-0385;V1-FCT-0386;V1-REL-0114,SRC-0138;SRC-0139,yes,high,模板/书目转写:书目转写句式,REWRITE_PIPELINE,PUBLIC_BASIC,STILL_VALID,candidate remains useful after current-main rebase
V1-ENT-0172,author,why_know,user_review,TEMPLATE_REWRITE_REQUIRED,V1-FCT-0382;V1-FCT-0383;V1-FCT-0384;V1-FCT-0385;V1-FCT-0386;V1-REL-0114,SRC-0138;SRC-0139,yes,high,"模板句标记:本批,可回溯",REWRITE_PIPELINE,PUBLIC_BASIC,STILL_VALID,candidate remains useful after current-main rebase
V1-ENT-0184,author,core_themes,user_review,HIGH_JUDGMENT_USER_REQUIRED,V1-FCT-0396;V1-FCT-0397;V1-FCT-0398;V1-FCT-0399;V1-FCT-0400;V1-REL-0115;V1-REL-0116;V1-REL-0117;V1-REL-0124,SRC-0141;SRC-0142;SRC-0143,yes,high,by field default:主题归纳,USER_REVIEW_BATCH,PUBLIC_BIBLIOGRAPHIC_COPY,STILL_VALID,candidate remains useful after current-main rebase
V1-ENT-0184,author,guiding_question,user_review,HIGH_JUDGMENT_USER_REQUIRED,V1-FCT-0396;V1-FCT-0397;V1-FCT-0398;V1-FCT-0399;V1-FCT-0400;V1-REL-0115;V1-REL-0116;V1-REL-0117;V1-REL-0124,SRC-0141;SRC-0142;SRC-0143,yes,high,by field default:引导问题阐释框架,USER_REVIEW_BATCH,PUBLIC_BIBLIOGRAPHIC_COPY,STILL_VALID,candidate remains useful after current-main rebase
V1-ENT-0184,author,literary_connections,user_review,HIGH_JUDGMENT_USER_REQUIRED,V1-FCT-0396;V1-FCT-0397;V1-FCT-0398;V1-FCT-0399;V1-FCT-0400;V1-REL-0115;V1-REL-0116;V1-REL-0117;V1-REL-0124,SRC-0141;SRC-0142;SRC-0143,yes,high,by field default:跨作品连接;内容为ID列表,USER_REVIEW_BATCH,PUBLIC_BIBLIOGRAPHIC_COPY,STILL_VALID,candidate remains useful after current-main rebase
V1-ENT-0184,author,literary_profile,user_review,TEMPLATE_REWRITE_REQUIRED,V1-FCT-0396;V1-FCT-0397;V1-FCT-0398;V1-FCT-0399;V1-FCT-0400;V1-REL-0115;V1-REL-0116;V1-REL-0117;V1-REL-0124,SRC-0141;SRC-0142;SRC-0143,yes,high,"模板句标记:书目列出,列出《",REWRITE_PIPELINE,PUBLIC_BIBLIOGRAPHIC_COPY,STILL_VALID,candidate remains useful after current-main rebase
V1-ENT-0184,author,reader_fit,user_review,TEMPLATE_REWRITE_REQUIRED,V1-FCT-0396;V1-FCT-0397;V1-FCT-0398;V1-FCT-0399;V1-FCT-0400;V1-REL-0115;V1-REL-0116;V1-REL-0117;V1-REL-0124,SRC-0141;SRC-0142;SRC-0143,yes,high,模板句标记:可回溯,REWRITE_PIPELINE,PUBLIC_BIBLIOGRAPHIC_COPY,STILL_VALID,candidate remains useful after current-main rebase
V1-ENT-0184,author,reading_route,user_review,HIGH_JUDGMENT_USER_REQUIRED,V1-FCT-0396;V1-FCT-0397;V1-FCT-0398;V1-FCT-0399;V1-FCT-0400;V1-REL-0115;V1-REL-0116;V1-REL-0117;V1-REL-0124,SRC-0141;SRC-0142;SRC-0143,yes,high,by field default:阅读路线排序,USER_REVIEW_BATCH,PUBLIC_BIBLIOGRAPHIC_COPY,STILL_VALID,candidate remains useful after current-main rebase
V1-ENT-0184,author,signature_keywords,user_review,TEMPLATE_REWRITE_REQUIRED,V1-FCT-0396;V1-FCT-0397;V1-FCT-0398;V1-FCT-0399;V1-FCT-0400;V1-REL-0115;V1-REL-0116;V1-REL-0117;V1-REL-0124,SRC-0141;SRC-0142;SRC-0143,yes,low,模板/书目转写:书目时间线,REWRITE_PIPELINE,PUBLIC_BIBLIOGRAPHIC_COPY,STILL_VALID,candidate remains useful after current-main rebase
V1-ENT-0184,author,start_here,user_review,TEMPLATE_REWRITE_REQUIRED,V1-FCT-0396;V1-FCT-0397;V1-FCT-0398;V1-FCT-0399;V1-FCT-0400;V1-REL-0115;V1-REL-0116;V1-REL-0117;V1-REL-0124,SRC-0141;SRC-0142;SRC-0143,yes,high,模板句标记:书目列出,REWRITE_PIPELINE,PUBLIC_BIBLIOGRAPHIC_COPY,STILL_VALID,candidate remains useful after current-main rebase
V1-ENT-0184,author,why_know,user_review,TEMPLATE_REWRITE_REQUIRED,V1-FCT-0396;V1-FCT-0397;V1-FCT-0398;V1-FCT-0399;V1-FCT-0400;V1-REL-0115;V1-REL-0116;V1-REL-0117;V1-REL-0124,SRC-0141;SRC-0142;SRC-0143,yes,high,模板句标记:本批,REWRITE_PIPELINE,PUBLIC_BIBLIOGRAPHIC_COPY,STILL_VALID,candidate remains useful after current-main rebase
V1-ENT-0185,author,core_themes,user_review,HIGH_JUDGMENT_USER_REQUIRED,V1-FCT-0410;V1-FCT-0411;V1-FCT-0412;V1-FCT-0413;V1-REL-0118;V1-REL-0119;V1-REL-0120;V1-REL-0125,SRC-0144;SRC-0145;SRC-0146;SRC-0147,yes,high,by field default:主题归纳,USER_REVIEW_BATCH,PUBLIC_BASIC,STILL_VALID,candidate remains useful after current-main rebase
V1-ENT-0185,author,literary_connections,user_review,HIGH_JUDGMENT_USER_REQUIRED,V1-FCT-0410;V1-FCT-0411;V1-FCT-0412;V1-FCT-0413;V1-REL-0118;V1-REL-0119;V1-REL-0120;V1-REL-0125,SRC-0144;SRC-0145;SRC-0146;SRC-0147,yes,high,by field default:跨作品连接;内容为ID列表,USER_REVIEW_BATCH,PUBLIC_BASIC,STILL_VALID,candidate remains useful after current-main rebase
V1-ENT-0185,author,literary_profile,user_review,HIGH_JUDGMENT_USER_REQUIRED,V1-FCT-0410;V1-FCT-0411;V1-FCT-0412;V1-FCT-0413;V1-REL-0118;V1-REL-0119;V1-REL-0120;V1-REL-0125,SRC-0144;SRC-0145;SRC-0146;SRC-0147,yes,high,by field default:文学概括,USER_REVIEW_BATCH,PUBLIC_BASIC,STILL_VALID,candidate remains useful after current-main rebase
V1-ENT-0185,author,reader_fit,user_review,HIGH_JUDGMENT_USER_REQUIRED,V1-FCT-0410;V1-FCT-0411;V1-FCT-0412;V1-FCT-0413;V1-REL-0118;V1-REL-0119;V1-REL-0120;V1-REL-0125,SRC-0144;SRC-0145;SRC-0146;SRC-0147,yes,high,by field default:读者适配判断,USER_REVIEW_BATCH,PUBLIC_BASIC,STILL_VALID,candidate remains useful after current-main rebase
V1-ENT-0185,author,reading_route,user_review,HIGH_JUDGMENT_USER_REQUIRED,V1-FCT-0410;V1-FCT-0411;V1-FCT-0412;V1-FCT-0413;V1-REL-0118;V1-REL-0119;V1-REL-0120;V1-REL-0125,SRC-0144;SRC-0145;SRC-0146;SRC-0147,yes,high,by field default:阅读路线排序,USER_REVIEW_BATCH,PUBLIC_BASIC,STILL_VALID,candidate remains useful after current-main rebase
V1-ENT-0185,author,signature_keywords,user_review,LOW_JUDGMENT_EVIDENCE_SUFFICIENT,V1-FCT-0410;V1-FCT-0411;V1-FCT-0412;V1-FCT-0413;V1-REL-0118;V1-REL-0119;V1-REL-0120;V1-REL-0125,SRC-0144;SRC-0145;SRC-0146;SRC-0147,yes,low,by field default:展示标签,USER_REVIEW_BATCH,PUBLIC_BASIC,CONFLICT_WITH_CURRENT_CURATION,field is high judgment under current validator
V1-ENT-0185,author,start_here,user_review,HIGH_JUDGMENT_USER_REQUIRED,V1-FCT-0410;V1-FCT-0411;V1-FCT-0412;V1-FCT-0413;V1-REL-0118;V1-REL-0119;V1-REL-0120;V1-REL-0125,SRC-0144;SRC-0145;SRC-0146;SRC-0147,yes,high,by field default:最佳入门排序,USER_REVIEW_BATCH,PUBLIC_BASIC,STILL_VALID,candidate remains useful after current-main rebase
V1-ENT-0185,author,why_know,user_review,TEMPLATE_REWRITE_REQUIRED,V1-FCT-0410;V1-FCT-0411;V1-FCT-0412;V1-FCT-0413;V1-REL-0118;V1-REL-0119;V1-REL-0120;V1-REL-0125,SRC-0144;SRC-0145;SRC-0146;SRC-0147,yes,high,模板句标记:本批,REWRITE_PIPELINE,PUBLIC_BASIC,STILL_VALID,candidate remains useful after current-main rebase
V1-ENT-0186,author,core_themes,user_review,HIGH_JUDGMENT_USER_REQUIRED,V1-FCT-0423;V1-FCT-0424;V1-FCT-0425;V1-FCT-0426;V1-FCT-0427;V1-REL-0121;V1-REL-0122;V1-REL-0123;V1-REL-0126,SRC-0148;SRC-0149;SRC-0150,yes,high,by field default:主题归纳,USER_REVIEW_BATCH,PUBLIC_BIBLIOGRAPHIC_COPY,STILL_VALID,candidate remains useful after current-main rebase
V1-ENT-0186,author,guiding_question,user_review,TEMPLATE_REWRITE_REQUIRED,V1-FCT-0423;V1-FCT-0424;V1-FCT-0425;V1-FCT-0426;V1-FCT-0427;V1-REL-0121;V1-REL-0122;V1-REL-0123;V1-REL-0126,SRC-0148;SRC-0149;SRC-0150,yes,high,模板/书目转写:分开阅读,REWRITE_PIPELINE,PUBLIC_BIBLIOGRAPHIC_COPY,STILL_VALID,candidate remains useful after current-main rebase
V1-ENT-0186,author,literary_connections,user_review,HIGH_JUDGMENT_USER_REQUIRED,V1-FCT-0423;V1-FCT-0424;V1-FCT-0425;V1-FCT-0426;V1-FCT-0427;V1-REL-0121;V1-REL-0122;V1-REL-0123;V1-REL-0126,SRC-0148;SRC-0149;SRC-0150,yes,high,by field default:跨作品连接;内容为ID列表,USER_REVIEW_BATCH,PUBLIC_BIBLIOGRAPHIC_COPY,STILL_VALID,candidate remains useful after current-main rebase
V1-ENT-0186,author,literary_profile,user_review,TEMPLATE_REWRITE_REQUIRED,V1-FCT-0423;V1-FCT-0424;V1-FCT-0425;V1-FCT-0426;V1-FCT-0427;V1-REL-0121;V1-REL-0122;V1-REL-0123;V1-REL-0126,SRC-0148;SRC-0149;SRC-0150,yes,high,模板句标记:列出《,REWRITE_PIPELINE,PUBLIC_BIBLIOGRAPHIC_COPY,STILL_VALID,candidate remains useful after current-main rebase
V1-ENT-0186,author,reader_fit,user_review,HIGH_JUDGMENT_USER_REQUIRED,V1-FCT-0423;V1-FCT-0424;V1-FCT-0425;V1-FCT-0426;V1-FCT-0427;V1-REL-0121;V1-REL-0122;V1-REL-0123;V1-REL-0126,SRC-0148;SRC-0149;SRC-0150,yes,high,by field default:读者适配判断,USER_REVIEW_BATCH,PUBLIC_BIBLIOGRAPHIC_COPY,STILL_VALID,candidate remains useful after current-main rebase
V1-ENT-0186,author,reading_route,user_review,HIGH_JUDGMENT_USER_REQUIRED,V1-FCT-0423;V1-FCT-0424;V1-FCT-0425;V1-FCT-0426;V1-FCT-0427;V1-REL-0121;V1-REL-0122;V1-REL-0123;V1-REL-0126,SRC-0148;SRC-0149;SRC-0150,yes,high,by field default:阅读路线排序,USER_REVIEW_BATCH,PUBLIC_BIBLIOGRAPHIC_COPY,STILL_VALID,candidate remains useful after current-main rebase
V1-ENT-0186,author,signature_keywords,user_review,LOW_JUDGMENT_EVIDENCE_SUFFICIENT,V1-FCT-0423;V1-FCT-0424;V1-FCT-0425;V1-FCT-0426;V1-FCT-0427;V1-REL-0121;V1-REL-0122;V1-REL-0123;V1-REL-0126,SRC-0148;SRC-0149;SRC-0150,yes,low,by field default:展示标签,USER_REVIEW_BATCH,PUBLIC_BIBLIOGRAPHIC_COPY,CONFLICT_WITH_CURRENT_CURATION,field is high judgment under current validator
V1-ENT-0186,author,start_here,user_review,HIGH_JUDGMENT_USER_REQUIRED,V1-FCT-0423;V1-FCT-0424;V1-FCT-0425;V1-FCT-0426;V1-FCT-0427;V1-REL-0121;V1-REL-0122;V1-REL-0123;V1-REL-0126,SRC-0148;SRC-0149;SRC-0150,yes,high,by field default:最佳入门排序,USER_REVIEW_BATCH,PUBLIC_BIBLIOGRAPHIC_COPY,STILL_VALID,candidate remains useful after current-main rebase
V1-ENT-0186,author,why_know,user_review,TEMPLATE_REWRITE_REQUIRED,V1-FCT-0423;V1-FCT-0424;V1-FCT-0425;V1-FCT-0426;V1-FCT-0427;V1-REL-0121;V1-REL-0122;V1-REL-0123;V1-REL-0126,SRC-0148;SRC-0149;SRC-0150,yes,high,模板句标记:本批,REWRITE_PIPELINE,PUBLIC_BIBLIOGRAPHIC_COPY,STILL_VALID,candidate remains useful after current-main rebase
V1-ENT-0198,author,core_themes,user_review,TEMPLATE_REWRITE_REQUIRED,V1-FCT-0437;V1-FCT-0438;V1-FCT-0439;V1-FCT-0440;V1-FCT-0441;V1-REL-0128;V1-REL-0129;V1-REL-0130;V1-REL-0137,SRC-0153;SRC-0154,yes,high,"模板句标记:本批,可回溯",REWRITE_PIPELINE,PUBLIC_BIBLIOGRAPHIC_COPY,STILL_VALID,candidate remains useful after current-main rebase
V1-ENT-0198,author,literary_connections,user_review,HIGH_JUDGMENT_USER_REQUIRED,V1-FCT-0437;V1-FCT-0438;V1-FCT-0439;V1-FCT-0440;V1-FCT-0441;V1-REL-0128;V1-REL-0129;V1-REL-0130;V1-REL-0137,SRC-0153;SRC-0154,yes,high,by field default:跨作品连接;内容为ID列表,USER_REVIEW_BATCH,PUBLIC_BIBLIOGRAPHIC_COPY,STILL_VALID,candidate remains useful after current-main rebase
V1-ENT-0198,author,literary_profile,user_review,TEMPLATE_REWRITE_REQUIRED,V1-FCT-0437;V1-FCT-0438;V1-FCT-0439;V1-FCT-0440;V1-FCT-0441;V1-REL-0128;V1-REL-0129;V1-REL-0130;V1-REL-0137,SRC-0153;SRC-0154,yes,high,模板句标记:列出《,REWRITE_PIPELINE,PUBLIC_BIBLIOGRAPHIC_COPY,STILL_VALID,candidate remains useful after current-main rebase
V1-ENT-0198,author,reader_fit,user_review,HIGH_JUDGMENT_USER_REQUIRED,V1-FCT-0437;V1-FCT-0438;V1-FCT-0439;V1-FCT-0440;V1-FCT-0441;V1-REL-0128;V1-REL-0129;V1-REL-0130;V1-REL-0137,SRC-0153;SRC-0154,yes,high,by field default:读者适配判断,USER_REVIEW_BATCH,PUBLIC_BIBLIOGRAPHIC_COPY,STILL_VALID,candidate remains useful after current-main rebase
V1-ENT-0198,author,reading_route,user_review,HIGH_JUDGMENT_USER_REQUIRED,V1-FCT-0437;V1-FCT-0438;V1-FCT-0439;V1-FCT-0440;V1-FCT-0441;V1-REL-0128;V1-REL-0129;V1-REL-0130;V1-REL-0137,SRC-0153;SRC-0154,yes,high,by field default:阅读路线排序,USER_REVIEW_BATCH,PUBLIC_BIBLIOGRAPHIC_COPY,STILL_VALID,candidate remains useful after current-main rebase
V1-ENT-0198,author,signature_keywords,user_review,TEMPLATE_REWRITE_REQUIRED,V1-FCT-0437;V1-FCT-0438;V1-FCT-0439;V1-FCT-0440;V1-FCT-0441;V1-REL-0128;V1-REL-0129;V1-REL-0130;V1-REL-0137,SRC-0153;SRC-0154,yes,low,模板/书目转写:书目时间线,REWRITE_PIPELINE,PUBLIC_BIBLIOGRAPHIC_COPY,STILL_VALID,candidate remains useful after current-main rebase
V1-ENT-0198,author,start_here,user_review,HIGH_JUDGMENT_USER_REQUIRED,V1-FCT-0437;V1-FCT-0438;V1-FCT-0439;V1-FCT-0440;V1-FCT-0441;V1-REL-0128;V1-REL-0129;V1-REL-0130;V1-REL-0137,SRC-0153;SRC-0154,yes,high,by field default:最佳入门排序,USER_REVIEW_BATCH,PUBLIC_BIBLIOGRAPHIC_COPY,STILL_VALID,candidate remains useful after current-main rebase
V1-ENT-0198,author,why_know,user_review,TEMPLATE_REWRITE_REQUIRED,V1-FCT-0437;V1-FCT-0438;V1-FCT-0439;V1-FCT-0440;V1-FCT-0441;V1-REL-0128;V1-REL-0129;V1-REL-0130;V1-REL-0137,SRC-0153;SRC-0154,yes,high,模板句标记:本批,REWRITE_PIPELINE,PUBLIC_BIBLIOGRAPHIC_COPY,STILL_VALID,candidate remains useful after current-main rebase
V1-ENT-0199,author,core_themes,user_review,TEMPLATE_REWRITE_REQUIRED,V1-FCT-0451;V1-FCT-0452;V1-FCT-0453;V1-FCT-0454;V1-FCT-0455;V1-REL-0131;V1-REL-0132;V1-REL-0133;V1-REL-0138,SRC-0157;SRC-0159;SRC-0160,yes,high,模板句标记:本批,REWRITE_PIPELINE,PUBLIC_BIBLIOGRAPHIC_COPY,STILL_VALID,candidate remains useful after current-main rebase
V1-ENT-0199,author,guiding_question,user_review,TEMPLATE_REWRITE_REQUIRED,V1-FCT-0451;V1-FCT-0452;V1-FCT-0453;V1-FCT-0454;V1-FCT-0455;V1-REL-0131;V1-REL-0132;V1-REL-0133;V1-REL-0138,SRC-0157;SRC-0159;SRC-0160,yes,high,模板/书目转写:分开阅读,REWRITE_PIPELINE,PUBLIC_BIBLIOGRAPHIC_COPY,STILL_VALID,candidate remains useful after current-main rebase
V1-ENT-0199,author,literary_connections,user_review,HIGH_JUDGMENT_USER_REQUIRED,V1-FCT-0451;V1-FCT-0452;V1-FCT-0453;V1-FCT-0454;V1-FCT-0455;V1-REL-0131;V1-REL-0132;V1-REL-0133;V1-REL-0138,SRC-0157;SRC-0159;SRC-0160,yes,high,by field default:跨作品连接;内容为ID列表,USER_REVIEW_BATCH,PUBLIC_BIBLIOGRAPHIC_COPY,STILL_VALID,candidate remains useful after current-main rebase
V1-ENT-0199,author,literary_profile,user_review,TEMPLATE_REWRITE_REQUIRED,V1-FCT-0451;V1-FCT-0452;V1-FCT-0453;V1-FCT-0454;V1-FCT-0455;V1-REL-0131;V1-REL-0132;V1-REL-0133;V1-REL-0138,SRC-0157;SRC-0159;SRC-0160,yes,high,模板句标记:列出《,REWRITE_PIPELINE,PUBLIC_BIBLIOGRAPHIC_COPY,STILL_VALID,candidate remains useful after current-main rebase
V1-ENT-0199,author,reader_fit,user_review,HIGH_JUDGMENT_USER_REQUIRED,V1-FCT-0451;V1-FCT-0452;V1-FCT-0453;V1-FCT-0454;V1-FCT-0455;V1-REL-0131;V1-REL-0132;V1-REL-0133;V1-REL-0138,SRC-0157;SRC-0159;SRC-0160,yes,high,by field default:读者适配判断,USER_REVIEW_BATCH,PUBLIC_BIBLIOGRAPHIC_COPY,STILL_VALID,candidate remains useful after current-main rebase
V1-ENT-0199,author,reading_route,user_review,HIGH_JUDGMENT_USER_REQUIRED,V1-FCT-0451;V1-FCT-0452;V1-FCT-0453;V1-FCT-0454;V1-FCT-0455;V1-REL-0131;V1-REL-0132;V1-REL-0133;V1-REL-0138,SRC-0157;SRC-0159;SRC-0160,yes,high,by field default:阅读路线排序,USER_REVIEW_BATCH,PUBLIC_BIBLIOGRAPHIC_COPY,STILL_VALID,candidate remains useful after current-main rebase
V1-ENT-0199,author,signature_keywords,user_review,TEMPLATE_REWRITE_REQUIRED,V1-FCT-0451;V1-FCT-0452;V1-FCT-0453;V1-FCT-0454;V1-FCT-0455;V1-REL-0131;V1-REL-0132;V1-REL-0133;V1-REL-0138,SRC-0157;SRC-0159;SRC-0160,yes,low,模板/书目转写:书目时间线,REWRITE_PIPELINE,PUBLIC_BIBLIOGRAPHIC_COPY,STILL_VALID,candidate remains useful after current-main rebase
V1-ENT-0199,author,start_here,user_review,HIGH_JUDGMENT_USER_REQUIRED,V1-FCT-0451;V1-FCT-0452;V1-FCT-0453;V1-FCT-0454;V1-FCT-0455;V1-REL-0131;V1-REL-0132;V1-REL-0133;V1-REL-0138,SRC-0157;SRC-0159;SRC-0160,yes,high,by field default:最佳入门排序,USER_REVIEW_BATCH,PUBLIC_BIBLIOGRAPHIC_COPY,STILL_VALID,candidate remains useful after current-main rebase
V1-ENT-0199,author,why_know,user_review,TEMPLATE_REWRITE_REQUIRED,V1-FCT-0451;V1-FCT-0452;V1-FCT-0453;V1-FCT-0454;V1-FCT-0455;V1-REL-0131;V1-REL-0132;V1-REL-0133;V1-REL-0138,SRC-0157;SRC-0159;SRC-0160,yes,high,模板句标记:本批,REWRITE_PIPELINE,PUBLIC_BIBLIOGRAPHIC_COPY,STILL_VALID,candidate remains useful after current-main rebase
V1-ENT-0200,author,core_themes,user_review,TEMPLATE_REWRITE_REQUIRED,V1-FCT-0465;V1-FCT-0466;V1-FCT-0467;V1-FCT-0468;V1-FCT-0469;V1-REL-0134;V1-REL-0135;V1-REL-0136;V1-REL-0139,SRC-0162;SRC-0163,yes,high,模板句标记:本批,REWRITE_PIPELINE,PUBLIC_BIBLIOGRAPHIC_COPY,STILL_VALID,candidate remains useful after current-main rebase
V1-ENT-0200,author,guiding_question,user_review,HIGH_JUDGMENT_USER_REQUIRED,V1-FCT-0465;V1-FCT-0466;V1-FCT-0467;V1-FCT-0468;V1-FCT-0469;V1-REL-0134;V1-REL-0135;V1-REL-0136;V1-REL-0139,SRC-0162;SRC-0163,yes,high,by field default:引导问题阐释框架,USER_REVIEW_BATCH,PUBLIC_BIBLIOGRAPHIC_COPY,STILL_VALID,candidate remains useful after current-main rebase
V1-ENT-0200,author,literary_connections,user_review,HIGH_JUDGMENT_USER_REQUIRED,V1-FCT-0465;V1-FCT-0466;V1-FCT-0467;V1-FCT-0468;V1-FCT-0469;V1-REL-0134;V1-REL-0135;V1-REL-0136;V1-REL-0139,SRC-0162;SRC-0163,yes,high,by field default:跨作品连接;内容为ID列表,USER_REVIEW_BATCH,PUBLIC_BIBLIOGRAPHIC_COPY,STILL_VALID,candidate remains useful after current-main rebase
V1-ENT-0200,author,literary_profile,user_review,TEMPLATE_REWRITE_REQUIRED,V1-FCT-0465;V1-FCT-0466;V1-FCT-0467;V1-FCT-0468;V1-FCT-0469;V1-REL-0134;V1-REL-0135;V1-REL-0136;V1-REL-0139,SRC-0162;SRC-0163,yes,high,模板句标记:列出《,REWRITE_PIPELINE,PUBLIC_BIBLIOGRAPHIC_COPY,STILL_VALID,candidate remains useful after current-main rebase
V1-ENT-0200,author,reader_fit,user_review,HIGH_JUDGMENT_USER_REQUIRED,V1-FCT-0465;V1-FCT-0466;V1-FCT-0467;V1-FCT-0468;V1-FCT-0469;V1-REL-0134;V1-REL-0135;V1-REL-0136;V1-REL-0139,SRC-0162;SRC-0163,yes,high,by field default:读者适配判断,USER_REVIEW_BATCH,PUBLIC_BIBLIOGRAPHIC_COPY,STILL_VALID,candidate remains useful after current-main rebase
V1-ENT-0200,author,reading_route,user_review,HIGH_JUDGMENT_USER_REQUIRED,V1-FCT-0465;V1-FCT-0466;V1-FCT-0467;V1-FCT-0468;V1-FCT-0469;V1-REL-0134;V1-REL-0135;V1-REL-0136;V1-REL-0139,SRC-0162;SRC-0163,yes,high,by field default:阅读路线排序,USER_REVIEW_BATCH,PUBLIC_BIBLIOGRAPHIC_COPY,STILL_VALID,candidate remains useful after current-main rebase
V1-ENT-0200,author,signature_keywords,user_review,LOW_JUDGMENT_EVIDENCE_SUFFICIENT,V1-FCT-0465;V1-FCT-0466;V1-FCT-0467;V1-FCT-0468;V1-FCT-0469;V1-REL-0134;V1-REL-0135;V1-REL-0136;V1-REL-0139,SRC-0162;SRC-0163,yes,low,by field default:展示标签,USER_REVIEW_BATCH,PUBLIC_BIBLIOGRAPHIC_COPY,CONFLICT_WITH_CURRENT_CURATION,field is high judgment under current validator
V1-ENT-0200,author,start_here,user_review,HIGH_JUDGMENT_USER_REQUIRED,V1-FCT-0465;V1-FCT-0466;V1-FCT-0467;V1-FCT-0468;V1-FCT-0469;V1-REL-0134;V1-REL-0135;V1-REL-0136;V1-REL-0139,SRC-0162;SRC-0163,yes,high,by field default:最佳入门排序,USER_REVIEW_BATCH,PUBLIC_BIBLIOGRAPHIC_COPY,STILL_VALID,candidate remains useful after current-main rebase
V1-ENT-0200,author,why_know,user_review,TEMPLATE_REWRITE_REQUIRED,V1-FCT-0465;V1-FCT-0466;V1-FCT-0467;V1-FCT-0468;V1-FCT-0469;V1-REL-0134;V1-REL-0135;V1-REL-0136;V1-REL-0139,SRC-0162;SRC-0163,yes,high,模板句标记:本批,REWRITE_PIPELINE,PUBLIC_BIBLIOGRAPHIC_COPY,STILL_VALID,candidate remains useful after current-main rebase
V1-ENT-0211,author,core_themes,user_review,TEMPLATE_REWRITE_REQUIRED,V1-FCT-0479;V1-FCT-0480;V1-FCT-0481;V1-FCT-0482;V1-FCT-0483;V1-REL-0140;V1-REL-0141;V1-REL-0142;V1-REL-0149,SRC-0165;SRC-0166;SRC-0167,yes,high,模板/书目转写:书目入口,REWRITE_PIPELINE,PUBLIC_BIBLIOGRAPHIC_COPY,STILL_VALID,candidate remains useful after current-main rebase
V1-ENT-0211,author,literary_connections,user_review,HIGH_JUDGMENT_USER_REQUIRED,V1-FCT-0479;V1-FCT-0480;V1-FCT-0481;V1-FCT-0482;V1-FCT-0483;V1-REL-0140;V1-REL-0141;V1-REL-0142;V1-REL-0149,SRC-0165;SRC-0166;SRC-0167,yes,high,by field default:跨作品连接;内容为ID列表,USER_REVIEW_BATCH,PUBLIC_BIBLIOGRAPHIC_COPY,STILL_VALID,candidate remains useful after current-main rebase
V1-ENT-0211,author,literary_profile,user_review,TEMPLATE_REWRITE_REQUIRED,V1-FCT-0479;V1-FCT-0480;V1-FCT-0481;V1-FCT-0482;V1-FCT-0483;V1-REL-0140;V1-REL-0141;V1-REL-0142;V1-REL-0149,SRC-0165;SRC-0166;SRC-0167,yes,high,"模板句标记:书目列出,列出《",REWRITE_PIPELINE,PUBLIC_BIBLIOGRAPHIC_COPY,STILL_VALID,candidate remains useful after current-main rebase
V1-ENT-0211,author,reader_fit,user_review,HIGH_JUDGMENT_USER_REQUIRED,V1-FCT-0479;V1-FCT-0480;V1-FCT-0481;V1-FCT-0482;V1-FCT-0483;V1-REL-0140;V1-REL-0141;V1-REL-0142;V1-REL-0149,SRC-0165;SRC-0166;SRC-0167,yes,high,by field default:读者适配判断,USER_REVIEW_BATCH,PUBLIC_BIBLIOGRAPHIC_COPY,STILL_VALID,candidate remains useful after current-main rebase
V1-ENT-0211,author,reading_route,user_review,HIGH_JUDGMENT_USER_REQUIRED,V1-FCT-0479;V1-FCT-0480;V1-FCT-0481;V1-FCT-0482;V1-FCT-0483;V1-REL-0140;V1-REL-0141;V1-REL-0142;V1-REL-0149,SRC-0165;SRC-0166;SRC-0167,yes,high,by field default:阅读路线排序,USER_REVIEW_BATCH,PUBLIC_BIBLIOGRAPHIC_COPY,STILL_VALID,candidate remains useful after current-main rebase
V1-ENT-0211,author,signature_keywords,user_review,LOW_JUDGMENT_EVIDENCE_SUFFICIENT,V1-FCT-0479;V1-FCT-0480;V1-FCT-0481;V1-FCT-0482;V1-FCT-0483;V1-REL-0140;V1-REL-0141;V1-REL-0142;V1-REL-0149,SRC-0165;SRC-0166;SRC-0167,yes,low,by field default:展示标签,USER_REVIEW_BATCH,PUBLIC_BIBLIOGRAPHIC_COPY,CONFLICT_WITH_CURRENT_CURATION,field is high judgment under current validator
V1-ENT-0211,author,start_here,user_review,TEMPLATE_REWRITE_REQUIRED,V1-FCT-0479;V1-FCT-0480;V1-FCT-0481;V1-FCT-0482;V1-FCT-0483;V1-REL-0140;V1-REL-0141;V1-REL-0142;V1-REL-0149,SRC-0165;SRC-0166;SRC-0167,yes,high,模板/书目转写:书目时间线,REWRITE_PIPELINE,PUBLIC_BIBLIOGRAPHIC_COPY,STILL_VALID,candidate remains useful after current-main rebase
V1-ENT-0211,author,why_know,user_review,TEMPLATE_REWRITE_REQUIRED,V1-FCT-0479;V1-FCT-0480;V1-FCT-0481;V1-FCT-0482;V1-FCT-0483;V1-REL-0140;V1-REL-0141;V1-REL-0142;V1-REL-0149,SRC-0165;SRC-0166;SRC-0167,yes,high,"模板句标记:本批,可回溯",REWRITE_PIPELINE,PUBLIC_BIBLIOGRAPHIC_COPY,STILL_VALID,candidate remains useful after current-main rebase
V1-ENT-0212,author,core_themes,user_review,TEMPLATE_REWRITE_REQUIRED,V1-FCT-0493;V1-FCT-0494;V1-FCT-0495;V1-FCT-0496;V1-FCT-0497;V1-REL-0143;V1-REL-0144;V1-REL-0145;V1-REL-0150,SRC-0168;SRC-0169;SRC-0170,yes,high,模板/书目转写:保留为,REWRITE_PIPELINE,PUBLIC_BIBLIOGRAPHIC_COPY,STILL_VALID,candidate remains useful after current-main rebase
V1-ENT-0212,author,guiding_question,user_review,HIGH_JUDGMENT_USER_REQUIRED,V1-FCT-0493;V1-FCT-0494;V1-FCT-0495;V1-FCT-0496;V1-FCT-0497;V1-REL-0143;V1-REL-0144;V1-REL-0145;V1-REL-0150,SRC-0168;SRC-0169;SRC-0170,yes,high,by field default:引导问题阐释框架,USER_REVIEW_BATCH,PUBLIC_BIBLIOGRAPHIC_COPY,STILL_VALID,candidate remains useful after current-main rebase
V1-ENT-0212,author,literary_connections,user_review,HIGH_JUDGMENT_USER_REQUIRED,V1-FCT-0493;V1-FCT-0494;V1-FCT-0495;V1-FCT-0496;V1-FCT-0497;V1-REL-0143;V1-REL-0144;V1-REL-0145;V1-REL-0150,SRC-0168;SRC-0169;SRC-0170,yes,high,by field default:跨作品连接;内容为ID列表,USER_REVIEW_BATCH,PUBLIC_BIBLIOGRAPHIC_COPY,STILL_VALID,candidate remains useful after current-main rebase
V1-ENT-0212,author,literary_profile,user_review,TEMPLATE_REWRITE_REQUIRED,V1-FCT-0493;V1-FCT-0494;V1-FCT-0495;V1-FCT-0496;V1-FCT-0497;V1-REL-0143;V1-REL-0144;V1-REL-0145;V1-REL-0150,SRC-0168;SRC-0169;SRC-0170,yes,high,"模板句标记:书目列出,列出《",REWRITE_PIPELINE,PUBLIC_BIBLIOGRAPHIC_COPY,STILL_VALID,candidate remains useful after current-main rebase
V1-ENT-0212,author,reader_fit,user_review,HIGH_JUDGMENT_USER_REQUIRED,V1-FCT-0493;V1-FCT-0494;V1-FCT-0495;V1-FCT-0496;V1-FCT-0497;V1-REL-0143;V1-REL-0144;V1-REL-0145;V1-REL-0150,SRC-0168;SRC-0169;SRC-0170,yes,high,by field default:读者适配判断,USER_REVIEW_BATCH,PUBLIC_BIBLIOGRAPHIC_COPY,STILL_VALID,candidate remains useful after current-main rebase
V1-ENT-0212,author,reading_route,user_review,HIGH_JUDGMENT_USER_REQUIRED,V1-FCT-0493;V1-FCT-0494;V1-FCT-0495;V1-FCT-0496;V1-FCT-0497;V1-REL-0143;V1-REL-0144;V1-REL-0145;V1-REL-0150,SRC-0168;SRC-0169;SRC-0170,yes,high,by field default:阅读路线排序,USER_REVIEW_BATCH,PUBLIC_BIBLIOGRAPHIC_COPY,STILL_VALID,candidate remains useful after current-main rebase
V1-ENT-0212,author,signature_keywords,user_review,LOW_JUDGMENT_EVIDENCE_SUFFICIENT,V1-FCT-0493;V1-FCT-0494;V1-FCT-0495;V1-FCT-0496;V1-FCT-0497;V1-REL-0143;V1-REL-0144;V1-REL-0145;V1-REL-0150,SRC-0168;SRC-0169;SRC-0170,yes,low,by field default:展示标签,USER_REVIEW_BATCH,PUBLIC_BIBLIOGRAPHIC_COPY,CONFLICT_WITH_CURRENT_CURATION,field is high judgment under current validator
V1-ENT-0212,author,start_here,user_review,HIGH_JUDGMENT_USER_REQUIRED,V1-FCT-0493;V1-FCT-0494;V1-FCT-0495;V1-FCT-0496;V1-FCT-0497;V1-REL-0143;V1-REL-0144;V1-REL-0145;V1-REL-0150,SRC-0168;SRC-0169;SRC-0170,yes,high,by field default:最佳入门排序,USER_REVIEW_BATCH,PUBLIC_BIBLIOGRAPHIC_COPY,STILL_VALID,candidate remains useful after current-main rebase
V1-ENT-0212,author,why_know,user_review,TEMPLATE_REWRITE_REQUIRED,V1-FCT-0493;V1-FCT-0494;V1-FCT-0495;V1-FCT-0496;V1-FCT-0497;V1-REL-0143;V1-REL-0144;V1-REL-0145;V1-REL-0150,SRC-0168;SRC-0169;SRC-0170,yes,high,"模板句标记:本批,不把",REWRITE_PIPELINE,PUBLIC_BIBLIOGRAPHIC_COPY,STILL_VALID,candidate remains useful after current-main rebase
V1-ENT-0213,author,core_themes,user_review,TEMPLATE_REWRITE_REQUIRED,V1-FCT-0507;V1-FCT-0508;V1-FCT-0509;V1-FCT-0510;V1-FCT-0511;V1-REL-0146;V1-REL-0147;V1-REL-0148;V1-REL-0151,SRC-0171;SRC-0172;SRC-0173;SRC-0174,yes,high,模板句标记:本批,REWRITE_PIPELINE,PUBLIC_BASIC,STILL_VALID,candidate remains useful after current-main rebase
V1-ENT-0213,author,guiding_question,user_review,HIGH_JUDGMENT_USER_REQUIRED,V1-FCT-0507;V1-FCT-0508;V1-FCT-0509;V1-FCT-0510;V1-FCT-0511;V1-REL-0146;V1-REL-0147;V1-REL-0148;V1-REL-0151,SRC-0171;SRC-0172;SRC-0173;SRC-0174,yes,high,by field default:引导问题阐释框架,USER_REVIEW_BATCH,PUBLIC_BASIC,STILL_VALID,candidate remains useful after current-main rebase
V1-ENT-0213,author,literary_connections,user_review,HIGH_JUDGMENT_USER_REQUIRED,V1-FCT-0507;V1-FCT-0508;V1-FCT-0509;V1-FCT-0510;V1-FCT-0511;V1-REL-0146;V1-REL-0147;V1-REL-0148;V1-REL-0151,SRC-0171;SRC-0172;SRC-0173;SRC-0174,yes,high,by field default:跨作品连接;内容为ID列表,USER_REVIEW_BATCH,PUBLIC_BASIC,STILL_VALID,candidate remains useful after current-main rebase
V1-ENT-0213,author,literary_profile,user_review,TEMPLATE_REWRITE_REQUIRED,V1-FCT-0507;V1-FCT-0508;V1-FCT-0509;V1-FCT-0510;V1-FCT-0511;V1-REL-0146;V1-REL-0147;V1-REL-0148;V1-REL-0151,SRC-0171;SRC-0172;SRC-0173;SRC-0174,yes,high,模板/书目转写:书目转写句式,REWRITE_PIPELINE,PUBLIC_BASIC,STILL_VALID,candidate remains useful after current-main rebase
V1-ENT-0213,author,reader_fit,user_review,TEMPLATE_REWRITE_REQUIRED,V1-FCT-0507;V1-FCT-0508;V1-FCT-0509;V1-FCT-0510;V1-FCT-0511;V1-REL-0146;V1-REL-0147;V1-REL-0148;V1-REL-0151,SRC-0171;SRC-0172;SRC-0173;SRC-0174,yes,high,模板句标记:可回溯,REWRITE_PIPELINE,PUBLIC_BASIC,STILL_VALID,candidate remains useful after current-main rebase
V1-ENT-0213,author,reading_route,user_review,HIGH_JUDGMENT_USER_REQUIRED,V1-FCT-0507;V1-FCT-0508;V1-FCT-0509;V1-FCT-0510;V1-FCT-0511;V1-REL-0146;V1-REL-0147;V1-REL-0148;V1-REL-0151,SRC-0171;SRC-0172;SRC-0173;SRC-0174,yes,high,by field default:阅读路线排序,USER_REVIEW_BATCH,PUBLIC_BASIC,STILL_VALID,candidate remains useful after current-main rebase
V1-ENT-0213,author,signature_keywords,user_review,LOW_JUDGMENT_EVIDENCE_SUFFICIENT,V1-FCT-0507;V1-FCT-0508;V1-FCT-0509;V1-FCT-0510;V1-FCT-0511;V1-REL-0146;V1-REL-0147;V1-REL-0148;V1-REL-0151,SRC-0171;SRC-0172;SRC-0173;SRC-0174,yes,low,by field default:展示标签,USER_REVIEW_BATCH,PUBLIC_BASIC,CONFLICT_WITH_CURRENT_CURATION,field is high judgment under current validator
V1-ENT-0213,author,start_here,user_review,HIGH_JUDGMENT_USER_REQUIRED,V1-FCT-0507;V1-FCT-0508;V1-FCT-0509;V1-FCT-0510;V1-FCT-0511;V1-REL-0146;V1-REL-0147;V1-REL-0148;V1-REL-0151,SRC-0171;SRC-0172;SRC-0173;SRC-0174,yes,high,by field default:最佳入门排序,USER_REVIEW_BATCH,PUBLIC_BASIC,STILL_VALID,candidate remains useful after current-main rebase
V1-ENT-0213,author,why_know,user_review,TEMPLATE_REWRITE_REQUIRED,V1-FCT-0507;V1-FCT-0508;V1-FCT-0509;V1-FCT-0510;V1-FCT-0511;V1-REL-0146;V1-REL-0147;V1-REL-0148;V1-REL-0151,SRC-0171;SRC-0172;SRC-0173;SRC-0174,yes,high,模板句标记:本批,REWRITE_PIPELINE,PUBLIC_BASIC,STILL_VALID,candidate remains useful after current-main rebase
V1-ENT-0223,author,core_themes,user_review,HIGH_JUDGMENT_USER_REQUIRED,V1-FCT-0521;V1-FCT-0522;V1-FCT-0523;V1-FCT-0524;V1-FCT-0525,SRC-0177;SRC-0178,yes,high,by field default:主题归纳,USER_REVIEW_BATCH,USER_REVIEW_HIGH_JUDGMENT,STILL_VALID,candidate remains useful after current-main rebase
V1-ENT-0223,author,guiding_question,user_review,HIGH_JUDGMENT_USER_REQUIRED,V1-FCT-0521;V1-FCT-0522;V1-FCT-0523;V1-FCT-0524;V1-FCT-0525,SRC-0177;SRC-0178,yes,high,by field default:引导问题阐释框架,USER_REVIEW_BATCH,USER_REVIEW_HIGH_JUDGMENT,STILL_VALID,candidate remains useful after current-main rebase
V1-ENT-0223,author,literary_features,user_review,HIGH_JUDGMENT_USER_REQUIRED,V1-FCT-0521;V1-FCT-0522;V1-FCT-0523;V1-FCT-0524;V1-FCT-0525,SRC-0177;SRC-0178,yes,high,by field default:策展判断,USER_REVIEW_BATCH,USER_REVIEW_HIGH_JUDGMENT,STILL_VALID,candidate remains useful after current-main rebase
V1-ENT-0223,author,reader_fit,user_review,TEMPLATE_REWRITE_REQUIRED,V1-FCT-0521;V1-FCT-0522;V1-FCT-0523;V1-FCT-0524;V1-FCT-0525,SRC-0177;SRC-0178,yes,high,模板句标记:本批,REWRITE_PIPELINE,USER_REVIEW_HIGH_JUDGMENT,STILL_VALID,candidate remains useful after current-main rebase
V1-ENT-0223,author,reader_lede,user_review,TEMPLATE_REWRITE_REQUIRED,V1-FCT-0521;V1-FCT-0522;V1-FCT-0523;V1-FCT-0524;V1-FCT-0525,SRC-0177;SRC-0178,yes,high,"模板句标记:本批,入口连接",REWRITE_PIPELINE,USER_REVIEW_HIGH_JUDGMENT,STILL_VALID,candidate remains useful after current-main rebase
V1-ENT-0223,author,reading_route,user_review,HIGH_JUDGMENT_USER_REQUIRED,V1-FCT-0521;V1-FCT-0522;V1-FCT-0523;V1-FCT-0524;V1-FCT-0525,SRC-0177;SRC-0178,yes,high,by field default:阅读路线排序,USER_REVIEW_BATCH,USER_REVIEW_HIGH_JUDGMENT,STILL_VALID,candidate remains useful after current-main rebase
V1-ENT-0223,author,signature_keywords,user_review,LOW_JUDGMENT_EVIDENCE_SUFFICIENT,V1-FCT-0521;V1-FCT-0522;V1-FCT-0523;V1-FCT-0524;V1-FCT-0525,SRC-0177;SRC-0178,yes,low,by field default:展示标签,USER_REVIEW_BATCH,USER_REVIEW_HIGH_JUDGMENT,CONFLICT_WITH_CURRENT_CURATION,field is high judgment under current validator
V1-ENT-0223,author,start_here,user_review,HIGH_JUDGMENT_USER_REQUIRED,V1-FCT-0521;V1-FCT-0522;V1-FCT-0523;V1-FCT-0524;V1-FCT-0525,SRC-0177;SRC-0178,yes,high,by field default:最佳入门排序,USER_REVIEW_BATCH,USER_REVIEW_HIGH_JUDGMENT,STILL_VALID,candidate remains useful after current-main rebase
V1-ENT-0223,author,why_know,user_review,TEMPLATE_REWRITE_REQUIRED,V1-FCT-0521;V1-FCT-0522;V1-FCT-0523;V1-FCT-0524;V1-FCT-0525,SRC-0177;SRC-0178,yes,high,"模板/书目转写:书目时间线,分开阅读",REWRITE_PIPELINE,USER_REVIEW_HIGH_JUDGMENT,STILL_VALID,candidate remains useful after current-main rebase
V1-ENT-0224,author,core_themes,user_review,HIGH_JUDGMENT_USER_REQUIRED,V1-FCT-0526;V1-FCT-0527;V1-FCT-0528;V1-FCT-0529;V1-FCT-0530,SRC-0180;SRC-0181;SRC-0182,yes,high,by field default:主题归纳,USER_REVIEW_BATCH,USER_REVIEW_HIGH_JUDGMENT,STILL_VALID,candidate remains useful after current-main rebase
V1-ENT-0224,author,guiding_question,user_review,HIGH_JUDGMENT_USER_REQUIRED,V1-FCT-0526;V1-FCT-0527;V1-FCT-0528;V1-FCT-0529;V1-FCT-0530,SRC-0180;SRC-0181;SRC-0182,yes,high,by field default:引导问题阐释框架,USER_REVIEW_BATCH,USER_REVIEW_HIGH_JUDGMENT,STILL_VALID,candidate remains useful after current-main rebase
V1-ENT-0224,author,literary_features,user_review,HIGH_JUDGMENT_USER_REQUIRED,V1-FCT-0526;V1-FCT-0527;V1-FCT-0528;V1-FCT-0529;V1-FCT-0530,SRC-0180;SRC-0181;SRC-0182,yes,high,by field default:策展判断,USER_REVIEW_BATCH,USER_REVIEW_HIGH_JUDGMENT,STILL_VALID,candidate remains useful after current-main rebase
V1-ENT-0224,author,reader_fit,user_review,TEMPLATE_REWRITE_REQUIRED,V1-FCT-0526;V1-FCT-0527;V1-FCT-0528;V1-FCT-0529;V1-FCT-0530,SRC-0180;SRC-0181;SRC-0182,yes,high,模板句标记:本批,REWRITE_PIPELINE,USER_REVIEW_HIGH_JUDGMENT,STILL_VALID,candidate remains useful after current-main rebase
V1-ENT-0224,author,reader_lede,user_review,TEMPLATE_REWRITE_REQUIRED,V1-FCT-0526;V1-FCT-0527;V1-FCT-0528;V1-FCT-0529;V1-FCT-0530,SRC-0180;SRC-0181;SRC-0182,yes,high,"模板句标记:本批,入口连接",REWRITE_PIPELINE,USER_REVIEW_HIGH_JUDGMENT,STILL_VALID,candidate remains useful after current-main rebase
V1-ENT-0224,author,reading_route,user_review,HIGH_JUDGMENT_USER_REQUIRED,V1-FCT-0526;V1-FCT-0527;V1-FCT-0528;V1-FCT-0529;V1-FCT-0530,SRC-0180;SRC-0181;SRC-0182,yes,high,by field default:阅读路线排序,USER_REVIEW_BATCH,USER_REVIEW_HIGH_JUDGMENT,STILL_VALID,candidate remains useful after current-main rebase
V1-ENT-0224,author,signature_keywords,user_review,LOW_JUDGMENT_EVIDENCE_SUFFICIENT,V1-FCT-0526;V1-FCT-0527;V1-FCT-0528;V1-FCT-0529;V1-FCT-0530,SRC-0180;SRC-0181;SRC-0182,yes,low,by field default:展示标签,USER_REVIEW_BATCH,USER_REVIEW_HIGH_JUDGMENT,CONFLICT_WITH_CURRENT_CURATION,field is high judgment under current validator
V1-ENT-0224,author,start_here,user_review,HIGH_JUDGMENT_USER_REQUIRED,V1-FCT-0526;V1-FCT-0527;V1-FCT-0528;V1-FCT-0529;V1-FCT-0530,SRC-0180;SRC-0181;SRC-0182,yes,high,by field default:最佳入门排序,USER_REVIEW_BATCH,USER_REVIEW_HIGH_JUDGMENT,STILL_VALID,candidate remains useful after current-main rebase
V1-ENT-0224,author,why_know,user_review,TEMPLATE_REWRITE_REQUIRED,V1-FCT-0526;V1-FCT-0527;V1-FCT-0528;V1-FCT-0529;V1-FCT-0530,SRC-0180;SRC-0181;SRC-0182,yes,high,"模板/书目转写:书目时间线,分开阅读",REWRITE_PIPELINE,USER_REVIEW_HIGH_JUDGMENT,STILL_VALID,candidate remains useful after current-main rebase
V1-ENT-0225,author,core_themes,user_review,HIGH_JUDGMENT_USER_REQUIRED,V1-FCT-0531;V1-FCT-0532;V1-FCT-0533;V1-FCT-0534;V1-FCT-0535,SRC-0183;SRC-0187;SRC-0185,yes,high,by field default:主题归纳,USER_REVIEW_BATCH,USER_REVIEW_HIGH_JUDGMENT,STILL_VALID,candidate remains useful after current-main rebase
V1-ENT-0225,author,guiding_question,user_review,HIGH_JUDGMENT_USER_REQUIRED,V1-FCT-0531;V1-FCT-0532;V1-FCT-0533;V1-FCT-0534;V1-FCT-0535,SRC-0183;SRC-0187;SRC-0185,yes,high,by field default:引导问题阐释框架,USER_REVIEW_BATCH,USER_REVIEW_HIGH_JUDGMENT,STILL_VALID,candidate remains useful after current-main rebase
V1-ENT-0225,author,literary_features,user_review,HIGH_JUDGMENT_USER_REQUIRED,V1-FCT-0531;V1-FCT-0532;V1-FCT-0533;V1-FCT-0534;V1-FCT-0535,SRC-0183;SRC-0187;SRC-0185,yes,high,by field default:策展判断,USER_REVIEW_BATCH,USER_REVIEW_HIGH_JUDGMENT,STILL_VALID,candidate remains useful after current-main rebase
V1-ENT-0225,author,reader_fit,user_review,TEMPLATE_REWRITE_REQUIRED,V1-FCT-0531;V1-FCT-0532;V1-FCT-0533;V1-FCT-0534;V1-FCT-0535,SRC-0183;SRC-0187;SRC-0185,yes,high,模板句标记:本批,REWRITE_PIPELINE,USER_REVIEW_HIGH_JUDGMENT,STILL_VALID,candidate remains useful after current-main rebase
V1-ENT-0225,author,reader_lede,user_review,TEMPLATE_REWRITE_REQUIRED,V1-FCT-0531;V1-FCT-0532;V1-FCT-0533;V1-FCT-0534;V1-FCT-0535,SRC-0183;SRC-0187;SRC-0185,yes,high,"模板句标记:本批,入口连接",REWRITE_PIPELINE,USER_REVIEW_HIGH_JUDGMENT,STILL_VALID,candidate remains useful after current-main rebase
V1-ENT-0225,author,reading_route,user_review,HIGH_JUDGMENT_USER_REQUIRED,V1-FCT-0531;V1-FCT-0532;V1-FCT-0533;V1-FCT-0534;V1-FCT-0535,SRC-0183;SRC-0187;SRC-0185,yes,high,by field default:阅读路线排序,USER_REVIEW_BATCH,USER_REVIEW_HIGH_JUDGMENT,STILL_VALID,candidate remains useful after current-main rebase
V1-ENT-0225,author,signature_keywords,user_review,LOW_JUDGMENT_EVIDENCE_SUFFICIENT,V1-FCT-0531;V1-FCT-0532;V1-FCT-0533;V1-FCT-0534;V1-FCT-0535,SRC-0183;SRC-0187;SRC-0185,yes,low,by field default:展示标签,USER_REVIEW_BATCH,USER_REVIEW_HIGH_JUDGMENT,CONFLICT_WITH_CURRENT_CURATION,field is high judgment under current validator
V1-ENT-0225,author,start_here,user_review,HIGH_JUDGMENT_USER_REQUIRED,V1-FCT-0531;V1-FCT-0532;V1-FCT-0533;V1-FCT-0534;V1-FCT-0535,SRC-0183;SRC-0187;SRC-0185,yes,high,by field default:最佳入门排序,USER_REVIEW_BATCH,USER_REVIEW_HIGH_JUDGMENT,STILL_VALID,candidate remains useful after current-main rebase
V1-ENT-0225,author,why_know,user_review,TEMPLATE_REWRITE_REQUIRED,V1-FCT-0531;V1-FCT-0532;V1-FCT-0533;V1-FCT-0534;V1-FCT-0535,SRC-0183;SRC-0187;SRC-0185,yes,high,"模板/书目转写:书目时间线,分开阅读",REWRITE_PIPELINE,USER_REVIEW_HIGH_JUDGMENT,STILL_VALID,candidate remains useful after current-main rebase
V1-ENT-0236,author,core_themes,user_review,HIGH_JUDGMENT_USER_REQUIRED,V1-FCT-0563;V1-FCT-0564;V1-FCT-0565;V1-FCT-0566;V1-FCT-0567,SRC-0188;SRC-0189;SRC-0190,yes,high,by field default:主题归纳,USER_REVIEW_BATCH,USER_REVIEW_HIGH_JUDGMENT,STILL_VALID,candidate remains useful after current-main rebase
V1-ENT-0236,author,guiding_question,user_review,HIGH_JUDGMENT_USER_REQUIRED,V1-FCT-0563;V1-FCT-0564;V1-FCT-0565;V1-FCT-0566;V1-FCT-0567,SRC-0188;SRC-0189;SRC-0190,yes,high,by field default:引导问题阐释框架,USER_REVIEW_BATCH,USER_REVIEW_HIGH_JUDGMENT,STILL_VALID,candidate remains useful after current-main rebase
V1-ENT-0236,author,literary_features,user_review,HIGH_JUDGMENT_USER_REQUIRED,V1-FCT-0563;V1-FCT-0564;V1-FCT-0565;V1-FCT-0566;V1-FCT-0567,SRC-0188;SRC-0189;SRC-0190,yes,high,by field default:策展判断,USER_REVIEW_BATCH,USER_REVIEW_HIGH_JUDGMENT,STILL_VALID,candidate remains useful after current-main rebase
V1-ENT-0236,author,reader_fit,user_review,TEMPLATE_REWRITE_REQUIRED,V1-FCT-0563;V1-FCT-0564;V1-FCT-0565;V1-FCT-0566;V1-FCT-0567,SRC-0188;SRC-0189;SRC-0190,yes,high,模板/书目转写:先核对,REWRITE_PIPELINE,USER_REVIEW_HIGH_JUDGMENT,STILL_VALID,candidate remains useful after current-main rebase
V1-ENT-0236,author,reader_lede,user_review,TEMPLATE_REWRITE_REQUIRED,V1-FCT-0563;V1-FCT-0564;V1-FCT-0565;V1-FCT-0566;V1-FCT-0567,SRC-0188;SRC-0189,yes,high,"模板句标记:本批,入口连接",REWRITE_PIPELINE,USER_REVIEW_HIGH_JUDGMENT,STILL_VALID,candidate remains useful after current-main rebase
V1-ENT-0236,author,reading_route,user_review,TEMPLATE_REWRITE_REQUIRED,V1-FCT-0563;V1-FCT-0564;V1-FCT-0565;V1-FCT-0566;V1-FCT-0567,SRC-0188;SRC-0189;SRC-0190,yes,high,模板/书目转写:书目位置,REWRITE_PIPELINE,USER_REVIEW_HIGH_JUDGMENT,STILL_VALID,candidate remains useful after current-main rebase
V1-ENT-0236,author,signature_keywords,user_review,LOW_JUDGMENT_EVIDENCE_SUFFICIENT,V1-FCT-0563;V1-FCT-0564;V1-FCT-0565;V1-FCT-0566;V1-FCT-0567,SRC-0188;SRC-0189,yes,low,by field default:展示标签,USER_REVIEW_BATCH,USER_REVIEW_HIGH_JUDGMENT,CONFLICT_WITH_CURRENT_CURATION,field is high judgment under current validator
V1-ENT-0236,author,start_here,user_review,HIGH_JUDGMENT_USER_REQUIRED,V1-FCT-0563;V1-FCT-0564;V1-FCT-0565;V1-FCT-0566;V1-FCT-0567,SRC-0188;SRC-0189;SRC-0190,yes,high,by field default:最佳入门排序,USER_REVIEW_BATCH,USER_REVIEW_HIGH_JUDGMENT,STILL_VALID,candidate remains useful after current-main rebase
V1-ENT-0236,author,why_know,user_review,TEMPLATE_REWRITE_REQUIRED,V1-FCT-0563;V1-FCT-0564;V1-FCT-0565;V1-FCT-0566;V1-FCT-0567,SRC-0188;SRC-0189;SRC-0190,yes,high,模板/书目转写:分开阅读,REWRITE_PIPELINE,USER_REVIEW_HIGH_JUDGMENT,STILL_VALID,candidate remains useful after current-main rebase
V1-ENT-0237,author,core_themes,user_review,HIGH_JUDGMENT_USER_REQUIRED,V1-FCT-0568;V1-FCT-0569;V1-FCT-0570;V1-FCT-0571;V1-FCT-0572,SRC-0191;SRC-0192;SRC-0193,yes,high,by field default:主题归纳,USER_REVIEW_BATCH,USER_REVIEW_HIGH_JUDGMENT,STILL_VALID,candidate remains useful after current-main rebase
V1-ENT-0237,author,guiding_question,user_review,HIGH_JUDGMENT_USER_REQUIRED,V1-FCT-0568;V1-FCT-0569;V1-FCT-0570;V1-FCT-0571;V1-FCT-0572,SRC-0191;SRC-0192;SRC-0193,yes,high,by field default:引导问题阐释框架,USER_REVIEW_BATCH,USER_REVIEW_HIGH_JUDGMENT,STILL_VALID,candidate remains useful after current-main rebase
V1-ENT-0237,author,literary_features,user_review,HIGH_JUDGMENT_USER_REQUIRED,V1-FCT-0568;V1-FCT-0569;V1-FCT-0570;V1-FCT-0571;V1-FCT-0572,SRC-0191;SRC-0192;SRC-0193,yes,high,by field default:策展判断,USER_REVIEW_BATCH,USER_REVIEW_HIGH_JUDGMENT,STILL_VALID,candidate remains useful after current-main rebase
V1-ENT-0237,author,reader_fit,user_review,TEMPLATE_REWRITE_REQUIRED,V1-FCT-0568;V1-FCT-0569;V1-FCT-0570;V1-FCT-0571;V1-FCT-0572,SRC-0191;SRC-0192;SRC-0193,yes,high,模板/书目转写:书目节点,REWRITE_PIPELINE,USER_REVIEW_HIGH_JUDGMENT,STILL_VALID,candidate remains useful after current-main rebase
V1-ENT-0237,author,reader_lede,user_review,TEMPLATE_REWRITE_REQUIRED,V1-FCT-0568;V1-FCT-0569;V1-FCT-0570;V1-FCT-0571;V1-FCT-0572,SRC-0191;SRC-0192;SRC-0193,yes,high,"模板句标记:本批,不把",REWRITE_PIPELINE,USER_REVIEW_HIGH_JUDGMENT,STILL_VALID,candidate remains useful after current-main rebase
V1-ENT-0237,author,reading_route,user_review,TEMPLATE_REWRITE_REQUIRED,V1-FCT-0568;V1-FCT-0569;V1-FCT-0570;V1-FCT-0571;V1-FCT-0572,SRC-0191;SRC-0192;SRC-0193,yes,high,模板/书目转写:书目节点,REWRITE_PIPELINE,USER_REVIEW_HIGH_JUDGMENT,STILL_VALID,candidate remains useful after current-main rebase
V1-ENT-0237,author,signature_keywords,user_review,LOW_JUDGMENT_EVIDENCE_SUFFICIENT,V1-FCT-0568;V1-FCT-0569;V1-FCT-0570;V1-FCT-0571;V1-FCT-0572,SRC-0191;SRC-0192,yes,low,by field default:展示标签,USER_REVIEW_BATCH,USER_REVIEW_HIGH_JUDGMENT,CONFLICT_WITH_CURRENT_CURATION,field is high judgment under current validator
V1-ENT-0237,author,start_here,user_review,HIGH_JUDGMENT_USER_REQUIRED,V1-FCT-0568;V1-FCT-0569;V1-FCT-0570;V1-FCT-0571;V1-FCT-0572,SRC-0192;SRC-0193,yes,high,by field default:最佳入门排序,USER_REVIEW_BATCH,USER_REVIEW_HIGH_JUDGMENT,STILL_VALID,candidate remains useful after current-main rebase
V1-ENT-0237,author,why_know,user_review,HIGH_JUDGMENT_USER_REQUIRED,V1-FCT-0568;V1-FCT-0569;V1-FCT-0570;V1-FCT-0571;V1-FCT-0572,SRC-0191;SRC-0192;SRC-0193,yes,high,by field default:入门路径推荐,USER_REVIEW_BATCH,USER_REVIEW_HIGH_JUDGMENT,STILL_VALID,candidate remains useful after current-main rebase
V1-ENT-0238,author,core_themes,user_review,HIGH_JUDGMENT_USER_REQUIRED,V1-FCT-0573;V1-FCT-0574;V1-FCT-0575;V1-FCT-0576;V1-FCT-0577,SRC-0194;SRC-0195;SRC-0196,yes,high,by field default:主题归纳,USER_REVIEW_BATCH,USER_REVIEW_HIGH_JUDGMENT,STILL_VALID,candidate remains useful after current-main rebase
V1-ENT-0238,author,guiding_question,user_review,HIGH_JUDGMENT_USER_REQUIRED,V1-FCT-0573;V1-FCT-0574;V1-FCT-0575;V1-FCT-0576;V1-FCT-0577,SRC-0194;SRC-0195;SRC-0196,yes,high,by field default:引导问题阐释框架,USER_REVIEW_BATCH,USER_REVIEW_HIGH_JUDGMENT,STILL_VALID,candidate remains useful after current-main rebase
V1-ENT-0238,author,literary_features,user_review,HIGH_JUDGMENT_USER_REQUIRED,V1-FCT-0573;V1-FCT-0574;V1-FCT-0575;V1-FCT-0576;V1-FCT-0577,SRC-0194;SRC-0195;SRC-0196,yes,high,by field default:策展判断,USER_REVIEW_BATCH,USER_REVIEW_HIGH_JUDGMENT,STILL_VALID,candidate remains useful after current-main rebase
V1-ENT-0238,author,reader_fit,user_review,HIGH_JUDGMENT_USER_REQUIRED,V1-FCT-0573;V1-FCT-0574;V1-FCT-0575;V1-FCT-0576;V1-FCT-0577,SRC-0194;SRC-0195;SRC-0196,yes,high,by field default:读者适配判断,USER_REVIEW_BATCH,USER_REVIEW_HIGH_JUDGMENT,STILL_VALID,candidate remains useful after current-main rebase
V1-ENT-0238,author,reader_lede,user_review,TEMPLATE_REWRITE_REQUIRED,V1-FCT-0573;V1-FCT-0574;V1-FCT-0575;V1-FCT-0576;V1-FCT-0577,SRC-0194;SRC-0195;SRC-0196,yes,high,"模板句标记:本批,入口连接",REWRITE_PIPELINE,USER_REVIEW_HIGH_JUDGMENT,STILL_VALID,candidate remains useful after current-main rebase
V1-ENT-0238,author,reading_route,user_review,TEMPLATE_REWRITE_REQUIRED,V1-FCT-0573;V1-FCT-0574;V1-FCT-0575;V1-FCT-0576;V1-FCT-0577,SRC-0194;SRC-0195;SRC-0196,yes,high,"模板/书目转写:书目入口,出版节点",REWRITE_PIPELINE,USER_REVIEW_HIGH_JUDGMENT,STILL_VALID,candidate remains useful after current-main rebase
V1-ENT-0238,author,signature_keywords,user_review,LOW_JUDGMENT_EVIDENCE_SUFFICIENT,V1-FCT-0573;V1-FCT-0574;V1-FCT-0575;V1-FCT-0576;V1-FCT-0577,SRC-0194;SRC-0195,yes,low,by field default:展示标签,USER_REVIEW_BATCH,USER_REVIEW_HIGH_JUDGMENT,CONFLICT_WITH_CURRENT_CURATION,field is high judgment under current validator
V1-ENT-0238,author,start_here,user_review,HIGH_JUDGMENT_USER_REQUIRED,V1-FCT-0573;V1-FCT-0574;V1-FCT-0575;V1-FCT-0576;V1-FCT-0577,SRC-0194;SRC-0195;SRC-0196,yes,high,by field default:最佳入门排序,USER_REVIEW_BATCH,USER_REVIEW_HIGH_JUDGMENT,STILL_VALID,candidate remains useful after current-main rebase
V1-ENT-0238,author,why_know,user_review,HIGH_JUDGMENT_USER_REQUIRED,V1-FCT-0573;V1-FCT-0574;V1-FCT-0575;V1-FCT-0576;V1-FCT-0577,SRC-0194;SRC-0195;SRC-0196,yes,high,by field default:入门路径推荐,USER_REVIEW_BATCH,USER_REVIEW_HIGH_JUDGMENT,STILL_VALID,candidate remains useful after current-main rebase
V1-ENT-0248,author,core_themes,user_review,TEMPLATE_REWRITE_REQUIRED,V1-FCT-0605;V1-FCT-0606;V1-FCT-0607;V1-FCT-0608;V1-FCT-0609,SRC-0197;SRC-0198;SRC-0199,yes,high,模板/书目转写:书目入口,REWRITE_PIPELINE,USER_REVIEW_HIGH_JUDGMENT,STILL_VALID,candidate remains useful after current-main rebase
V1-ENT-0248,author,guiding_question,user_review,HIGH_JUDGMENT_USER_REQUIRED,V1-FCT-0605;V1-FCT-0606;V1-FCT-0607;V1-FCT-0608;V1-FCT-0609,SRC-0197;SRC-0198;SRC-0199,yes,high,by field default:引导问题阐释框架,USER_REVIEW_BATCH,USER_REVIEW_HIGH_JUDGMENT,STILL_VALID,candidate remains useful after current-main rebase
V1-ENT-0248,author,literary_features,user_review,HIGH_JUDGMENT_USER_REQUIRED,V1-FCT-0605;V1-FCT-0606;V1-FCT-0607;V1-FCT-0608;V1-FCT-0609,SRC-0197;SRC-0198;SRC-0199,yes,high,by field default:策展判断,USER_REVIEW_BATCH,USER_REVIEW_HIGH_JUDGMENT,STILL_VALID,candidate remains useful after current-main rebase
V1-ENT-0248,author,reader_fit,user_review,HIGH_JUDGMENT_USER_REQUIRED,V1-FCT-0605;V1-FCT-0606;V1-FCT-0607;V1-FCT-0608;V1-FCT-0609,SRC-0197;SRC-0198;SRC-0199,yes,high,by field default:读者适配判断,USER_REVIEW_BATCH,USER_REVIEW_HIGH_JUDGMENT,STILL_VALID,candidate remains useful after current-main rebase
V1-ENT-0248,author,reader_lede,user_review,TEMPLATE_REWRITE_REQUIRED,V1-FCT-0605;V1-FCT-0606;V1-FCT-0607;V1-FCT-0608;V1-FCT-0609,SRC-0197;SRC-0198;SRC-0199,yes,high,模板句标记:本批,REWRITE_PIPELINE,USER_REVIEW_HIGH_JUDGMENT,STILL_VALID,candidate remains useful after current-main rebase
V1-ENT-0248,author,reading_route,user_review,TEMPLATE_REWRITE_REQUIRED,V1-FCT-0605;V1-FCT-0606;V1-FCT-0607;V1-FCT-0608;V1-FCT-0609,SRC-0198;SRC-0199,yes,high,"模板/书目转写:书目节点,先核对",REWRITE_PIPELINE,USER_REVIEW_HIGH_JUDGMENT,STILL_VALID,candidate remains useful after current-main rebase
V1-ENT-0248,author,signature_keywords,user_review,LOW_JUDGMENT_EVIDENCE_SUFFICIENT,V1-FCT-0605;V1-FCT-0606;V1-FCT-0607;V1-FCT-0608;V1-FCT-0609,SRC-0197;SRC-0198,yes,low,by field default:展示标签,USER_REVIEW_BATCH,USER_REVIEW_HIGH_JUDGMENT,CONFLICT_WITH_CURRENT_CURATION,field is high judgment under current validator
V1-ENT-0248,author,start_here,user_review,HIGH_JUDGMENT_USER_REQUIRED,V1-FCT-0605;V1-FCT-0606;V1-FCT-0607;V1-FCT-0608;V1-FCT-0609,SRC-0198;SRC-0199,yes,high,by field default:最佳入门排序,USER_REVIEW_BATCH,USER_REVIEW_HIGH_JUDGMENT,STILL_VALID,candidate remains useful after current-main rebase
V1-ENT-0248,author,why_know,user_review,TEMPLATE_REWRITE_REQUIRED,V1-FCT-0605;V1-FCT-0606;V1-FCT-0607;V1-FCT-0608;V1-FCT-0609,SRC-0197;SRC-0198;SRC-0199,yes,high,模板/书目转写:出版节点,REWRITE_PIPELINE,USER_REVIEW_HIGH_JUDGMENT,STILL_VALID,candidate remains useful after current-main rebase
V1-ENT-0249,author,core_themes,user_review,HIGH_JUDGMENT_USER_REQUIRED,V1-FCT-0610;V1-FCT-0611;V1-FCT-0612;V1-FCT-0613;V1-FCT-0614,SRC-0200;SRC-0201,yes,high,by field default:主题归纳,USER_REVIEW_BATCH,USER_REVIEW_HIGH_JUDGMENT,STILL_VALID,candidate remains useful after current-main rebase
V1-ENT-0249,author,guiding_question,user_review,HIGH_JUDGMENT_USER_REQUIRED,V1-FCT-0610;V1-FCT-0611;V1-FCT-0612;V1-FCT-0613;V1-FCT-0614,SRC-0200;SRC-0201,yes,high,by field default:引导问题阐释框架,USER_REVIEW_BATCH,USER_REVIEW_HIGH_JUDGMENT,STILL_VALID,candidate remains useful after current-main rebase
V1-ENT-0249,author,literary_features,user_review,HIGH_JUDGMENT_USER_REQUIRED,V1-FCT-0610;V1-FCT-0611;V1-FCT-0612;V1-FCT-0613;V1-FCT-0614,SRC-0200;SRC-0201,yes,high,by field default:策展判断,USER_REVIEW_BATCH,USER_REVIEW_HIGH_JUDGMENT,STILL_VALID,candidate remains useful after current-main rebase
V1-ENT-0249,author,reader_fit,user_review,TEMPLATE_REWRITE_REQUIRED,V1-FCT-0610;V1-FCT-0611;V1-FCT-0612;V1-FCT-0613;V1-FCT-0614,SRC-0200;SRC-0201,yes,high,模板/书目转写:书目入口,REWRITE_PIPELINE,USER_REVIEW_HIGH_JUDGMENT,STILL_VALID,candidate remains useful after current-main rebase
V1-ENT-0249,author,reader_lede,user_review,TEMPLATE_REWRITE_REQUIRED,V1-FCT-0610;V1-FCT-0611;V1-FCT-0612;V1-FCT-0613;V1-FCT-0614,SRC-0200;SRC-0201,yes,high,"模板句标记:本批,可回溯",REWRITE_PIPELINE,USER_REVIEW_HIGH_JUDGMENT,STILL_VALID,candidate remains useful after current-main rebase
V1-ENT-0249,author,reading_route,user_review,TEMPLATE_REWRITE_REQUIRED,V1-FCT-0610;V1-FCT-0611;V1-FCT-0612;V1-FCT-0613;V1-FCT-0614,SRC-0200;SRC-0201,yes,high,模板/书目转写:书目转写句式,REWRITE_PIPELINE,USER_REVIEW_HIGH_JUDGMENT,STILL_VALID,candidate remains useful after current-main rebase
V1-ENT-0249,author,signature_keywords,user_review,LOW_JUDGMENT_EVIDENCE_SUFFICIENT,V1-FCT-0610;V1-FCT-0611;V1-FCT-0612;V1-FCT-0613;V1-FCT-0614,SRC-0200;SRC-0201,yes,low,by field default:展示标签,USER_REVIEW_BATCH,USER_REVIEW_HIGH_JUDGMENT,CONFLICT_WITH_CURRENT_CURATION,field is high judgment under current validator
V1-ENT-0249,author,start_here,user_review,HIGH_JUDGMENT_USER_REQUIRED,V1-FCT-0610;V1-FCT-0611;V1-FCT-0612;V1-FCT-0613;V1-FCT-0614,SRC-0200;SRC-0201,yes,high,by field default:最佳入门排序,USER_REVIEW_BATCH,USER_REVIEW_HIGH_JUDGMENT,STILL_VALID,candidate remains useful after current-main rebase
V1-ENT-0249,author,why_know,user_review,HIGH_JUDGMENT_USER_REQUIRED,V1-FCT-0610;V1-FCT-0611;V1-FCT-0612;V1-FCT-0613;V1-FCT-0614,SRC-0200;SRC-0201,yes,high,by field default:入门路径推荐,USER_REVIEW_BATCH,USER_REVIEW_HIGH_JUDGMENT,STILL_VALID,candidate remains useful after current-main rebase
V1-ENT-0250,author,core_themes,user_review,HIGH_JUDGMENT_USER_REQUIRED,V1-FCT-0615;V1-FCT-0616;V1-FCT-0617;V1-FCT-0618;V1-FCT-0619,SRC-0202;SRC-0203,yes,high,by field default:主题归纳,USER_REVIEW_BATCH,USER_REVIEW_HIGH_JUDGMENT,STILL_VALID,candidate remains useful after current-main rebase
V1-ENT-0250,author,guiding_question,user_review,HIGH_JUDGMENT_USER_REQUIRED,V1-FCT-0615;V1-FCT-0616;V1-FCT-0617;V1-FCT-0618;V1-FCT-0619,SRC-0202;SRC-0203;SRC-0204,yes,high,by field default:引导问题阐释框架,USER_REVIEW_BATCH,USER_REVIEW_HIGH_JUDGMENT,STILL_VALID,candidate remains useful after current-main rebase
V1-ENT-0250,author,literary_features,user_review,HIGH_JUDGMENT_USER_REQUIRED,V1-FCT-0615;V1-FCT-0616;V1-FCT-0617;V1-FCT-0618;V1-FCT-0619,SRC-0202;SRC-0203;SRC-0204,yes,high,by field default:策展判断,USER_REVIEW_BATCH,USER_REVIEW_HIGH_JUDGMENT,STILL_VALID,candidate remains useful after current-main rebase
V1-ENT-0250,author,reader_fit,user_review,HIGH_JUDGMENT_USER_REQUIRED,V1-FCT-0615;V1-FCT-0616;V1-FCT-0617;V1-FCT-0618;V1-FCT-0619,SRC-0202;SRC-0203;SRC-0204,yes,high,by field default:读者适配判断,USER_REVIEW_BATCH,USER_REVIEW_HIGH_JUDGMENT,STILL_VALID,candidate remains useful after current-main rebase
V1-ENT-0250,author,reader_lede,user_review,TEMPLATE_REWRITE_REQUIRED,V1-FCT-0615;V1-FCT-0616;V1-FCT-0617;V1-FCT-0618;V1-FCT-0619,SRC-0202;SRC-0203;SRC-0204,yes,high,模板句标记:入口连接,REWRITE_PIPELINE,USER_REVIEW_HIGH_JUDGMENT,STILL_VALID,candidate remains useful after current-main rebase
V1-ENT-0250,author,reading_route,user_review,HIGH_JUDGMENT_USER_REQUIRED,V1-FCT-0615;V1-FCT-0616;V1-FCT-0617;V1-FCT-0618;V1-FCT-0619,SRC-0202;SRC-0203;SRC-0204,yes,high,by field default:阅读路线排序,USER_REVIEW_BATCH,USER_REVIEW_HIGH_JUDGMENT,STILL_VALID,candidate remains useful after current-main rebase
V1-ENT-0250,author,signature_keywords,user_review,LOW_JUDGMENT_EVIDENCE_SUFFICIENT,V1-FCT-0615;V1-FCT-0616;V1-FCT-0617;V1-FCT-0618;V1-FCT-0619,SRC-0202;SRC-0203,yes,low,by field default:展示标签,USER_REVIEW_BATCH,USER_REVIEW_HIGH_JUDGMENT,CONFLICT_WITH_CURRENT_CURATION,field is high judgment under current validator
V1-ENT-0250,author,start_here,user_review,HIGH_JUDGMENT_USER_REQUIRED,V1-FCT-0615;V1-FCT-0616;V1-FCT-0617;V1-FCT-0618;V1-FCT-0619,SRC-0202;SRC-0203,yes,high,by field default:最佳入门排序,USER_REVIEW_BATCH,USER_REVIEW_HIGH_JUDGMENT,STILL_VALID,candidate remains useful after current-main rebase
V1-ENT-0250,author,why_know,user_review,TEMPLATE_REWRITE_REQUIRED,V1-FCT-0615;V1-FCT-0616;V1-FCT-0617;V1-FCT-0618;V1-FCT-0619,SRC-0202;SRC-0203;SRC-0204,yes,high,模板句标记:不把,REWRITE_PIPELINE,USER_REVIEW_HIGH_JUDGMENT,STILL_VALID,candidate remains useful after current-main rebase
V1-ENT-0260,author,core_themes,user_review,HIGH_JUDGMENT_USER_REQUIRED,V1-FCT-0652;V1-FCT-0655;V1-FCT-0659,SRC-0206;SRC-0207,yes,high,by field default:主题归纳,USER_REVIEW_BATCH,USER_REVIEW_HIGH_JUDGMENT,STILL_VALID,candidate remains useful after current-main rebase
V1-ENT-0260,author,guiding_question,user_review,HIGH_JUDGMENT_USER_REQUIRED,V1-FCT-0652;V1-FCT-0655;V1-FCT-0658,SRC-0205;SRC-0206,yes,high,by field default:引导问题阐释框架,USER_REVIEW_BATCH,USER_REVIEW_HIGH_JUDGMENT,STILL_VALID,candidate remains useful after current-main rebase
V1-ENT-0260,author,literary_features,user_review,HIGH_JUDGMENT_USER_REQUIRED,V1-FCT-0648;V1-FCT-0650;V1-FCT-0659,SRC-0205;SRC-0206;SRC-0207,yes,high,by field default:策展判断,USER_REVIEW_BATCH,USER_REVIEW_HIGH_JUDGMENT,STILL_VALID,candidate remains useful after current-main rebase
V1-ENT-0260,author,reader_fit,user_review,TEMPLATE_REWRITE_REQUIRED,V1-FCT-0648;V1-FCT-0652;V1-FCT-0655,SRC-0206;SRC-0207,yes,high,模板/书目转写:先核对,REWRITE_PIPELINE,USER_REVIEW_HIGH_JUDGMENT,STILL_VALID,candidate remains useful after current-main rebase
V1-ENT-0260,author,reader_lede,user_review,HIGH_JUDGMENT_USER_REQUIRED,V1-FCT-0647;V1-FCT-0648;V1-FCT-0649;V1-FCT-0650;V1-FCT-0651,SRC-0205;SRC-0206;SRC-0207,yes,high,by field default:文学概括导语,USER_REVIEW_BATCH,USER_REVIEW_HIGH_JUDGMENT,STILL_VALID,candidate remains useful after current-main rebase
V1-ENT-0260,author,reading_route,user_review,TEMPLATE_REWRITE_REQUIRED,V1-FCT-0653;V1-FCT-0656;V1-FCT-0659,SRC-0206;SRC-0207,yes,high,模板/书目转写:书目节点,REWRITE_PIPELINE,USER_REVIEW_HIGH_JUDGMENT,STILL_VALID,candidate remains useful after current-main rebase
V1-ENT-0260,author,signature_keywords,user_review,LOW_JUDGMENT_EVIDENCE_SUFFICIENT,V1-FCT-0648;V1-FCT-0650,SRC-0205;SRC-0207,yes,low,by field default:展示标签,USER_REVIEW_BATCH,USER_REVIEW_HIGH_JUDGMENT,CONFLICT_WITH_CURRENT_CURATION,field is high judgment under current validator
V1-ENT-0260,author,start_here,user_review,HIGH_JUDGMENT_USER_REQUIRED,V1-FCT-0652;V1-FCT-0655;V1-FCT-0658,SRC-0205;SRC-0206;SRC-0207,yes,high,by field default:最佳入门排序,USER_REVIEW_BATCH,USER_REVIEW_HIGH_JUDGMENT,STILL_VALID,candidate remains useful after current-main rebase
V1-ENT-0260,author,why_know,user_review,TEMPLATE_REWRITE_REQUIRED,V1-FCT-0652;V1-FCT-0655;V1-FCT-0658,SRC-0205;SRC-0206;SRC-0207,yes,high,模板/书目转写:书目节点,REWRITE_PIPELINE,USER_REVIEW_HIGH_JUDGMENT,STILL_VALID,candidate remains useful after current-main rebase
V1-ENT-0261,author,core_themes,user_review,HIGH_JUDGMENT_USER_REQUIRED,V1-FCT-0666;V1-FCT-0670;V1-FCT-0673,SRC-0208;SRC-0210,yes,high,by field default:主题归纳,USER_REVIEW_BATCH,USER_REVIEW_HIGH_JUDGMENT,STILL_VALID,candidate remains useful after current-main rebase
V1-ENT-0261,author,guiding_question,user_review,HIGH_JUDGMENT_USER_REQUIRED,V1-FCT-0666;V1-FCT-0669;V1-FCT-0672,SRC-0208;SRC-0210,yes,high,by field default:引导问题阐释框架,USER_REVIEW_BATCH,USER_REVIEW_HIGH_JUDGMENT,STILL_VALID,candidate remains useful after current-main rebase
V1-ENT-0261,author,literary_features,user_review,HIGH_JUDGMENT_USER_REQUIRED,V1-FCT-0663;V1-FCT-0666;V1-FCT-0672,SRC-0208;SRC-0209,yes,high,by field default:策展判断,USER_REVIEW_BATCH,USER_REVIEW_HIGH_JUDGMENT,STILL_VALID,candidate remains useful after current-main rebase
V1-ENT-0261,author,reader_fit,user_review,HIGH_JUDGMENT_USER_REQUIRED,V1-FCT-0663;V1-FCT-0666;V1-FCT-0672,SRC-0208;SRC-0209,yes,high,by field default:读者适配判断,USER_REVIEW_BATCH,USER_REVIEW_HIGH_JUDGMENT,STILL_VALID,candidate remains useful after current-main rebase
V1-ENT-0261,author,reader_lede,user_review,HIGH_JUDGMENT_USER_REQUIRED,V1-FCT-0661;V1-FCT-0662;V1-FCT-0663;V1-FCT-0664;V1-FCT-0665,SRC-0208;SRC-0209;SRC-0210,yes,high,by field default:文学概括导语,USER_REVIEW_BATCH,USER_REVIEW_HIGH_JUDGMENT,STILL_VALID,candidate remains useful after current-main rebase
V1-ENT-0261,author,reading_route,user_review,HIGH_JUDGMENT_USER_REQUIRED,V1-FCT-0667;V1-FCT-0670;V1-FCT-0673,SRC-0208;SRC-0209,yes,high,by field default:阅读路线排序,USER_REVIEW_BATCH,USER_REVIEW_HIGH_JUDGMENT,STILL_VALID,candidate remains useful after current-main rebase
V1-ENT-0261,author,signature_keywords,user_review,LOW_JUDGMENT_EVIDENCE_SUFFICIENT,V1-FCT-0664;V1-FCT-0673,SRC-0208;SRC-0210,yes,low,by field default:展示标签,USER_REVIEW_BATCH,USER_REVIEW_HIGH_JUDGMENT,CONFLICT_WITH_CURRENT_CURATION,field is high judgment under current validator
V1-ENT-0261,author,start_here,user_review,HIGH_JUDGMENT_USER_REQUIRED,V1-FCT-0666;V1-FCT-0669;V1-FCT-0672,SRC-0208;SRC-0209;SRC-0210,yes,high,by field default:最佳入门排序,USER_REVIEW_BATCH,USER_REVIEW_HIGH_JUDGMENT,STILL_VALID,candidate remains useful after current-main rebase
V1-ENT-0261,author,why_know,user_review,HIGH_JUDGMENT_USER_REQUIRED,V1-FCT-0666;V1-FCT-0669;V1-FCT-0672,SRC-0208;SRC-0209;SRC-0210,yes,high,by field default:入门路径推荐,USER_REVIEW_BATCH,USER_REVIEW_HIGH_JUDGMENT,STILL_VALID,candidate remains useful after current-main rebase
V1-ENT-0262,author,core_themes,user_review,HIGH_JUDGMENT_USER_REQUIRED,V1-FCT-0680;V1-FCT-0683;V1-FCT-0686,SRC-0211;SRC-0212,yes,high,by field default:主题归纳,USER_REVIEW_BATCH,USER_REVIEW_HIGH_JUDGMENT,STILL_VALID,candidate remains useful after current-main rebase
V1-ENT-0262,author,guiding_question,user_review,HIGH_JUDGMENT_USER_REQUIRED,V1-FCT-0680;V1-FCT-0683;V1-FCT-0686,SRC-0211;SRC-0212,yes,high,by field default:引导问题阐释框架,USER_REVIEW_BATCH,USER_REVIEW_HIGH_JUDGMENT,STILL_VALID,candidate remains useful after current-main rebase
V1-ENT-0262,author,literary_features,user_review,HIGH_JUDGMENT_USER_REQUIRED,V1-FCT-0677;V1-FCT-0678;V1-FCT-0684,SRC-0211;SRC-0213,yes,high,by field default:策展判断,USER_REVIEW_BATCH,USER_REVIEW_HIGH_JUDGMENT,STILL_VALID,candidate remains useful after current-main rebase
V1-ENT-0262,author,reader_fit,user_review,HIGH_JUDGMENT_USER_REQUIRED,V1-FCT-0677;V1-FCT-0680;V1-FCT-0683,SRC-0211;SRC-0212,yes,high,by field default:读者适配判断,USER_REVIEW_BATCH,USER_REVIEW_HIGH_JUDGMENT,STILL_VALID,candidate remains useful after current-main rebase
V1-ENT-0262,author,reader_lede,user_review,HIGH_JUDGMENT_USER_REQUIRED,V1-FCT-0675;V1-FCT-0676;V1-FCT-0677;V1-FCT-0678;V1-FCT-0679,SRC-0211;SRC-0212;SRC-0213,yes,high,by field default:文学概括导语,USER_REVIEW_BATCH,USER_REVIEW_HIGH_JUDGMENT,STILL_VALID,candidate remains useful after current-main rebase
V1-ENT-0262,author,reading_route,user_review,HIGH_JUDGMENT_USER_REQUIRED,V1-FCT-0681;V1-FCT-0684;V1-FCT-0687,SRC-0211;SRC-0213,yes,high,by field default:阅读路线排序,USER_REVIEW_BATCH,USER_REVIEW_HIGH_JUDGMENT,STILL_VALID,candidate remains useful after current-main rebase
V1-ENT-0262,author,signature_keywords,user_review,LOW_JUDGMENT_EVIDENCE_SUFFICIENT,V1-FCT-0677;V1-FCT-0684,SRC-0211;SRC-0213,yes,low,by field default:展示标签,USER_REVIEW_BATCH,USER_REVIEW_HIGH_JUDGMENT,CONFLICT_WITH_CURRENT_CURATION,field is high judgment under current validator
V1-ENT-0262,author,start_here,user_review,HIGH_JUDGMENT_USER_REQUIRED,V1-FCT-0680;V1-FCT-0683;V1-FCT-0686,SRC-0211;SRC-0212;SRC-0213,yes,high,by field default:最佳入门排序,USER_REVIEW_BATCH,USER_REVIEW_HIGH_JUDGMENT,STILL_VALID,candidate remains useful after current-main rebase
V1-ENT-0262,author,why_know,user_review,HIGH_JUDGMENT_USER_REQUIRED,V1-FCT-0680;V1-FCT-0683;V1-FCT-0686,SRC-0211;SRC-0212;SRC-0213,yes,high,by field default:入门路径推荐,USER_REVIEW_BATCH,USER_REVIEW_HIGH_JUDGMENT,STILL_VALID,candidate remains useful after current-main rebase
V1-ENT-0272,author,core_themes,user_review,HIGH_JUDGMENT_USER_REQUIRED,V1-FCT-0696;V1-FCT-0699;V1-FCT-0702,SRC-0214;SRC-0215,yes,high,by field default:主题归纳,USER_REVIEW_BATCH,USER_REVIEW_HIGH_JUDGMENT,STILL_VALID,candidate remains useful after current-main rebase
V1-ENT-0272,author,guiding_question,user_review,HIGH_JUDGMENT_USER_REQUIRED,V1-FCT-0694;V1-FCT-0697;V1-FCT-0700,SRC-0214;SRC-0215,yes,high,by field default:引导问题阐释框架,USER_REVIEW_BATCH,USER_REVIEW_HIGH_JUDGMENT,STILL_VALID,candidate remains useful after current-main rebase
V1-ENT-0272,author,literary_features,user_review,HIGH_JUDGMENT_USER_REQUIRED,V1-FCT-0692;V1-FCT-0693;V1-FCT-0699,SRC-0214;SRC-0215,yes,high,by field default:策展判断,USER_REVIEW_BATCH,USER_REVIEW_HIGH_JUDGMENT,STILL_VALID,candidate remains useful after current-main rebase
V1-ENT-0272,author,reader_fit,user_review,HIGH_JUDGMENT_USER_REQUIRED,V1-FCT-0694;V1-FCT-0697;V1-FCT-0700,SRC-0214;SRC-0215,yes,high,by field default:读者适配判断,USER_REVIEW_BATCH,USER_REVIEW_HIGH_JUDGMENT,STILL_VALID,candidate remains useful after current-main rebase
V1-ENT-0272,author,reader_lede,user_review,HIGH_JUDGMENT_USER_REQUIRED,V1-FCT-0689;V1-FCT-0690;V1-FCT-0691,SRC-0214;SRC-0215,yes,high,by field default:文学概括导语,USER_REVIEW_BATCH,USER_REVIEW_HIGH_JUDGMENT,STILL_VALID,candidate remains useful after current-main rebase
V1-ENT-0272,author,reading_route,user_review,TEMPLATE_REWRITE_REQUIRED,V1-FCT-0694;V1-FCT-0697;V1-FCT-0700,SRC-0214;SRC-0216,yes,high,模板/书目转写:书目位置,REWRITE_PIPELINE,USER_REVIEW_HIGH_JUDGMENT,STILL_VALID,candidate remains useful after current-main rebase
V1-ENT-0272,author,signature_keywords,user_review,LOW_JUDGMENT_EVIDENCE_SUFFICIENT,V1-FCT-0689;V1-FCT-0692,SRC-0214;SRC-0215,yes,low,by field default:展示标签,USER_REVIEW_BATCH,USER_REVIEW_HIGH_JUDGMENT,CONFLICT_WITH_CURRENT_CURATION,field is high judgment under current validator
V1-ENT-0272,author,start_here,user_review,HIGH_JUDGMENT_USER_REQUIRED,V1-FCT-0694;V1-FCT-0697;V1-FCT-0700,SRC-0214;SRC-0216,yes,high,by field default:最佳入门排序,USER_REVIEW_BATCH,USER_REVIEW_HIGH_JUDGMENT,STILL_VALID,candidate remains useful after current-main rebase
V1-ENT-0272,author,why_know,user_review,HIGH_JUDGMENT_USER_REQUIRED,V1-FCT-0694;V1-FCT-0697;V1-FCT-0700,SRC-0214;SRC-0215,yes,high,by field default:入门路径推荐,USER_REVIEW_BATCH,USER_REVIEW_HIGH_JUDGMENT,STILL_VALID,candidate remains useful after current-main rebase
V1-ENT-0273,author,core_themes,user_review,HIGH_JUDGMENT_USER_REQUIRED,V1-FCT-0709;V1-FCT-0712;V1-FCT-0715,SRC-0218;SRC-0219,yes,high,by field default:主题归纳,USER_REVIEW_BATCH,USER_REVIEW_HIGH_JUDGMENT,STILL_VALID,candidate remains useful after current-main rebase
V1-ENT-0273,author,guiding_question,user_review,HIGH_JUDGMENT_USER_REQUIRED,V1-FCT-0708;V1-FCT-0711;V1-FCT-0714,SRC-0217;SRC-0219,yes,high,by field default:引导问题阐释框架,USER_REVIEW_BATCH,USER_REVIEW_HIGH_JUDGMENT,STILL_VALID,candidate remains useful after current-main rebase
V1-ENT-0273,author,literary_features,user_review,HIGH_JUDGMENT_USER_REQUIRED,V1-FCT-0707;V1-FCT-0708;V1-FCT-0713,SRC-0217;SRC-0218;SRC-0219,yes,high,by field default:策展判断,USER_REVIEW_BATCH,USER_REVIEW_HIGH_JUDGMENT,STILL_VALID,candidate remains useful after current-main rebase
V1-ENT-0273,author,reader_fit,user_review,HIGH_JUDGMENT_USER_REQUIRED,V1-FCT-0703;V1-FCT-0708;V1-FCT-0714,SRC-0217;SRC-0219,yes,high,by field default:读者适配判断,USER_REVIEW_BATCH,USER_REVIEW_HIGH_JUDGMENT,STILL_VALID,candidate remains useful after current-main rebase
V1-ENT-0273,author,reader_lede,user_review,HIGH_JUDGMENT_USER_REQUIRED,V1-FCT-0703;V1-FCT-0704;V1-FCT-0707,SRC-0217;SRC-0218;SRC-0219,yes,high,by field default:文学概括导语,USER_REVIEW_BATCH,USER_REVIEW_HIGH_JUDGMENT,STILL_VALID,candidate remains useful after current-main rebase
V1-ENT-0273,author,reading_route,user_review,TEMPLATE_REWRITE_REQUIRED,V1-FCT-0708;V1-FCT-0711;V1-FCT-0714,SRC-0217;SRC-0219,yes,high,模板/书目转写:书目节点,REWRITE_PIPELINE,USER_REVIEW_HIGH_JUDGMENT,STILL_VALID,candidate remains useful after current-main rebase
V1-ENT-0273,author,signature_keywords,user_review,LOW_JUDGMENT_EVIDENCE_SUFFICIENT,V1-FCT-0703;V1-FCT-0707,SRC-0217;SRC-0218,yes,low,by field default:展示标签,USER_REVIEW_BATCH,USER_REVIEW_HIGH_JUDGMENT,CONFLICT_WITH_CURRENT_CURATION,field is high judgment under current validator
V1-ENT-0273,author,start_here,user_review,HIGH_JUDGMENT_USER_REQUIRED,V1-FCT-0708;V1-FCT-0711;V1-FCT-0714,SRC-0217;SRC-0219,yes,high,by field default:最佳入门排序,USER_REVIEW_BATCH,USER_REVIEW_HIGH_JUDGMENT,STILL_VALID,candidate remains useful after current-main rebase
V1-ENT-0273,author,why_know,user_review,HIGH_JUDGMENT_USER_REQUIRED,V1-FCT-0708;V1-FCT-0711;V1-FCT-0714,SRC-0217;SRC-0219,yes,high,by field default:入门路径推荐,USER_REVIEW_BATCH,USER_REVIEW_HIGH_JUDGMENT,STILL_VALID,candidate remains useful after current-main rebase
V1-ENT-0274,author,core_themes,user_review,HIGH_JUDGMENT_USER_REQUIRED,V1-FCT-0721;V1-FCT-0724;V1-FCT-0727,SRC-0222;SRC-0223;SRC-0224,yes,high,by field default:主题归纳,USER_REVIEW_BATCH,USER_REVIEW_HIGH_JUDGMENT,STILL_VALID,candidate remains useful after current-main rebase
V1-ENT-0274,author,guiding_question,user_review,HIGH_JUDGMENT_USER_REQUIRED,V1-FCT-0721;V1-FCT-0724;V1-FCT-0727,SRC-0221;SRC-0222;SRC-0224,yes,high,by field default:引导问题阐释框架,USER_REVIEW_BATCH,USER_REVIEW_HIGH_JUDGMENT,STILL_VALID,candidate remains useful after current-main rebase
V1-ENT-0274,author,literary_features,user_review,HIGH_JUDGMENT_USER_REQUIRED,V1-FCT-0719;V1-FCT-0722;V1-FCT-0728,SRC-0220;SRC-0221;SRC-0224,yes,high,by field default:策展判断,USER_REVIEW_BATCH,USER_REVIEW_HIGH_JUDGMENT,STILL_VALID,candidate remains useful after current-main rebase
V1-ENT-0274,author,reader_fit,user_review,HIGH_JUDGMENT_USER_REQUIRED,V1-FCT-0718;V1-FCT-0721;V1-FCT-0727,SRC-0220;SRC-0221;SRC-0224,yes,high,by field default:读者适配判断,USER_REVIEW_BATCH,USER_REVIEW_HIGH_JUDGMENT,STILL_VALID,candidate remains useful after current-main rebase
V1-ENT-0274,author,reader_lede,user_review,TEMPLATE_REWRITE_REQUIRED,V1-FCT-0718;V1-FCT-0719;V1-FCT-0720,SRC-0220;SRC-0221,yes,high,模板句标记:入口连接,REWRITE_PIPELINE,USER_REVIEW_HIGH_JUDGMENT,STILL_VALID,candidate remains useful after current-main rebase
V1-ENT-0274,author,reading_route,user_review,TEMPLATE_REWRITE_REQUIRED,V1-FCT-0721;V1-FCT-0724;V1-FCT-0727,SRC-0222;SRC-0223;SRC-0224,yes,high,模板/书目转写:书目位置,REWRITE_PIPELINE,USER_REVIEW_HIGH_JUDGMENT,STILL_VALID,candidate remains useful after current-main rebase
V1-ENT-0274,author,signature_keywords,user_review,LOW_JUDGMENT_EVIDENCE_SUFFICIENT,V1-FCT-0718;V1-FCT-0719,SRC-0220;SRC-0221,yes,low,by field default:展示标签,USER_REVIEW_BATCH,USER_REVIEW_HIGH_JUDGMENT,CONFLICT_WITH_CURRENT_CURATION,field is high judgment under current validator
V1-ENT-0274,author,start_here,user_review,HIGH_JUDGMENT_USER_REQUIRED,V1-FCT-0721;V1-FCT-0724;V1-FCT-0727,SRC-0221;SRC-0222;SRC-0224,yes,high,by field default:最佳入门排序,USER_REVIEW_BATCH,USER_REVIEW_HIGH_JUDGMENT,STILL_VALID,candidate remains useful after current-main rebase
V1-ENT-0274,author,why_know,user_review,HIGH_JUDGMENT_USER_REQUIRED,V1-FCT-0721;V1-FCT-0724;V1-FCT-0727,SRC-0221;SRC-0222;SRC-0224,yes,high,by field default:入门路径推荐,USER_REVIEW_BATCH,USER_REVIEW_HIGH_JUDGMENT,STILL_VALID,candidate remains useful after current-main rebase
V1-ENT-0284,author,core_themes,user_review,HIGH_JUDGMENT_USER_REQUIRED,V1-FCT-0736;V1-FCT-0740;V1-FCT-0748,SRC-0225,yes,high,by field default:主题归纳,USER_REVIEW_BATCH,HOLD,STILL_VALID,candidate remains useful after current-main rebase
V1-ENT-0284,author,guiding_question,user_review,HIGH_JUDGMENT_USER_REQUIRED,V1-FCT-0736;V1-FCT-0740,SRC-0225,yes,high,by field default:引导问题阐释框架,USER_REVIEW_BATCH,HOLD,STILL_VALID,candidate remains useful after current-main rebase
V1-ENT-0284,author,literary_features,user_review,HIGH_JUDGMENT_USER_REQUIRED,V1-FCT-0736;V1-FCT-0740;V1-FCT-0744,SRC-0225;SRC-0226,yes,high,by field default:策展判断,USER_REVIEW_BATCH,HOLD,STILL_VALID,candidate remains useful after current-main rebase
V1-ENT-0284,author,reader_fit,user_review,HIGH_JUDGMENT_USER_REQUIRED,V1-FCT-0732;V1-FCT-0736;V1-FCT-0748,SRC-0225;SRC-0226,yes,high,by field default:读者适配判断,USER_REVIEW_BATCH,HOLD,STILL_VALID,candidate remains useful after current-main rebase
V1-ENT-0284,author,reader_lede,user_review,HIGH_JUDGMENT_USER_REQUIRED,V1-FCT-0732;V1-FCT-0735;V1-FCT-0738,SRC-0225;SRC-0226,yes,high,by field default:文学概括导语,USER_REVIEW_BATCH,HOLD,STILL_VALID,candidate remains useful after current-main rebase
V1-ENT-0284,author,reading_route,user_review,TEMPLATE_REWRITE_REQUIRED,V1-FCT-0740;V1-FCT-0744;V1-FCT-0738,SRC-0225;SRC-0226,yes,high,模板/书目转写:先定位,REWRITE_PIPELINE,HOLD,STILL_VALID,candidate remains useful after current-main rebase
V1-ENT-0284,author,signature_keywords,user_review,LOW_JUDGMENT_EVIDENCE_SUFFICIENT,V1-FCT-0736;V1-FCT-0740,SRC-0225,yes,low,by field default:展示标签,USER_REVIEW_BATCH,HOLD,CONFLICT_WITH_CURRENT_CURATION,field is high judgment under current validator
V1-ENT-0284,author,start_here,user_review,HIGH_JUDGMENT_USER_REQUIRED,V1-FCT-0738;V1-FCT-0740;V1-FCT-0744,SRC-0225;SRC-0226,yes,high,by field default:最佳入门排序,USER_REVIEW_BATCH,HOLD,STILL_VALID,candidate remains useful after current-main rebase
V1-ENT-0285,author,core_themes,user_review,HIGH_JUDGMENT_USER_REQUIRED,V1-FCT-0750;V1-FCT-0759;V1-FCT-0767,SRC-0227;SRC-0228,yes,high,by field default:主题归纳,USER_REVIEW_BATCH,USER_REVIEW_HIGH_JUDGMENT,STILL_VALID,candidate remains useful after current-main rebase
V1-ENT-0285,author,guiding_question,user_review,HIGH_JUDGMENT_USER_REQUIRED,V1-FCT-0759;V1-FCT-0763,SRC-0227,yes,high,by field default:引导问题阐释框架,USER_REVIEW_BATCH,USER_REVIEW_HIGH_JUDGMENT,STILL_VALID,candidate remains useful after current-main rebase
V1-ENT-0285,author,literary_features,user_review,HIGH_JUDGMENT_USER_REQUIRED,V1-FCT-0750;V1-FCT-0759;V1-FCT-0763,SRC-0227;SRC-0228,yes,high,by field default:策展判断,USER_REVIEW_BATCH,USER_REVIEW_HIGH_JUDGMENT,STILL_VALID,candidate remains useful after current-main rebase
V1-ENT-0285,author,reader_fit,user_review,HIGH_JUDGMENT_USER_REQUIRED,V1-FCT-0750;V1-FCT-0753;V1-FCT-0763,SRC-0227;SRC-0228,yes,high,by field default:读者适配判断,USER_REVIEW_BATCH,USER_REVIEW_HIGH_JUDGMENT,STILL_VALID,candidate remains useful after current-main rebase
V1-ENT-0285,author,reader_lede,user_review,TEMPLATE_REWRITE_REQUIRED,V1-FCT-0750;V1-FCT-0753;V1-FCT-0756,SRC-0227;SRC-0228,yes,high,模板/书目转写:书目转写句式,REWRITE_PIPELINE,USER_REVIEW_HIGH_JUDGMENT,STILL_VALID,candidate remains useful after current-main rebase
V1-ENT-0285,author,reading_route,user_review,TEMPLATE_REWRITE_REQUIRED,V1-FCT-0759;V1-FCT-0763;V1-FCT-0767,SRC-0227;SRC-0228,yes,high,模板/书目转写:书目位置,REWRITE_PIPELINE,USER_REVIEW_HIGH_JUDGMENT,STILL_VALID,candidate remains useful after current-main rebase
V1-ENT-0285,author,signature_keywords,user_review,LOW_JUDGMENT_EVIDENCE_SUFFICIENT,V1-FCT-0750;V1-FCT-0753,SRC-0227,yes,low,by field default:展示标签,USER_REVIEW_BATCH,USER_REVIEW_HIGH_JUDGMENT,CONFLICT_WITH_CURRENT_CURATION,field is high judgment under current validator
V1-ENT-0285,author,start_here,user_review,HIGH_JUDGMENT_USER_REQUIRED,V1-FCT-0759;V1-FCT-0763;V1-FCT-0767,SRC-0227;SRC-0228,yes,high,by field default:最佳入门排序,USER_REVIEW_BATCH,USER_REVIEW_HIGH_JUDGMENT,STILL_VALID,candidate remains useful after current-main rebase
V1-ENT-0285,author,why_know,user_review,HIGH_JUDGMENT_USER_REQUIRED,V1-FCT-0759;V1-FCT-0763;V1-FCT-0767,SRC-0227;SRC-0228,yes,high,by field default:入门路径推荐,USER_REVIEW_BATCH,USER_REVIEW_HIGH_JUDGMENT,STILL_VALID,candidate remains useful after current-main rebase
V1-ENT-0286,author,core_themes,user_review,HIGH_JUDGMENT_USER_REQUIRED,V1-FCT-0772;V1-FCT-0778;V1-FCT-0781,SRC-0229;SRC-0230,yes,high,by field default:主题归纳,USER_REVIEW_BATCH,USER_REVIEW_HIGH_JUDGMENT,STILL_VALID,candidate remains useful after current-main rebase
V1-ENT-0286,author,guiding_question,user_review,HIGH_JUDGMENT_USER_REQUIRED,V1-FCT-0769;V1-FCT-0772,SRC-0229;SRC-0230,yes,high,by field default:引导问题阐释框架,USER_REVIEW_BATCH,USER_REVIEW_HIGH_JUDGMENT,STILL_VALID,candidate remains useful after current-main rebase
V1-ENT-0286,author,literary_features,user_review,TEMPLATE_REWRITE_REQUIRED,V1-FCT-0769;V1-FCT-0778;V1-FCT-0782,SRC-0229;SRC-0230,yes,high,模板/书目转写:出版节点,REWRITE_PIPELINE,USER_REVIEW_HIGH_JUDGMENT,STILL_VALID,candidate remains useful after current-main rebase
V1-ENT-0286,author,reader_fit,user_review,HIGH_JUDGMENT_USER_REQUIRED,V1-FCT-0769;V1-FCT-0772;V1-FCT-0782,SRC-0229;SRC-0230,yes,high,by field default:读者适配判断,USER_REVIEW_BATCH,USER_REVIEW_HIGH_JUDGMENT,STILL_VALID,candidate remains useful after current-main rebase
V1-ENT-0286,author,reader_lede,user_review,TEMPLATE_REWRITE_REQUIRED,V1-FCT-0769;V1-FCT-0772;V1-FCT-0775,SRC-0229;SRC-0230,yes,high,模板句标记:入口连接,REWRITE_PIPELINE,USER_REVIEW_HIGH_JUDGMENT,STILL_VALID,candidate remains useful after current-main rebase
V1-ENT-0286,author,reading_route,user_review,TEMPLATE_REWRITE_REQUIRED,V1-FCT-0778;V1-FCT-0782;V1-FCT-0781,SRC-0229;SRC-0230,yes,high,模板/书目转写:书目转写句式,REWRITE_PIPELINE,USER_REVIEW_HIGH_JUDGMENT,STILL_VALID,candidate remains useful after current-main rebase
V1-ENT-0286,author,signature_keywords,user_review,LOW_JUDGMENT_EVIDENCE_SUFFICIENT,V1-FCT-0769;V1-FCT-0772,SRC-0229;SRC-0230,yes,low,by field default:展示标签,USER_REVIEW_BATCH,USER_REVIEW_HIGH_JUDGMENT,CONFLICT_WITH_CURRENT_CURATION,field is high judgment under current validator
V1-ENT-0286,author,start_here,user_review,HIGH_JUDGMENT_USER_REQUIRED,V1-FCT-0778;V1-FCT-0782;V1-FCT-0781,SRC-0229;SRC-0230,yes,high,by field default:最佳入门排序,USER_REVIEW_BATCH,USER_REVIEW_HIGH_JUDGMENT,STILL_VALID,candidate remains useful after current-main rebase
V1-ENT-0286,author,why_know,user_review,HIGH_JUDGMENT_USER_REQUIRED,V1-FCT-0778;V1-FCT-0782;V1-FCT-0781,SRC-0229;SRC-0230,yes,high,by field default:入门路径推荐,USER_REVIEW_BATCH,USER_REVIEW_HIGH_JUDGMENT,STILL_VALID,candidate remains useful after current-main rebase
V1-ENT-0296,author,core_themes,user_review,TEMPLATE_REWRITE_REQUIRED,V1-FCT-0786;V1-FCT-0787;V1-FCT-0788,SRC-0231;SRC-0232,yes,high,模板句标记:可回溯,REWRITE_PIPELINE,HOLD,STILL_VALID,candidate remains useful after current-main rebase
V1-ENT-0296,author,guiding_question,user_review,HIGH_JUDGMENT_USER_REQUIRED,V1-FCT-0786;V1-FCT-0787;V1-FCT-0788,SRC-0231;SRC-0232,yes,high,by field default:引导问题阐释框架,USER_REVIEW_BATCH,HOLD,STILL_VALID,candidate remains useful after current-main rebase
V1-ENT-0296,author,literary_features,user_review,TEMPLATE_REWRITE_REQUIRED,V1-FCT-0786;V1-FCT-0787;V1-FCT-0788,SRC-0231;SRC-0232,yes,high,模板/书目转写:同字段模板雷同×3,REWRITE_PIPELINE,HOLD,STILL_VALID,candidate remains useful after current-main rebase
V1-ENT-0296,author,reader_fit,user_review,EVIDENCE_INSUFFICIENT,V1-FCT-0786;V1-FCT-0787;V1-FCT-0788,SRC-0231;SRC-0232,partial,high,content含待核,CODEX_FACT_RECHECK,HOLD,STILL_VALID,candidate remains useful after current-main rebase
V1-ENT-0296,author,reader_lede,user_review,TEMPLATE_REWRITE_REQUIRED,V1-FCT-0786;V1-FCT-0787;V1-FCT-0788,SRC-0231;SRC-0232,yes,high,模板句标记:可回溯,REWRITE_PIPELINE,HOLD,STILL_VALID,candidate remains useful after current-main rebase
V1-ENT-0296,author,reading_route,user_review,TEMPLATE_REWRITE_REQUIRED,V1-FCT-0786;V1-FCT-0787;V1-FCT-0788,SRC-0231;SRC-0232,yes,high,模板/书目转写:先定位,REWRITE_PIPELINE,HOLD,STILL_VALID,candidate remains useful after current-main rebase
V1-ENT-0296,author,signature_keywords,user_review,TEMPLATE_REWRITE_REQUIRED,V1-FCT-0786;V1-FCT-0787;V1-FCT-0788,SRC-0231;SRC-0232,yes,low,模板/书目转写:同字段模板雷同×3,REWRITE_PIPELINE,HOLD,STILL_VALID,candidate remains useful after current-main rebase
V1-ENT-0296,author,start_here,user_review,HIGH_JUDGMENT_USER_REQUIRED,V1-FCT-0786;V1-FCT-0787;V1-FCT-0788,SRC-0231;SRC-0232,yes,high,by field default:最佳入门排序,USER_REVIEW_BATCH,HOLD,STILL_VALID,candidate remains useful after current-main rebase
V1-ENT-0297,author,core_themes,user_review,TEMPLATE_REWRITE_REQUIRED,V1-FCT-0789;V1-FCT-0790;V1-FCT-0791,SRC-0235;SRC-0236;SRC-0237;SRC-0238,yes,high,模板句标记:可回溯,REWRITE_PIPELINE,HOLD,STILL_VALID,candidate remains useful after current-main rebase
V1-ENT-0297,author,guiding_question,user_review,HIGH_JUDGMENT_USER_REQUIRED,V1-FCT-0789;V1-FCT-0790;V1-FCT-0791,SRC-0235;SRC-0236;SRC-0237;SRC-0238,yes,high,by field default:引导问题阐释框架,USER_REVIEW_BATCH,HOLD,STILL_VALID,candidate remains useful after current-main rebase
V1-ENT-0297,author,literary_features,user_review,TEMPLATE_REWRITE_REQUIRED,V1-FCT-0789;V1-FCT-0790;V1-FCT-0791,SRC-0235;SRC-0236;SRC-0237;SRC-0238,yes,high,模板/书目转写:同字段模板雷同×3,REWRITE_PIPELINE,HOLD,STILL_VALID,candidate remains useful after current-main rebase
V1-ENT-0297,author,reader_fit,user_review,EVIDENCE_INSUFFICIENT,V1-FCT-0789;V1-FCT-0790;V1-FCT-0791,SRC-0235;SRC-0236;SRC-0237;SRC-0238,partial,high,content含待核,CODEX_FACT_RECHECK,HOLD,STILL_VALID,candidate remains useful after current-main rebase
V1-ENT-0297,author,reader_lede,user_review,TEMPLATE_REWRITE_REQUIRED,V1-FCT-0789;V1-FCT-0790;V1-FCT-0791,SRC-0235;SRC-0236;SRC-0237;SRC-0238,yes,high,模板句标记:可回溯,REWRITE_PIPELINE,HOLD,STILL_VALID,candidate remains useful after current-main rebase
V1-ENT-0297,author,reading_route,user_review,TEMPLATE_REWRITE_REQUIRED,V1-FCT-0789;V1-FCT-0790;V1-FCT-0791,SRC-0235;SRC-0236;SRC-0237;SRC-0238,yes,high,模板/书目转写:先定位,REWRITE_PIPELINE,HOLD,STILL_VALID,candidate remains useful after current-main rebase
V1-ENT-0297,author,signature_keywords,user_review,TEMPLATE_REWRITE_REQUIRED,V1-FCT-0789;V1-FCT-0790;V1-FCT-0791,SRC-0235;SRC-0236;SRC-0237;SRC-0238,yes,low,模板/书目转写:同字段模板雷同×3,REWRITE_PIPELINE,HOLD,STILL_VALID,candidate remains useful after current-main rebase
V1-ENT-0297,author,start_here,user_review,HIGH_JUDGMENT_USER_REQUIRED,V1-FCT-0789;V1-FCT-0790;V1-FCT-0791,SRC-0235;SRC-0236;SRC-0237;SRC-0238,yes,high,by field default:最佳入门排序,USER_REVIEW_BATCH,HOLD,STILL_VALID,candidate remains useful after current-main rebase
V1-ENT-0298,author,core_themes,user_review,TEMPLATE_REWRITE_REQUIRED,V1-FCT-0792;V1-FCT-0793;V1-FCT-0794,SRC-0239;SRC-0240,yes,high,模板句标记:可回溯,REWRITE_PIPELINE,HOLD,STILL_VALID,candidate remains useful after current-main rebase
V1-ENT-0298,author,guiding_question,user_review,HIGH_JUDGMENT_USER_REQUIRED,V1-FCT-0792;V1-FCT-0793;V1-FCT-0794,SRC-0239;SRC-0240,yes,high,by field default:引导问题阐释框架,USER_REVIEW_BATCH,HOLD,STILL_VALID,candidate remains useful after current-main rebase
V1-ENT-0298,author,literary_features,user_review,TEMPLATE_REWRITE_REQUIRED,V1-FCT-0792;V1-FCT-0793;V1-FCT-0794,SRC-0239;SRC-0240,yes,high,模板/书目转写:同字段模板雷同×3,REWRITE_PIPELINE,HOLD,STILL_VALID,candidate remains useful after current-main rebase
V1-ENT-0298,author,reader_fit,user_review,EVIDENCE_INSUFFICIENT,V1-FCT-0792;V1-FCT-0793;V1-FCT-0794,SRC-0239;SRC-0240,partial,high,content含待核,CODEX_FACT_RECHECK,HOLD,STILL_VALID,candidate remains useful after current-main rebase
V1-ENT-0298,author,reader_lede,user_review,TEMPLATE_REWRITE_REQUIRED,V1-FCT-0792;V1-FCT-0793;V1-FCT-0794,SRC-0239;SRC-0240,yes,high,模板句标记:可回溯,REWRITE_PIPELINE,HOLD,STILL_VALID,candidate remains useful after current-main rebase
V1-ENT-0298,author,reading_route,user_review,TEMPLATE_REWRITE_REQUIRED,V1-FCT-0792;V1-FCT-0793;V1-FCT-0794,SRC-0239;SRC-0240,yes,high,模板/书目转写:先定位,REWRITE_PIPELINE,HOLD,STILL_VALID,candidate remains useful after current-main rebase
V1-ENT-0298,author,signature_keywords,user_review,TEMPLATE_REWRITE_REQUIRED,V1-FCT-0792;V1-FCT-0793;V1-FCT-0794,SRC-0239;SRC-0240,yes,low,模板/书目转写:同字段模板雷同×3,REWRITE_PIPELINE,HOLD,STILL_VALID,candidate remains useful after current-main rebase
V1-ENT-0298,author,start_here,user_review,HIGH_JUDGMENT_USER_REQUIRED,V1-FCT-0792;V1-FCT-0793;V1-FCT-0794,SRC-0239;SRC-0240,yes,high,by field default:最佳入门排序,USER_REVIEW_BATCH,HOLD,STILL_VALID,candidate remains useful after current-main rebase
V1-ENT-0308,author,core_themes,user_review,HIGH_JUDGMENT_USER_REQUIRED,V1-FCT-0823;V1-FCT-0825;V1-FCT-0825,SRC-0241,yes,high,by field default:主题归纳,USER_REVIEW_BATCH,USER_REVIEW_HIGH_JUDGMENT,STILL_VALID,candidate remains useful after current-main rebase
V1-ENT-0308,author,guiding_question,user_review,HIGH_JUDGMENT_USER_REQUIRED,V1-FCT-0821;V1-FCT-0823,SRC-0241,yes,high,by field default:引导问题阐释框架,USER_REVIEW_BATCH,USER_REVIEW_HIGH_JUDGMENT,STILL_VALID,candidate remains useful after current-main rebase
V1-ENT-0308,author,literary_features,user_review,HIGH_JUDGMENT_USER_REQUIRED,V1-FCT-0821;V1-FCT-0823;V1-FCT-0825,SRC-0241;SRC-0242,yes,high,by field default:策展判断,USER_REVIEW_BATCH,USER_REVIEW_HIGH_JUDGMENT,STILL_VALID,candidate remains useful after current-main rebase
V1-ENT-0308,author,reader_fit,user_review,TEMPLATE_REWRITE_REQUIRED,V1-FCT-0819;V1-FCT-0823;V1-FCT-0825,SRC-0241;SRC-0242,yes,high,模板/书目转写:书目时间线,REWRITE_PIPELINE,USER_REVIEW_HIGH_JUDGMENT,STILL_VALID,candidate remains useful after current-main rebase
V1-ENT-0308,author,reader_lede,user_review,TEMPLATE_REWRITE_REQUIRED,V1-FCT-0819;V1-FCT-0820;V1-FCT-0821,SRC-0241;SRC-0242,yes,high,模板句标记:可回溯,REWRITE_PIPELINE,USER_REVIEW_HIGH_JUDGMENT,STILL_VALID,candidate remains useful after current-main rebase
V1-ENT-0308,author,reading_route,user_review,TEMPLATE_REWRITE_REQUIRED,V1-FCT-0823;V1-FCT-0825;V1-FCT-0825,SRC-0241;SRC-0242,yes,high,模板/书目转写:先定位,REWRITE_PIPELINE,USER_REVIEW_HIGH_JUDGMENT,STILL_VALID,candidate remains useful after current-main rebase
V1-ENT-0308,author,signature_keywords,user_review,LOW_JUDGMENT_EVIDENCE_SUFFICIENT,V1-FCT-0820;V1-FCT-0823,SRC-0241,yes,low,by field default:展示标签,USER_REVIEW_BATCH,USER_REVIEW_HIGH_JUDGMENT,CONFLICT_WITH_CURRENT_CURATION,field is high judgment under current validator
V1-ENT-0308,author,start_here,user_review,HIGH_JUDGMENT_USER_REQUIRED,V1-FCT-0823;V1-FCT-0825;V1-FCT-0825,SRC-0241;SRC-0242,yes,high,by field default:最佳入门排序,USER_REVIEW_BATCH,USER_REVIEW_HIGH_JUDGMENT,STILL_VALID,candidate remains useful after current-main rebase
V1-ENT-0308,author,why_know,user_review,HIGH_JUDGMENT_USER_REQUIRED,V1-FCT-0823;V1-FCT-0825;V1-FCT-0825,SRC-0241;SRC-0242,yes,high,by field default:入门路径推荐,USER_REVIEW_BATCH,USER_REVIEW_HIGH_JUDGMENT,STILL_VALID,candidate remains useful after current-main rebase
V1-ENT-0309,author,core_themes,user_review,TEMPLATE_REWRITE_REQUIRED,V1-FCT-0832;V1-FCT-0835;V1-FCT-0838,SRC-0243;SRC-0244,yes,high,模板/书目转写:书目转写句式,REWRITE_PIPELINE,USER_REVIEW_HIGH_JUDGMENT,STILL_VALID,candidate remains useful after current-main rebase
V1-ENT-0309,author,guiding_question,user_review,TEMPLATE_REWRITE_REQUIRED,V1-FCT-0832;V1-FCT-0835,SRC-0243,yes,high,模板/书目转写:出版节点,REWRITE_PIPELINE,USER_REVIEW_HIGH_JUDGMENT,STILL_VALID,candidate remains useful after current-main rebase
V1-ENT-0309,author,literary_features,user_review,HIGH_JUDGMENT_USER_REQUIRED,V1-FCT-0829;V1-FCT-0832;V1-FCT-0838,SRC-0243;SRC-0244,yes,high,by field default:策展判断,USER_REVIEW_BATCH,USER_REVIEW_HIGH_JUDGMENT,STILL_VALID,candidate remains useful after current-main rebase
V1-ENT-0309,author,reader_fit,user_review,HIGH_JUDGMENT_USER_REQUIRED,V1-FCT-0829;V1-FCT-0832;V1-FCT-0838,SRC-0243;SRC-0244,yes,high,by field default:读者适配判断,USER_REVIEW_BATCH,USER_REVIEW_HIGH_JUDGMENT,STILL_VALID,candidate remains useful after current-main rebase
V1-ENT-0309,author,reader_lede,user_review,TEMPLATE_REWRITE_REQUIRED,V1-FCT-0829;V1-FCT-0832;V1-FCT-0835,SRC-0243;SRC-0244,yes,high,模板/书目转写:书目转写句式,REWRITE_PIPELINE,USER_REVIEW_HIGH_JUDGMENT,STILL_VALID,candidate remains useful after current-main rebase
V1-ENT-0309,author,reading_route,user_review,HIGH_JUDGMENT_USER_REQUIRED,V1-FCT-0832;V1-FCT-0835;V1-FCT-0838,SRC-0243;SRC-0244,yes,high,by field default:阅读路线排序,USER_REVIEW_BATCH,USER_REVIEW_HIGH_JUDGMENT,STILL_VALID,candidate remains useful after current-main rebase
V1-ENT-0309,author,signature_keywords,user_review,LOW_JUDGMENT_EVIDENCE_SUFFICIENT,V1-FCT-0832;V1-FCT-0835,SRC-0243,yes,low,by field default:展示标签,USER_REVIEW_BATCH,USER_REVIEW_HIGH_JUDGMENT,CONFLICT_WITH_CURRENT_CURATION,field is high judgment under current validator
V1-ENT-0309,author,start_here,user_review,HIGH_JUDGMENT_USER_REQUIRED,V1-FCT-0832;V1-FCT-0835;V1-FCT-0838,SRC-0243;SRC-0244,yes,high,by field default:最佳入门排序,USER_REVIEW_BATCH,USER_REVIEW_HIGH_JUDGMENT,STILL_VALID,candidate remains useful after current-main rebase
V1-ENT-0309,author,why_know,user_review,HIGH_JUDGMENT_USER_REQUIRED,V1-FCT-0832;V1-FCT-0835;V1-FCT-0838,SRC-0243;SRC-0244,yes,high,by field default:入门路径推荐,USER_REVIEW_BATCH,USER_REVIEW_HIGH_JUDGMENT,STILL_VALID,candidate remains useful after current-main rebase
V1-ENT-0310,author,core_themes,user_review,HIGH_JUDGMENT_USER_REQUIRED,V1-FCT-0844;V1-FCT-0847;V1-FCT-0850,SRC-0245;SRC-0246,yes,high,by field default:主题归纳,USER_REVIEW_BATCH,USER_REVIEW_HIGH_JUDGMENT,STILL_VALID,candidate remains useful after current-main rebase
V1-ENT-0310,author,guiding_question,user_review,HIGH_JUDGMENT_USER_REQUIRED,V1-FCT-0844;V1-FCT-0847,SRC-0245;SRC-0246,yes,high,by field default:引导问题阐释框架,USER_REVIEW_BATCH,USER_REVIEW_HIGH_JUDGMENT,STILL_VALID,candidate remains useful after current-main rebase
V1-ENT-0310,author,literary_features,user_review,HIGH_JUDGMENT_USER_REQUIRED,V1-FCT-0841;V1-FCT-0844;V1-FCT-0850,SRC-0245;SRC-0246,yes,high,by field default:策展判断,USER_REVIEW_BATCH,USER_REVIEW_HIGH_JUDGMENT,STILL_VALID,candidate remains useful after current-main rebase
V1-ENT-0310,author,reader_fit,user_review,HIGH_JUDGMENT_USER_REQUIRED,V1-FCT-0841;V1-FCT-0844;V1-FCT-0850,SRC-0245;SRC-0246,yes,high,by field default:读者适配判断,USER_REVIEW_BATCH,USER_REVIEW_HIGH_JUDGMENT,STILL_VALID,candidate remains useful after current-main rebase
V1-ENT-0310,author,reader_lede,user_review,TEMPLATE_REWRITE_REQUIRED,V1-FCT-0841;V1-FCT-0842;V1-FCT-0843,SRC-0245;SRC-0246,yes,high,模板/书目转写:书目转写句式,REWRITE_PIPELINE,USER_REVIEW_HIGH_JUDGMENT,STILL_VALID,candidate remains useful after current-main rebase
V1-ENT-0310,author,reading_route,user_review,TEMPLATE_REWRITE_REQUIRED,V1-FCT-0844;V1-FCT-0847;V1-FCT-0850,SRC-0245;SRC-0246,yes,high,模板/书目转写:先定位,REWRITE_PIPELINE,USER_REVIEW_HIGH_JUDGMENT,STILL_VALID,candidate remains useful after current-main rebase
V1-ENT-0310,author,signature_keywords,user_review,LOW_JUDGMENT_EVIDENCE_SUFFICIENT,V1-FCT-0842;V1-FCT-0844,SRC-0245,yes,low,by field default:展示标签,USER_REVIEW_BATCH,USER_REVIEW_HIGH_JUDGMENT,CONFLICT_WITH_CURRENT_CURATION,field is high judgment under current validator
V1-ENT-0310,author,start_here,user_review,HIGH_JUDGMENT_USER_REQUIRED,V1-FCT-0844;V1-FCT-0847;V1-FCT-0850,SRC-0245;SRC-0246,yes,high,by field default:最佳入门排序,USER_REVIEW_BATCH,USER_REVIEW_HIGH_JUDGMENT,STILL_VALID,candidate remains useful after current-main rebase
V1-ENT-0310,author,why_know,user_review,HIGH_JUDGMENT_USER_REQUIRED,V1-FCT-0844;V1-FCT-0847;V1-FCT-0850,SRC-0245;SRC-0246,yes,high,by field default:入门路径推荐,USER_REVIEW_BATCH,USER_REVIEW_HIGH_JUDGMENT,STILL_VALID,candidate remains useful after current-main rebase
V1-ENT-0320,author,core_themes,user_review,HIGH_JUDGMENT_USER_REQUIRED,V1-FCT-0859;V1-FCT-0865,SRC-0248,yes,high,by field default:主题归纳,USER_REVIEW_BATCH,USER_REVIEW_HIGH_JUDGMENT,STILL_VALID,candidate remains useful after current-main rebase
V1-ENT-0320,author,guiding_question,user_review,HIGH_JUDGMENT_USER_REQUIRED,V1-FCT-0859;V1-FCT-0865,SRC-0248,yes,high,by field default:引导问题阐释框架,USER_REVIEW_BATCH,USER_REVIEW_HIGH_JUDGMENT,STILL_VALID,candidate remains useful after current-main rebase
V1-ENT-0320,author,literary_features,user_review,HIGH_JUDGMENT_USER_REQUIRED,V1-FCT-0857;V1-FCT-0860;V1-FCT-0866,SRC-0247;SRC-0248,yes,high,by field default:策展判断,USER_REVIEW_BATCH,USER_REVIEW_HIGH_JUDGMENT,STILL_VALID,candidate remains useful after current-main rebase
V1-ENT-0320,author,reader_fit,user_review,HIGH_JUDGMENT_USER_REQUIRED,V1-FCT-0855;V1-FCT-0859;V1-FCT-0862,SRC-0247;SRC-0248,yes,high,by field default:读者适配判断,USER_REVIEW_BATCH,USER_REVIEW_HIGH_JUDGMENT,STILL_VALID,candidate remains useful after current-main rebase
V1-ENT-0320,author,reader_lede,user_review,HIGH_JUDGMENT_USER_REQUIRED,V1-FCT-0855;V1-FCT-0857;V1-FCT-0865,SRC-0247;SRC-0248,yes,high,by field default:文学概括导语,USER_REVIEW_BATCH,USER_REVIEW_HIGH_JUDGMENT,STILL_VALID,candidate remains useful after current-main rebase
V1-ENT-0320,author,reading_route,user_review,TEMPLATE_REWRITE_REQUIRED,V1-FCT-0859;V1-FCT-0865;V1-FCT-0862,SRC-0247;SRC-0248,yes,high,模板/书目转写:先定位,REWRITE_PIPELINE,USER_REVIEW_HIGH_JUDGMENT,STILL_VALID,candidate remains useful after current-main rebase
V1-ENT-0320,author,signature_keywords,user_review,LOW_JUDGMENT_EVIDENCE_SUFFICIENT,V1-FCT-0857;V1-FCT-0865,SRC-0248,yes,low,by field default:展示标签,USER_REVIEW_BATCH,USER_REVIEW_HIGH_JUDGMENT,CONFLICT_WITH_CURRENT_CURATION,field is high judgment under current validator
V1-ENT-0320,author,start_here,user_review,HIGH_JUDGMENT_USER_REQUIRED,V1-FCT-0859;V1-FCT-0865;V1-FCT-0862,SRC-0247;SRC-0248,yes,high,by field default:最佳入门排序,USER_REVIEW_BATCH,USER_REVIEW_HIGH_JUDGMENT,STILL_VALID,candidate remains useful after current-main rebase
V1-ENT-0320,author,why_know,user_review,HIGH_JUDGMENT_USER_REQUIRED,V1-FCT-0859;V1-FCT-0862;V1-FCT-0865,SRC-0247;SRC-0248,yes,high,by field default:入门路径推荐,USER_REVIEW_BATCH,USER_REVIEW_HIGH_JUDGMENT,STILL_VALID,candidate remains useful after current-main rebase
V1-ENT-0321,author,core_themes,user_review,TEMPLATE_REWRITE_REQUIRED,V1-FCT-0871;V1-FCT-0873,SRC-0249;SRC-0250,yes,high,模板/书目转写:书目时间线,REWRITE_PIPELINE,USER_REVIEW_HIGH_JUDGMENT,STILL_VALID,candidate remains useful after current-main rebase
V1-ENT-0321,author,guiding_question,user_review,EVIDENCE_INSUFFICIENT,V1-FCT-0873;V1-FCT-0874,SRC-0249,partial,high,content含待补,CODEX_FACT_RECHECK,USER_REVIEW_HIGH_JUDGMENT,STILL_VALID,candidate remains useful after current-main rebase
V1-ENT-0321,author,literary_features,user_review,TEMPLATE_REWRITE_REQUIRED,V1-FCT-0869;V1-FCT-0871;V1-FCT-0876,SRC-0249;SRC-0250,yes,high,模板/书目转写:暂译,REWRITE_PIPELINE,USER_REVIEW_HIGH_JUDGMENT,STILL_VALID,candidate remains useful after current-main rebase
V1-ENT-0321,author,reader_fit,user_review,HIGH_JUDGMENT_USER_REQUIRED,V1-FCT-0867;V1-FCT-0871;V1-FCT-0876,SRC-0249,yes,high,by field default:读者适配判断,USER_REVIEW_BATCH,USER_REVIEW_HIGH_JUDGMENT,STILL_VALID,candidate remains useful after current-main rebase
V1-ENT-0321,author,reader_lede,user_review,TEMPLATE_REWRITE_REQUIRED,V1-FCT-0867;V1-FCT-0869;V1-FCT-0874,SRC-0249;SRC-0250,yes,high,模板/书目转写:书目节点,REWRITE_PIPELINE,USER_REVIEW_HIGH_JUDGMENT,STILL_VALID,candidate remains useful after current-main rebase
V1-ENT-0321,author,reading_route,user_review,HIGH_JUDGMENT_USER_REQUIRED,V1-FCT-0871;V1-FCT-0874;V1-FCT-0876,SRC-0249;SRC-0250,yes,high,by field default:阅读路线排序,USER_REVIEW_BATCH,USER_REVIEW_HIGH_JUDGMENT,STILL_VALID,candidate remains useful after current-main rebase
V1-ENT-0321,author,signature_keywords,user_review,TEMPLATE_REWRITE_REQUIRED,V1-FCT-0869;V1-FCT-0873,SRC-0250,yes,low,模板/书目转写:书目节点,REWRITE_PIPELINE,USER_REVIEW_HIGH_JUDGMENT,STILL_VALID,candidate remains useful after current-main rebase
V1-ENT-0321,author,start_here,user_review,HIGH_JUDGMENT_USER_REQUIRED,V1-FCT-0871;V1-FCT-0874;V1-FCT-0876,SRC-0249;SRC-0250,yes,high,by field default:最佳入门排序,USER_REVIEW_BATCH,USER_REVIEW_HIGH_JUDGMENT,STILL_VALID,candidate remains useful after current-main rebase
V1-ENT-0321,author,why_know,user_review,TEMPLATE_REWRITE_REQUIRED,V1-FCT-0871;V1-FCT-0874;V1-FCT-0876,SRC-0249;SRC-0250,yes,high,"模板句标记:可回溯,不把",REWRITE_PIPELINE,USER_REVIEW_HIGH_JUDGMENT,STILL_VALID,candidate remains useful after current-main rebase
V1-ENT-0322,author,core_themes,user_review,TEMPLATE_REWRITE_REQUIRED,V1-FCT-0878;V1-FCT-0885;V1-FCT-0888,SRC-0251;SRC-0252;SRC-0253,yes,high,模板/书目转写:书目入口,REWRITE_PIPELINE,USER_REVIEW_HIGH_JUDGMENT,STILL_VALID,candidate remains useful after current-main rebase
V1-ENT-0322,author,guiding_question,user_review,HIGH_JUDGMENT_USER_REQUIRED,V1-FCT-0883;V1-FCT-0886;V1-FCT-0889,SRC-0251;SRC-0252;SRC-0253,yes,high,by field default:引导问题阐释框架,USER_REVIEW_BATCH,USER_REVIEW_HIGH_JUDGMENT,STILL_VALID,candidate remains useful after current-main rebase
V1-ENT-0322,author,literary_features,user_review,HIGH_JUDGMENT_USER_REQUIRED,V1-FCT-0883;V1-FCT-0886;V1-FCT-0889,SRC-0251;SRC-0252;SRC-0253,yes,high,by field default:策展判断,USER_REVIEW_BATCH,USER_REVIEW_HIGH_JUDGMENT,STILL_VALID,candidate remains useful after current-main rebase
V1-ENT-0322,author,reader_fit,user_review,HIGH_JUDGMENT_USER_REQUIRED,V1-FCT-0878;V1-FCT-0883;V1-FCT-0886,SRC-0251;SRC-0252,yes,high,by field default:读者适配判断,USER_REVIEW_BATCH,USER_REVIEW_HIGH_JUDGMENT,STILL_VALID,candidate remains useful after current-main rebase
V1-ENT-0322,author,reader_lede,user_review,TEMPLATE_REWRITE_REQUIRED,V1-FCT-0878;V1-FCT-0880;V1-FCT-0882,SRC-0251;SRC-0252;SRC-0253,yes,high,模板句标记:入口连接,REWRITE_PIPELINE,USER_REVIEW_HIGH_JUDGMENT,STILL_VALID,candidate remains useful after current-main rebase
V1-ENT-0322,author,reading_route,user_review,HIGH_JUDGMENT_USER_REQUIRED,V1-FCT-0882;V1-FCT-0885;V1-FCT-0888,SRC-0251;SRC-0252;SRC-0253,yes,high,by field default:阅读路线排序,USER_REVIEW_BATCH,USER_REVIEW_HIGH_JUDGMENT,STILL_VALID,candidate remains useful after current-main rebase
V1-ENT-0322,author,signature_keywords,user_review,LOW_JUDGMENT_EVIDENCE_SUFFICIENT,V1-FCT-0880;V1-FCT-0883,SRC-0251;SRC-0253,yes,low,by field default:展示标签,USER_REVIEW_BATCH,USER_REVIEW_HIGH_JUDGMENT,CONFLICT_WITH_CURRENT_CURATION,field is high judgment under current validator
V1-ENT-0322,author,start_here,user_review,HIGH_JUDGMENT_USER_REQUIRED,V1-FCT-0882;V1-FCT-0885;V1-FCT-0888,SRC-0251;SRC-0252;SRC-0253,yes,high,by field default:最佳入门排序,USER_REVIEW_BATCH,USER_REVIEW_HIGH_JUDGMENT,STILL_VALID,candidate remains useful after current-main rebase
V1-ENT-0322,author,why_know,user_review,HIGH_JUDGMENT_USER_REQUIRED,V1-FCT-0882;V1-FCT-0885;V1-FCT-0888,SRC-0251;SRC-0252;SRC-0253,yes,high,by field default:入门路径推荐,USER_REVIEW_BATCH,USER_REVIEW_HIGH_JUDGMENT,STILL_VALID,candidate remains useful after current-main rebase
V1-ENT-0332,author,core_themes,user_review,TEMPLATE_REWRITE_REQUIRED,V1-FCT-0895;V1-FCT-0900,SRC-0254;SRC-0255,yes,high,模板句标记:不把,REWRITE_PIPELINE,USER_REVIEW_HIGH_JUDGMENT,STILL_VALID,candidate remains useful after current-main rebase
V1-ENT-0332,author,guiding_question,user_review,HIGH_JUDGMENT_USER_REQUIRED,V1-FCT-0894;V1-FCT-0900,SRC-0254;SRC-0255,yes,high,by field default:引导问题阐释框架,USER_REVIEW_BATCH,USER_REVIEW_HIGH_JUDGMENT,STILL_VALID,candidate remains useful after current-main rebase
V1-ENT-0332,author,literary_features,user_review,TEMPLATE_REWRITE_REQUIRED,V1-FCT-0893;V1-FCT-0899;V1-FCT-0897,SRC-0254;SRC-0255,yes,high,"模板/书目转写:书目节点,暂译",REWRITE_PIPELINE,USER_REVIEW_HIGH_JUDGMENT,STILL_VALID,candidate remains useful after current-main rebase
V1-ENT-0332,author,reader_fit,user_review,HIGH_JUDGMENT_USER_REQUIRED,V1-FCT-0894;V1-FCT-0897;V1-FCT-0900,SRC-0254;SRC-0255,yes,high,by field default:读者适配判断,USER_REVIEW_BATCH,USER_REVIEW_HIGH_JUDGMENT,STILL_VALID,candidate remains useful after current-main rebase
V1-ENT-0332,author,reader_lede,user_review,TEMPLATE_REWRITE_REQUIRED,V1-FCT-0890;V1-FCT-0892;V1-FCT-0897,SRC-0254;SRC-0255,yes,high,模板句标记:入口连接,REWRITE_PIPELINE,USER_REVIEW_HIGH_JUDGMENT,STILL_VALID,candidate remains useful after current-main rebase
V1-ENT-0332,author,reading_route,user_review,TEMPLATE_REWRITE_REQUIRED,V1-FCT-0894;V1-FCT-0897;V1-FCT-0900,SRC-0254;SRC-0255,yes,high,模板/书目转写:先定位,REWRITE_PIPELINE,USER_REVIEW_HIGH_JUDGMENT,STILL_VALID,candidate remains useful after current-main rebase
V1-ENT-0332,author,signature_keywords,user_review,LOW_JUDGMENT_EVIDENCE_SUFFICIENT,V1-FCT-0895;V1-FCT-0899,SRC-0254;SRC-0255,yes,low,by field default:展示标签,USER_REVIEW_BATCH,USER_REVIEW_HIGH_JUDGMENT,CONFLICT_WITH_CURRENT_CURATION,field is high judgment under current validator
V1-ENT-0332,author,start_here,user_review,HIGH_JUDGMENT_USER_REQUIRED,V1-FCT-0894;V1-FCT-0897;V1-FCT-0900,SRC-0254;SRC-0255,yes,high,by field default:最佳入门排序,USER_REVIEW_BATCH,USER_REVIEW_HIGH_JUDGMENT,STILL_VALID,candidate remains useful after current-main rebase
V1-ENT-0332,author,why_know,user_review,HIGH_JUDGMENT_USER_REQUIRED,V1-FCT-0894;V1-FCT-0897;V1-FCT-0900,SRC-0254;SRC-0255,yes,high,by field default:入门路径推荐,USER_REVIEW_BATCH,USER_REVIEW_HIGH_JUDGMENT,STILL_VALID,candidate remains useful after current-main rebase
V1-ENT-0333,author,core_themes,user_review,HIGH_JUDGMENT_USER_REQUIRED,V1-FCT-0907;V1-FCT-0910;V1-FCT-0913,SRC-0256;SRC-0257,yes,high,by field default:主题归纳,USER_REVIEW_BATCH,USER_REVIEW_HIGH_JUDGMENT,STILL_VALID,candidate remains useful after current-main rebase
V1-ENT-0333,author,guiding_question,user_review,EVIDENCE_INSUFFICIENT,V1-FCT-0912;V1-GAP-0022,SRC-0256;SRC-0257,no,high,research_refs指向gap:V1-GAP-0022,RESEARCH_GAP_PIPELINE,USER_REVIEW_HIGH_JUDGMENT,STILL_VALID,candidate remains useful after current-main rebase
V1-ENT-0333,author,literary_features,user_review,HIGH_JUDGMENT_USER_REQUIRED,V1-FCT-0905;V1-FCT-0911;V1-FCT-0912,SRC-0256;SRC-0257,yes,high,by field default:策展判断,USER_REVIEW_BATCH,USER_REVIEW_HIGH_JUDGMENT,STILL_VALID,candidate remains useful after current-main rebase
V1-ENT-0333,author,reader_fit,user_review,HIGH_JUDGMENT_USER_REQUIRED,V1-FCT-0906;V1-FCT-0909;V1-FCT-0912,SRC-0256;SRC-0257,yes,high,by field default:读者适配判断,USER_REVIEW_BATCH,USER_REVIEW_HIGH_JUDGMENT,STILL_VALID,candidate remains useful after current-main rebase
V1-ENT-0333,author,reader_lede,user_review,HIGH_JUDGMENT_USER_REQUIRED,V1-FCT-0902;V1-FCT-0904;V1-FCT-0912,SRC-0256;SRC-0257,yes,high,by field default:文学概括导语,USER_REVIEW_BATCH,USER_REVIEW_HIGH_JUDGMENT,STILL_VALID,candidate remains useful after current-main rebase
V1-ENT-0333,author,reading_route,user_review,TEMPLATE_REWRITE_REQUIRED,V1-FCT-0906;V1-FCT-0909;V1-FCT-0912,SRC-0256;SRC-0257,yes,high,模板/书目转写:先定位,REWRITE_PIPELINE,USER_REVIEW_HIGH_JUDGMENT,STILL_VALID,candidate remains useful after current-main rebase
V1-ENT-0333,author,signature_keywords,user_review,LOW_JUDGMENT_EVIDENCE_SUFFICIENT,V1-FCT-0911;V1-FCT-0912,SRC-0256;SRC-0257,yes,low,by field default:展示标签,USER_REVIEW_BATCH,USER_REVIEW_HIGH_JUDGMENT,CONFLICT_WITH_CURRENT_CURATION,field is high judgment under current validator
V1-ENT-0333,author,start_here,user_review,HIGH_JUDGMENT_USER_REQUIRED,V1-FCT-0906;V1-FCT-0909;V1-FCT-0912,SRC-0256;SRC-0257,yes,high,by field default:最佳入门排序,USER_REVIEW_BATCH,USER_REVIEW_HIGH_JUDGMENT,STILL_VALID,candidate remains useful after current-main rebase
V1-ENT-0333,author,why_know,user_review,HIGH_JUDGMENT_USER_REQUIRED,V1-FCT-0906;V1-FCT-0909;V1-FCT-0912,SRC-0256;SRC-0257,yes,high,by field default:入门路径推荐,USER_REVIEW_BATCH,USER_REVIEW_HIGH_JUDGMENT,STILL_VALID,candidate remains useful after current-main rebase
V1-ENT-0334,author,core_themes,user_review,HIGH_JUDGMENT_USER_REQUIRED,V1-FCT-0919;V1-FCT-0925;V1-REL-0271,SRC-0258;SRC-0259;SRC-0260,yes,high,by field default:主题归纳,USER_REVIEW_BATCH,USER_REVIEW_HIGH_JUDGMENT,STILL_VALID,candidate remains useful after current-main rebase
V1-ENT-0334,author,guiding_question,user_review,HIGH_JUDGMENT_USER_REQUIRED,V1-FCT-0918;V1-FCT-0921;V1-FCT-0924,SRC-0259;SRC-0260,yes,high,by field default:引导问题阐释框架,USER_REVIEW_BATCH,USER_REVIEW_HIGH_JUDGMENT,STILL_VALID,candidate remains useful after current-main rebase
V1-ENT-0334,author,literary_features,user_review,HIGH_JUDGMENT_USER_REQUIRED,V1-FCT-0917;V1-FCT-0923;V1-REL-0271,SRC-0258;SRC-0259;SRC-0260,yes,high,by field default:策展判断,USER_REVIEW_BATCH,USER_REVIEW_HIGH_JUDGMENT,STILL_VALID,candidate remains useful after current-main rebase
V1-ENT-0334,author,reader_fit,user_review,HIGH_JUDGMENT_USER_REQUIRED,V1-FCT-0918;V1-FCT-0921;V1-FCT-0924,SRC-0259;SRC-0260,yes,high,by field default:读者适配判断,USER_REVIEW_BATCH,USER_REVIEW_HIGH_JUDGMENT,STILL_VALID,candidate remains useful after current-main rebase
V1-ENT-0334,author,reader_lede,user_review,TEMPLATE_REWRITE_REQUIRED,V1-FCT-0914;V1-FCT-0916;V1-FCT-0924,SRC-0258;SRC-0259;SRC-0260,yes,high,模板句标记:入口连接,REWRITE_PIPELINE,USER_REVIEW_HIGH_JUDGMENT,STILL_VALID,candidate remains useful after current-main rebase
V1-ENT-0334,author,reading_route,user_review,HIGH_JUDGMENT_USER_REQUIRED,V1-FCT-0918;V1-FCT-0921;V1-FCT-0924,SRC-0259;SRC-0260,yes,high,by field default:阅读路线排序,USER_REVIEW_BATCH,USER_REVIEW_HIGH_JUDGMENT,STILL_VALID,candidate remains useful after current-main rebase
V1-ENT-0334,author,signature_keywords,user_review,LOW_JUDGMENT_EVIDENCE_SUFFICIENT,V1-FCT-0919;V1-FCT-0925,SRC-0259;SRC-0260,yes,low,by field default:展示标签,USER_REVIEW_BATCH,USER_REVIEW_HIGH_JUDGMENT,CONFLICT_WITH_CURRENT_CURATION,field is high judgment under current validator
V1-ENT-0334,author,start_here,user_review,HIGH_JUDGMENT_USER_REQUIRED,V1-FCT-0918;V1-FCT-0921;V1-FCT-0924,SRC-0259;SRC-0260,yes,high,by field default:最佳入门排序,USER_REVIEW_BATCH,USER_REVIEW_HIGH_JUDGMENT,STILL_VALID,candidate remains useful after current-main rebase
V1-ENT-0334,author,why_know,user_review,HIGH_JUDGMENT_USER_REQUIRED,V1-FCT-0918;V1-FCT-0921;V1-FCT-0924,SRC-0259;SRC-0260,yes,high,by field default:入门路径推荐,USER_REVIEW_BATCH,USER_REVIEW_HIGH_JUDGMENT,STILL_VALID,candidate remains useful after current-main rebase
V1-ENT-0344,author,core_themes,user_review,TEMPLATE_REWRITE_REQUIRED,V1-FCT-0926;V1-FCT-0927;V1-FCT-0928,SRC-0261;SRC-0262,yes,high,模板/书目转写:同字段模板雷同×3,REWRITE_PIPELINE,USER_REVIEW_HIGH_JUDGMENT,STILL_VALID,candidate remains useful after current-main rebase
V1-ENT-0344,author,guiding_question,user_review,TEMPLATE_REWRITE_REQUIRED,V1-FCT-0926;V1-FCT-0927;V1-FCT-0928,SRC-0261;SRC-0262,yes,high,模板/书目转写:西文题名,REWRITE_PIPELINE,USER_REVIEW_HIGH_JUDGMENT,STILL_VALID,candidate remains useful after current-main rebase
V1-ENT-0344,author,literary_features,user_review,TEMPLATE_REWRITE_REQUIRED,V1-FCT-0926;V1-FCT-0927;V1-FCT-0928,SRC-0261;SRC-0262,yes,high,"模板/书目转写:书目节点,暂译",REWRITE_PIPELINE,USER_REVIEW_HIGH_JUDGMENT,STILL_VALID,candidate remains useful after current-main rebase
V1-ENT-0344,author,reader_fit,user_review,HIGH_JUDGMENT_USER_REQUIRED,V1-FCT-0926;V1-FCT-0927;V1-FCT-0928,SRC-0261;SRC-0262,yes,high,by field default:读者适配判断,USER_REVIEW_BATCH,USER_REVIEW_HIGH_JUDGMENT,STILL_VALID,candidate remains useful after current-main rebase
V1-ENT-0344,author,reader_lede,user_review,TEMPLATE_REWRITE_REQUIRED,V1-FCT-0926;V1-FCT-0927;V1-FCT-0928,SRC-0261;SRC-0262,yes,high,"模板/书目转写:书目节点,西文题名",REWRITE_PIPELINE,USER_REVIEW_HIGH_JUDGMENT,STILL_VALID,candidate remains useful after current-main rebase
V1-ENT-0344,author,reading_route,user_review,TEMPLATE_REWRITE_REQUIRED,V1-FCT-0926;V1-FCT-0927;V1-FCT-0928,SRC-0261;SRC-0262,yes,high,模板/书目转写:先定位,REWRITE_PIPELINE,USER_REVIEW_HIGH_JUDGMENT,STILL_VALID,candidate remains useful after current-main rebase
V1-ENT-0344,author,signature_keywords,user_review,LOW_JUDGMENT_EVIDENCE_SUFFICIENT,V1-FCT-0926;V1-FCT-0927;V1-FCT-0928,SRC-0261;SRC-0262,yes,low,by field default:展示标签,USER_REVIEW_BATCH,USER_REVIEW_HIGH_JUDGMENT,CONFLICT_WITH_CURRENT_CURATION,field is high judgment under current validator
V1-ENT-0344,author,start_here,user_review,HIGH_JUDGMENT_USER_REQUIRED,V1-FCT-0926;V1-FCT-0927;V1-FCT-0928,SRC-0261;SRC-0262,yes,high,by field default:最佳入门排序,USER_REVIEW_BATCH,USER_REVIEW_HIGH_JUDGMENT,STILL_VALID,candidate remains useful after current-main rebase
V1-ENT-0344,author,why_know,user_review,TEMPLATE_REWRITE_REQUIRED,V1-FCT-0926;V1-FCT-0927;V1-FCT-0928,SRC-0261;SRC-0262,yes,high,模板/书目转写:书目转写句式,REWRITE_PIPELINE,USER_REVIEW_HIGH_JUDGMENT,STILL_VALID,candidate remains useful after current-main rebase
V1-ENT-0345,author,core_themes,user_review,TEMPLATE_REWRITE_REQUIRED,V1-FCT-0938;V1-FCT-0939;V1-FCT-0940,SRC-0263,yes,high,模板/书目转写:同字段模板雷同×3,REWRITE_PIPELINE,USER_REVIEW_HIGH_JUDGMENT,STILL_VALID,candidate remains useful after current-main rebase
V1-ENT-0345,author,guiding_question,user_review,TEMPLATE_REWRITE_REQUIRED,V1-FCT-0938;V1-FCT-0939;V1-FCT-0940,SRC-0263,yes,high,模板/书目转写:西文题名,REWRITE_PIPELINE,USER_REVIEW_HIGH_JUDGMENT,STILL_VALID,candidate remains useful after current-main rebase
V1-ENT-0345,author,literary_features,user_review,TEMPLATE_REWRITE_REQUIRED,V1-FCT-0938;V1-FCT-0939;V1-FCT-0940,SRC-0263,yes,high,"模板/书目转写:书目节点,暂译",REWRITE_PIPELINE,USER_REVIEW_HIGH_JUDGMENT,STILL_VALID,candidate remains useful after current-main rebase
V1-ENT-0345,author,reader_fit,user_review,HIGH_JUDGMENT_USER_REQUIRED,V1-FCT-0938;V1-FCT-0939;V1-FCT-0940,SRC-0263,yes,high,by field default:读者适配判断,USER_REVIEW_BATCH,USER_REVIEW_HIGH_JUDGMENT,STILL_VALID,candidate remains useful after current-main rebase
V1-ENT-0345,author,reader_lede,user_review,TEMPLATE_REWRITE_REQUIRED,V1-FCT-0938;V1-FCT-0939;V1-FCT-0940,SRC-0263,yes,high,模板句标记:入口连接,REWRITE_PIPELINE,USER_REVIEW_HIGH_JUDGMENT,STILL_VALID,candidate remains useful after current-main rebase
V1-ENT-0345,author,reading_route,user_review,TEMPLATE_REWRITE_REQUIRED,V1-FCT-0938;V1-FCT-0939;V1-FCT-0940,SRC-0263,yes,high,模板/书目转写:先定位,REWRITE_PIPELINE,USER_REVIEW_HIGH_JUDGMENT,STILL_VALID,candidate remains useful after current-main rebase
V1-ENT-0345,author,signature_keywords,user_review,LOW_JUDGMENT_EVIDENCE_SUFFICIENT,V1-FCT-0938;V1-FCT-0939;V1-FCT-0940,SRC-0263,yes,low,by field default:展示标签,USER_REVIEW_BATCH,USER_REVIEW_HIGH_JUDGMENT,CONFLICT_WITH_CURRENT_CURATION,field is high judgment under current validator
V1-ENT-0345,author,start_here,user_review,HIGH_JUDGMENT_USER_REQUIRED,V1-FCT-0938;V1-FCT-0939;V1-FCT-0940,SRC-0263,yes,high,by field default:最佳入门排序,USER_REVIEW_BATCH,USER_REVIEW_HIGH_JUDGMENT,STILL_VALID,candidate remains useful after current-main rebase
V1-ENT-0345,author,why_know,user_review,TEMPLATE_REWRITE_REQUIRED,V1-FCT-0938;V1-FCT-0939;V1-FCT-0940,SRC-0263,yes,high,模板/书目转写:西文题名,REWRITE_PIPELINE,USER_REVIEW_HIGH_JUDGMENT,STILL_VALID,candidate remains useful after current-main rebase
V1-ENT-0346,author,core_themes,user_review,TEMPLATE_REWRITE_REQUIRED,V1-FCT-0950;V1-FCT-0951;V1-FCT-0952,SRC-0267;SRC-0268,yes,high,模板/书目转写:同字段模板雷同×3,REWRITE_PIPELINE,USER_REVIEW_HIGH_JUDGMENT,STILL_VALID,candidate remains useful after current-main rebase
V1-ENT-0346,author,guiding_question,user_review,TEMPLATE_REWRITE_REQUIRED,V1-FCT-0950;V1-FCT-0951;V1-FCT-0952,SRC-0267;SRC-0268,yes,high,模板/书目转写:西文题名,REWRITE_PIPELINE,USER_REVIEW_HIGH_JUDGMENT,STILL_VALID,candidate remains useful after current-main rebase
V1-ENT-0346,author,literary_features,user_review,TEMPLATE_REWRITE_REQUIRED,V1-FCT-0950;V1-FCT-0951;V1-FCT-0952,SRC-0267;SRC-0268,yes,high,"模板/书目转写:书目节点,暂译",REWRITE_PIPELINE,USER_REVIEW_HIGH_JUDGMENT,STILL_VALID,candidate remains useful after current-main rebase
V1-ENT-0346,author,reader_fit,user_review,HIGH_JUDGMENT_USER_REQUIRED,V1-FCT-0950;V1-FCT-0951;V1-FCT-0952,SRC-0267;SRC-0268,yes,high,by field default:读者适配判断,USER_REVIEW_BATCH,USER_REVIEW_HIGH_JUDGMENT,STILL_VALID,candidate remains useful after current-main rebase
V1-ENT-0346,author,reader_lede,user_review,TEMPLATE_REWRITE_REQUIRED,V1-FCT-0950;V1-FCT-0951;V1-FCT-0952,SRC-0267;SRC-0268,yes,high,"模板/书目转写:书目时间线,西文题名",REWRITE_PIPELINE,USER_REVIEW_HIGH_JUDGMENT,STILL_VALID,candidate remains useful after current-main rebase
V1-ENT-0346,author,reading_route,user_review,TEMPLATE_REWRITE_REQUIRED,V1-FCT-0950;V1-FCT-0951;V1-FCT-0952,SRC-0267;SRC-0268,yes,high,模板/书目转写:先定位,REWRITE_PIPELINE,USER_REVIEW_HIGH_JUDGMENT,STILL_VALID,candidate remains useful after current-main rebase
V1-ENT-0346,author,signature_keywords,user_review,LOW_JUDGMENT_EVIDENCE_SUFFICIENT,V1-FCT-0950;V1-FCT-0951;V1-FCT-0952,SRC-0267;SRC-0268,yes,low,by field default:展示标签,USER_REVIEW_BATCH,USER_REVIEW_HIGH_JUDGMENT,CONFLICT_WITH_CURRENT_CURATION,field is high judgment under current validator
V1-ENT-0346,author,start_here,user_review,HIGH_JUDGMENT_USER_REQUIRED,V1-FCT-0950;V1-FCT-0951;V1-FCT-0952,SRC-0267;SRC-0268,yes,high,by field default:最佳入门排序,USER_REVIEW_BATCH,USER_REVIEW_HIGH_JUDGMENT,STILL_VALID,candidate remains useful after current-main rebase
V1-ENT-0346,author,why_know,user_review,TEMPLATE_REWRITE_REQUIRED,V1-FCT-0950;V1-FCT-0951;V1-FCT-0952,SRC-0267;SRC-0268,yes,high,模板句标记:不把,REWRITE_PIPELINE,USER_REVIEW_HIGH_JUDGMENT,STILL_VALID,candidate remains useful after current-main rebase
V1-ENT-0358,author,core_themes,user_review,HIGH_JUDGMENT_USER_REQUIRED,V1-FCT-0962;V1-FCT-0963;V1-FCT-0964;V1-FCT-0965;V1-FCT-0966,SRC-0270;SRC-0271;SRC-0272,yes,high,by field default:主题归纳,USER_REVIEW_BATCH,USER_REVIEW_HIGH_JUDGMENT,STILL_VALID,candidate remains useful after current-main rebase
V1-ENT-0358,author,guiding_question,user_review,HIGH_JUDGMENT_USER_REQUIRED,V1-FCT-0962;V1-FCT-0963;V1-FCT-0964;V1-FCT-0965;V1-FCT-0966,SRC-0270;SRC-0271;SRC-0272,yes,high,by field default:引导问题阐释框架,USER_REVIEW_BATCH,USER_REVIEW_HIGH_JUDGMENT,STILL_VALID,candidate remains useful after current-main rebase
V1-ENT-0358,author,literary_features,user_review,TEMPLATE_REWRITE_REQUIRED,V1-FCT-0962;V1-FCT-0963;V1-FCT-0964;V1-FCT-0965;V1-FCT-0966,SRC-0270;SRC-0271;SRC-0272,yes,high,模板/书目转写:暂译,REWRITE_PIPELINE,USER_REVIEW_HIGH_JUDGMENT,STILL_VALID,candidate remains useful after current-main rebase
V1-ENT-0358,author,reader_fit,user_review,HIGH_JUDGMENT_USER_REQUIRED,V1-FCT-0962;V1-FCT-0963;V1-FCT-0964;V1-FCT-0965;V1-FCT-0966,SRC-0270;SRC-0271;SRC-0272,yes,high,by field default:读者适配判断,USER_REVIEW_BATCH,USER_REVIEW_HIGH_JUDGMENT,STILL_VALID,candidate remains useful after current-main rebase
V1-ENT-0358,author,reader_lede,user_review,EVIDENCE_INSUFFICIENT,V1-FCT-0962;V1-FCT-0963;V1-FCT-0964;V1-FCT-0965;V1-FCT-0966;V1-GAP-0024,SRC-0270;SRC-0271;SRC-0272,no,high,content含待核,CODEX_FACT_RECHECK,USER_REVIEW_HIGH_JUDGMENT,STILL_VALID,candidate remains useful after current-main rebase
V1-ENT-0358,author,reading_route,user_review,TEMPLATE_REWRITE_REQUIRED,V1-FCT-0962;V1-FCT-0963;V1-FCT-0964;V1-FCT-0965;V1-FCT-0966,SRC-0270;SRC-0271;SRC-0272,yes,high,模板/书目转写:先定位,REWRITE_PIPELINE,USER_REVIEW_HIGH_JUDGMENT,STILL_VALID,candidate remains useful after current-main rebase
V1-ENT-0358,author,signature_keywords,user_review,LOW_JUDGMENT_EVIDENCE_SUFFICIENT,V1-FCT-0962;V1-FCT-0963;V1-FCT-0964;V1-FCT-0965;V1-FCT-0966,SRC-0270;SRC-0271;SRC-0272,yes,low,by field default:展示标签,USER_REVIEW_BATCH,USER_REVIEW_HIGH_JUDGMENT,CONFLICT_WITH_CURRENT_CURATION,field is high judgment under current validator
V1-ENT-0358,author,start_here,user_review,HIGH_JUDGMENT_USER_REQUIRED,V1-FCT-0962;V1-FCT-0963;V1-FCT-0964;V1-FCT-0965;V1-FCT-0966,SRC-0270;SRC-0271;SRC-0272,yes,high,by field default:最佳入门排序,USER_REVIEW_BATCH,USER_REVIEW_HIGH_JUDGMENT,STILL_VALID,candidate remains useful after current-main rebase
V1-ENT-0358,author,why_know,user_review,TEMPLATE_REWRITE_REQUIRED,V1-FCT-0962;V1-FCT-0963;V1-FCT-0964;V1-FCT-0965;V1-FCT-0966;V1-GAP-0024,SRC-0270;SRC-0271;SRC-0272,yes,high,模板句标记:不把,REWRITE_PIPELINE,USER_REVIEW_HIGH_JUDGMENT,STILL_VALID,candidate remains useful after current-main rebase
V1-ENT-0359,author,core_themes,user_review,HIGH_JUDGMENT_USER_REQUIRED,V1-FCT-0976;V1-FCT-0977;V1-FCT-0978;V1-FCT-0979;V1-FCT-0980,SRC-0274;SRC-0273,yes,high,by field default:主题归纳,USER_REVIEW_BATCH,USER_REVIEW_HIGH_JUDGMENT,STILL_VALID,candidate remains useful after current-main rebase
V1-ENT-0359,author,guiding_question,user_review,TEMPLATE_REWRITE_REQUIRED,V1-FCT-0976;V1-FCT-0977;V1-FCT-0978;V1-FCT-0979;V1-FCT-0980,SRC-0274;SRC-0273,yes,high,模板句标记:不把,REWRITE_PIPELINE,USER_REVIEW_HIGH_JUDGMENT,STILL_VALID,candidate remains useful after current-main rebase
V1-ENT-0359,author,literary_features,user_review,HIGH_JUDGMENT_USER_REQUIRED,V1-FCT-0976;V1-FCT-0977;V1-FCT-0978;V1-FCT-0979;V1-FCT-0980,SRC-0274;SRC-0273,yes,high,by field default:策展判断,USER_REVIEW_BATCH,USER_REVIEW_HIGH_JUDGMENT,STILL_VALID,candidate remains useful after current-main rebase
V1-ENT-0359,author,reader_fit,user_review,HIGH_JUDGMENT_USER_REQUIRED,V1-FCT-0976;V1-FCT-0977;V1-FCT-0978;V1-FCT-0979;V1-FCT-0980,SRC-0274;SRC-0273,yes,high,by field default:读者适配判断,USER_REVIEW_BATCH,USER_REVIEW_HIGH_JUDGMENT,STILL_VALID,candidate remains useful after current-main rebase
V1-ENT-0359,author,reader_lede,user_review,TEMPLATE_REWRITE_REQUIRED,V1-FCT-0976;V1-FCT-0977;V1-FCT-0978;V1-FCT-0979;V1-FCT-0980,SRC-0274;SRC-0273,yes,high,模板句标记:入口连接,REWRITE_PIPELINE,USER_REVIEW_HIGH_JUDGMENT,STILL_VALID,candidate remains useful after current-main rebase
V1-ENT-0359,author,reading_route,user_review,TEMPLATE_REWRITE_REQUIRED,V1-FCT-0976;V1-FCT-0977;V1-FCT-0978;V1-FCT-0979;V1-FCT-0980,SRC-0274;SRC-0273,yes,high,模板/书目转写:先定位,REWRITE_PIPELINE,USER_REVIEW_HIGH_JUDGMENT,STILL_VALID,candidate remains useful after current-main rebase
V1-ENT-0359,author,signature_keywords,user_review,LOW_JUDGMENT_EVIDENCE_SUFFICIENT,V1-FCT-0976;V1-FCT-0977;V1-FCT-0978;V1-FCT-0979;V1-FCT-0980,SRC-0274;SRC-0273,yes,low,by field default:展示标签,USER_REVIEW_BATCH,USER_REVIEW_HIGH_JUDGMENT,CONFLICT_WITH_CURRENT_CURATION,field is high judgment under current validator
V1-ENT-0359,author,start_here,user_review,HIGH_JUDGMENT_USER_REQUIRED,V1-FCT-0976;V1-FCT-0977;V1-FCT-0978;V1-FCT-0979;V1-FCT-0980,SRC-0274;SRC-0273,yes,high,by field default:最佳入门排序,USER_REVIEW_BATCH,USER_REVIEW_HIGH_JUDGMENT,STILL_VALID,candidate remains useful after current-main rebase
V1-ENT-0359,author,why_know,user_review,TEMPLATE_REWRITE_REQUIRED,V1-FCT-0976;V1-FCT-0977;V1-FCT-0978;V1-FCT-0979;V1-FCT-0980,SRC-0274;SRC-0273,yes,high,模板句标记:不把,REWRITE_PIPELINE,USER_REVIEW_HIGH_JUDGMENT,STILL_VALID,candidate remains useful after current-main rebase
V1-ENT-0360,author,core_themes,user_review,HIGH_JUDGMENT_USER_REQUIRED,V1-FCT-0990;V1-FCT-0991;V1-FCT-0992;V1-FCT-0993;V1-FCT-0994,SRC-0275;SRC-0276,yes,high,by field default:主题归纳,USER_REVIEW_BATCH,USER_REVIEW_HIGH_JUDGMENT,STILL_VALID,candidate remains useful after current-main rebase
V1-ENT-0360,author,guiding_question,user_review,TEMPLATE_REWRITE_REQUIRED,V1-FCT-0990;V1-FCT-0991;V1-FCT-0992;V1-FCT-0993;V1-FCT-0994,SRC-0275;SRC-0276,yes,high,模板句标记:不把,REWRITE_PIPELINE,USER_REVIEW_HIGH_JUDGMENT,STILL_VALID,candidate remains useful after current-main rebase
V1-ENT-0360,author,literary_features,user_review,TEMPLATE_REWRITE_REQUIRED,V1-FCT-0990;V1-FCT-0991;V1-FCT-0992;V1-FCT-0993;V1-FCT-0994,SRC-0275;SRC-0276,yes,high,模板/书目转写:书目节点,REWRITE_PIPELINE,USER_REVIEW_HIGH_JUDGMENT,STILL_VALID,candidate remains useful after current-main rebase
V1-ENT-0360,author,reader_fit,user_review,HIGH_JUDGMENT_USER_REQUIRED,V1-FCT-0990;V1-FCT-0991;V1-FCT-0992;V1-FCT-0993;V1-FCT-0994,SRC-0275;SRC-0276,yes,high,by field default:读者适配判断,USER_REVIEW_BATCH,USER_REVIEW_HIGH_JUDGMENT,STILL_VALID,candidate remains useful after current-main rebase
V1-ENT-0360,author,reader_lede,user_review,HIGH_JUDGMENT_USER_REQUIRED,V1-FCT-0990;V1-FCT-0991;V1-FCT-0992;V1-FCT-0993;V1-FCT-0994,SRC-0275;SRC-0276,yes,high,by field default:文学概括导语,USER_REVIEW_BATCH,USER_REVIEW_HIGH_JUDGMENT,STILL_VALID,candidate remains useful after current-main rebase
V1-ENT-0360,author,reading_route,user_review,TEMPLATE_REWRITE_REQUIRED,V1-FCT-0990;V1-FCT-0991;V1-FCT-0992;V1-FCT-0993;V1-FCT-0994,SRC-0275;SRC-0276,yes,high,模板/书目转写:先定位,REWRITE_PIPELINE,USER_REVIEW_HIGH_JUDGMENT,STILL_VALID,candidate remains useful after current-main rebase
V1-ENT-0360,author,signature_keywords,user_review,LOW_JUDGMENT_EVIDENCE_SUFFICIENT,V1-FCT-0990;V1-FCT-0991;V1-FCT-0992;V1-FCT-0993;V1-FCT-0994,SRC-0275;SRC-0276,yes,low,by field default:展示标签,USER_REVIEW_BATCH,USER_REVIEW_HIGH_JUDGMENT,CONFLICT_WITH_CURRENT_CURATION,field is high judgment under current validator
V1-ENT-0360,author,start_here,user_review,HIGH_JUDGMENT_USER_REQUIRED,V1-FCT-0990;V1-FCT-0991;V1-FCT-0992;V1-FCT-0993;V1-FCT-0994,SRC-0275;SRC-0276,yes,high,by field default:最佳入门排序,USER_REVIEW_BATCH,USER_REVIEW_HIGH_JUDGMENT,STILL_VALID,candidate remains useful after current-main rebase
V1-ENT-0360,author,why_know,user_review,TEMPLATE_REWRITE_REQUIRED,V1-FCT-0990;V1-FCT-0991;V1-FCT-0992;V1-FCT-0993;V1-FCT-0994,SRC-0275;SRC-0276,yes,high,模板/书目转写:先确认,REWRITE_PIPELINE,USER_REVIEW_HIGH_JUDGMENT,STILL_VALID,candidate remains useful after current-main rebase
V1-ENT-0182,place,exploration_route,user_review,DUPLICATE_OR_REDUNDANT,V1-REL-0112,,partial,high,与reader_path同文,DEDUP_MERGE,HOLD,DUPLICATE,external duplicate classification retained
V1-ENT-0182,place,reader_path,user_review,TEMPLATE_REWRITE_REQUIRED,V1-REL-0112,,partial,high,模板句标记:不把,REWRITE_PIPELINE,HOLD,OUT_OF_SCOPE,WCD-06 author/work scope
V1-ENT-0182,place,spatial_meaning,user_review,TEMPLATE_REWRITE_REQUIRED,V1-REL-0112,,partial,high,模板句标记:不把,REWRITE_PIPELINE,HOLD,OUT_OF_SCOPE,WCD-06 author/work scope
V1-ENT-0183,place,exploration_route,user_review,DUPLICATE_OR_REDUNDANT,V1-REL-0114;V1-REL-0149;V1-REL-0150;V1-REL-0151;V1-REL-0245;V1-REL-0246;V1-REL-0293,SRC-0165;SRC-0168;SRC-0174;SRC-0175,yes,high,与reader_path同文,DEDUP_MERGE,USER_REVIEW_LOW_JUDGMENT,DUPLICATE,external duplicate classification retained
V1-ENT-0183,place,literary_intro,user_review,TEMPLATE_REWRITE_REQUIRED,V1-REL-0114;V1-REL-0149;V1-REL-0150;V1-REL-0151;V1-REL-0245;V1-REL-0246;V1-REL-0293,SRC-0165;SRC-0168;SRC-0174;SRC-0175,yes,low,"模板/书目转写:技术父级,父级节点",REWRITE_PIPELINE,USER_REVIEW_LOW_JUDGMENT,OUT_OF_SCOPE,WCD-06 author/work scope
V1-ENT-0183,place,reader_path,user_review,TEMPLATE_REWRITE_REQUIRED,V1-REL-0114;V1-REL-0149;V1-REL-0150;V1-REL-0151;V1-REL-0245;V1-REL-0246;V1-REL-0293,SRC-0165;SRC-0168;SRC-0174;SRC-0175,yes,high,模板/书目转写:技术父级,REWRITE_PIPELINE,USER_REVIEW_LOW_JUDGMENT,OUT_OF_SCOPE,WCD-06 author/work scope
V1-ENT-0183,place,spatial_meaning,user_review,TEMPLATE_REWRITE_REQUIRED,V1-REL-0114;V1-REL-0149;V1-REL-0150;V1-REL-0151;V1-REL-0245;V1-REL-0246;V1-REL-0293,SRC-0165;SRC-0168;SRC-0174;SRC-0175,yes,high,模板句标记:不把,REWRITE_PIPELINE,USER_REVIEW_LOW_JUDGMENT,OUT_OF_SCOPE,WCD-06 author/work scope
V1-ENT-0196,place,exploration_route,user_review,DUPLICATE_OR_REDUNDANT,V1-REL-0124;V1-REL-0139;V1-REL-0175;V1-REL-0209;V1-REL-0283,SRC-0151,yes,high,与reader_path同文,DEDUP_MERGE,USER_REVIEW_LOW_JUDGMENT,DUPLICATE,external duplicate classification retained
V1-ENT-0196,place,literary_intro,user_review,TEMPLATE_REWRITE_REQUIRED,V1-REL-0124;V1-REL-0139;V1-REL-0175;V1-REL-0209;V1-REL-0283,SRC-0151,yes,low,模板句标记:可回溯,REWRITE_PIPELINE,USER_REVIEW_LOW_JUDGMENT,OUT_OF_SCOPE,WCD-06 author/work scope
V1-ENT-0196,place,reader_path,user_review,HIGH_JUDGMENT_USER_REQUIRED,V1-REL-0124;V1-REL-0139;V1-REL-0175;V1-REL-0209;V1-REL-0283,SRC-0151,yes,high,by field default:阅读路径推荐,USER_REVIEW_BATCH,USER_REVIEW_LOW_JUDGMENT,OUT_OF_SCOPE,WCD-06 author/work scope
V1-ENT-0196,place,spatial_meaning,user_review,TEMPLATE_REWRITE_REQUIRED,V1-REL-0124;V1-REL-0139;V1-REL-0175;V1-REL-0209;V1-REL-0283,SRC-0151,yes,high,模板句标记:不把,REWRITE_PIPELINE,USER_REVIEW_LOW_JUDGMENT,OUT_OF_SCOPE,WCD-06 author/work scope
V1-ENT-0197,place,exploration_route,user_review,DUPLICATE_OR_REDUNDANT,,SRC-0152,partial,high,与reader_path同文,DEDUP_MERGE,USER_REVIEW_LOW_JUDGMENT,DUPLICATE,external duplicate classification retained
V1-ENT-0197,place,literary_intro,user_review,LOW_JUDGMENT_EVIDENCE_SUFFICIENT,,SRC-0152,partial,low,保守事实介绍,USER_REVIEW_BATCH,USER_REVIEW_LOW_JUDGMENT,OUT_OF_SCOPE,WCD-06 author/work scope
V1-ENT-0197,place,reader_path,user_review,HIGH_JUDGMENT_USER_REQUIRED,,SRC-0152,partial,high,by field default:阅读路径推荐,USER_REVIEW_BATCH,USER_REVIEW_LOW_JUDGMENT,OUT_OF_SCOPE,WCD-06 author/work scope
V1-ENT-0197,place,spatial_meaning,user_review,TEMPLATE_REWRITE_REQUIRED,,SRC-0152,partial,high,模板/书目转写:不设置,REWRITE_PIPELINE,USER_REVIEW_LOW_JUDGMENT,OUT_OF_SCOPE,WCD-06 author/work scope
V1-ENT-0210,place,exploration_route,user_review,DUPLICATE_OR_REDUNDANT,V1-REL-0138,SRC-0164,yes,high,与reader_path同文,DEDUP_MERGE,USER_REVIEW_LOW_JUDGMENT,DUPLICATE,external duplicate classification retained
V1-ENT-0210,place,literary_intro,user_review,TEMPLATE_REWRITE_REQUIRED,V1-REL-0138,SRC-0164,yes,low,模板句标记:可回溯,REWRITE_PIPELINE,USER_REVIEW_LOW_JUDGMENT,OUT_OF_SCOPE,WCD-06 author/work scope
V1-ENT-0210,place,reader_path,user_review,HIGH_JUDGMENT_USER_REQUIRED,V1-REL-0138,SRC-0164,yes,high,by field default:阅读路径推荐,USER_REVIEW_BATCH,USER_REVIEW_LOW_JUDGMENT,OUT_OF_SCOPE,WCD-06 author/work scope
V1-ENT-0210,place,spatial_meaning,user_review,HIGH_JUDGMENT_USER_REQUIRED,V1-REL-0138,SRC-0164,yes,high,by field default:空间意义阐释,USER_REVIEW_BATCH,USER_REVIEW_LOW_JUDGMENT,OUT_OF_SCOPE,WCD-06 author/work scope
V1-ENT-0235,place,exploration_route,user_review,HIGH_JUDGMENT_USER_REQUIRED,V1-REL-0162,SRC-0180;SRC-0186,yes,high,by field default:探索路线推荐,USER_REVIEW_BATCH,USER_REVIEW_LOW_JUDGMENT,OUT_OF_SCOPE,WCD-06 author/work scope
V1-ENT-0235,place,literary_intro,user_review,TEMPLATE_REWRITE_REQUIRED,V1-REL-0162,SRC-0180;SRC-0186,yes,low,模板句标记:本批,REWRITE_PIPELINE,USER_REVIEW_LOW_JUDGMENT,OUT_OF_SCOPE,WCD-06 author/work scope
V1-ENT-0235,place,reader_path,user_review,HIGH_JUDGMENT_USER_REQUIRED,V1-REL-0162,SRC-0180;SRC-0186,yes,high,by field default:阅读路径推荐,USER_REVIEW_BATCH,USER_REVIEW_LOW_JUDGMENT,OUT_OF_SCOPE,WCD-06 author/work scope
V1-ENT-0235,place,spatial_meaning,user_review,TEMPLATE_REWRITE_REQUIRED,V1-REL-0162,SRC-0180;SRC-0186,yes,high,模板句标记:不把,REWRITE_PIPELINE,USER_REVIEW_LOW_JUDGMENT,OUT_OF_SCOPE,WCD-06 author/work scope
V1-ENT-0003,work,literary_significance,user_review,DUPLICATE_OR_REDUNDANT,V1-FCT-0015;V1-FCT-0016;V1-FCT-0017;V1-FCT-0048,SRC-0002;SRC-0014,yes,high,为narrative_features子句,DEDUP_MERGE,PUBLIC_BASIC,DUPLICATE,external duplicate classification retained
V1-ENT-0003,work,location_note,user_review,TEMPLATE_REWRITE_REQUIRED,V1-FCT-0015;V1-FCT-0016;V1-FCT-0017;V1-FCT-0048,SRC-0002;SRC-0014,yes,low,模板/书目转写:不设置,REWRITE_PIPELINE,PUBLIC_BASIC,STILL_VALID,candidate remains useful after current-main rebase
V1-ENT-0003,work,narrative_features,user_review,HIGH_JUDGMENT_USER_REQUIRED,V1-FCT-0015;V1-FCT-0016;V1-FCT-0017;V1-FCT-0048,SRC-0002;SRC-0014,yes,high,by field default:文学特征归纳,USER_REVIEW_BATCH,PUBLIC_BASIC,STILL_VALID,candidate remains useful after current-main rebase
V1-ENT-0003,work,reading_premise,user_review,DUPLICATE_OR_REDUNDANT,V1-FCT-0015;V1-FCT-0016;V1-FCT-0017;V1-FCT-0048,SRC-0002;SRC-0014,yes,low,为story_intro子句,DEDUP_MERGE,PUBLIC_BASIC,DUPLICATE,external duplicate classification retained
V1-ENT-0004,work,literary_significance,user_review,DUPLICATE_OR_REDUNDANT,V1-FCT-0020;V1-FCT-0021;V1-FCT-0022;V1-FCT-0024,SRC-0002;SRC-0008;SRC-0015,yes,high,为narrative_features子句,DEDUP_MERGE,PUBLIC_BASIC,DUPLICATE,external duplicate classification retained
V1-ENT-0004,work,location_note,user_review,TEMPLATE_REWRITE_REQUIRED,V1-FCT-0020;V1-FCT-0021;V1-FCT-0022;V1-FCT-0024,SRC-0002;SRC-0008;SRC-0015,yes,low,模板/书目转写:书目转写句式,REWRITE_PIPELINE,PUBLIC_BASIC,STILL_VALID,candidate remains useful after current-main rebase
V1-ENT-0004,work,narrative_features,user_review,HIGH_JUDGMENT_USER_REQUIRED,V1-FCT-0020;V1-FCT-0021;V1-FCT-0022;V1-FCT-0024,SRC-0002;SRC-0008;SRC-0015,yes,high,by field default:文学特征归纳,USER_REVIEW_BATCH,PUBLIC_BASIC,STILL_VALID,candidate remains useful after current-main rebase
V1-ENT-0004,work,reading_premise,user_review,DUPLICATE_OR_REDUNDANT,V1-FCT-0020;V1-FCT-0021;V1-FCT-0022;V1-FCT-0024,SRC-0002;SRC-0008;SRC-0015,yes,low,为story_intro子句,DEDUP_MERGE,PUBLIC_BASIC,DUPLICATE,external duplicate classification retained
V1-ENT-0017,work,literary_significance,user_review,DUPLICATE_OR_REDUNDANT,V1-FCT-0030;V1-FCT-0031;V1-FCT-0032;V1-FCT-0034,SRC-0009;SRC-0011,yes,high,为narrative_features子句,DEDUP_MERGE,PUBLIC_BASIC,DUPLICATE,external duplicate classification retained
V1-ENT-0017,work,location_note,user_review,LOW_JUDGMENT_EVIDENCE_SUFFICIENT,V1-FCT-0030;V1-FCT-0031;V1-FCT-0032;V1-FCT-0034,SRC-0009;SRC-0011,yes,low,保守空间事实说明,USER_REVIEW_BATCH,PUBLIC_BASIC,STILL_VALID,candidate remains useful after current-main rebase
V1-ENT-0017,work,narrative_features,user_review,HIGH_JUDGMENT_USER_REQUIRED,V1-FCT-0030;V1-FCT-0031;V1-FCT-0032;V1-FCT-0034,SRC-0009;SRC-0011,yes,high,by field default:文学特征归纳,USER_REVIEW_BATCH,PUBLIC_BASIC,STILL_VALID,candidate remains useful after current-main rebase
V1-ENT-0017,work,reading_premise,user_review,DUPLICATE_OR_REDUNDANT,V1-FCT-0030;V1-FCT-0031;V1-FCT-0032;V1-FCT-0034,SRC-0009;SRC-0011,yes,low,为story_intro子句,DEDUP_MERGE,PUBLIC_BASIC,DUPLICATE,external duplicate classification retained
V1-ENT-0018,work,literary_significance,user_review,DUPLICATE_OR_REDUNDANT,V1-FCT-0038;V1-FCT-0039;V1-FCT-0040;V1-FCT-0041;V1-FCT-0256,SRC-0009;SRC-0012;SRC-0085,yes,high,为narrative_features子句,DEDUP_MERGE,PUBLIC_BASIC,DUPLICATE,external duplicate classification retained
V1-ENT-0018,work,location_note,user_review,LOW_JUDGMENT_EVIDENCE_SUFFICIENT,V1-FCT-0038;V1-FCT-0039;V1-FCT-0040;V1-FCT-0041;V1-FCT-0256,SRC-0009;SRC-0012;SRC-0085,yes,low,保守空间事实说明,USER_REVIEW_BATCH,PUBLIC_BASIC,STILL_VALID,candidate remains useful after current-main rebase
V1-ENT-0018,work,narrative_features,user_review,HIGH_JUDGMENT_USER_REQUIRED,V1-FCT-0038;V1-FCT-0039;V1-FCT-0040;V1-FCT-0041;V1-FCT-0256,SRC-0009;SRC-0012;SRC-0085,yes,high,by field default:文学特征归纳,USER_REVIEW_BATCH,PUBLIC_BASIC,STILL_VALID,candidate remains useful after current-main rebase
V1-ENT-0018,work,reading_premise,user_review,DUPLICATE_OR_REDUNDANT,V1-FCT-0038;V1-FCT-0039;V1-FCT-0040;V1-FCT-0041;V1-FCT-0256,SRC-0009;SRC-0012;SRC-0085,yes,low,为story_intro子句,DEDUP_MERGE,PUBLIC_BASIC,DUPLICATE,external duplicate classification retained
V1-ENT-0032,work,literary_significance,user_review,DUPLICATE_OR_REDUNDANT,V1-FCT-0078;V1-FCT-0079;V1-FCT-0080;V1-FCT-0081;V1-REL-0032,SRC-0019;SRC-0020;SRC-0071,yes,high,为narrative_features子句,DEDUP_MERGE,PUBLIC_BASIC,DUPLICATE,external duplicate classification retained
V1-ENT-0032,work,location_note,user_review,LOW_JUDGMENT_EVIDENCE_SUFFICIENT,V1-FCT-0078;V1-FCT-0079;V1-FCT-0080;V1-FCT-0081;V1-REL-0032,SRC-0019;SRC-0020;SRC-0071,yes,low,保守空间事实说明,USER_REVIEW_BATCH,PUBLIC_BASIC,STILL_VALID,candidate remains useful after current-main rebase
V1-ENT-0032,work,narrative_features,user_review,HIGH_JUDGMENT_USER_REQUIRED,V1-FCT-0078;V1-FCT-0079;V1-FCT-0080;V1-FCT-0081;V1-REL-0032,SRC-0019;SRC-0020;SRC-0071,yes,high,by field default:文学特征归纳,USER_REVIEW_BATCH,PUBLIC_BASIC,STILL_VALID,candidate remains useful after current-main rebase
V1-ENT-0032,work,reading_premise,user_review,DUPLICATE_OR_REDUNDANT,V1-FCT-0078;V1-FCT-0079;V1-FCT-0080;V1-FCT-0081;V1-REL-0032,SRC-0019;SRC-0020;SRC-0071,yes,low,为story_intro子句,DEDUP_MERGE,PUBLIC_BASIC,DUPLICATE,external duplicate classification retained
V1-ENT-0035,work,literary_significance,user_review,DUPLICATE_OR_REDUNDANT,V1-FCT-0092;V1-FCT-0093;V1-FCT-0094;V1-REL-0033,SRC-0023;SRC-0024,yes,high,为narrative_features子句,DEDUP_MERGE,PUBLIC_BASIC,DUPLICATE,external duplicate classification retained
V1-ENT-0035,work,location_note,user_review,LOW_JUDGMENT_EVIDENCE_SUFFICIENT,V1-FCT-0092;V1-FCT-0093;V1-FCT-0094;V1-REL-0033,SRC-0023;SRC-0024,yes,low,保守空间事实说明,USER_REVIEW_BATCH,PUBLIC_BASIC,STILL_VALID,candidate remains useful after current-main rebase
V1-ENT-0035,work,narrative_features,user_review,HIGH_JUDGMENT_USER_REQUIRED,V1-FCT-0092;V1-FCT-0093;V1-FCT-0094;V1-REL-0033,SRC-0023;SRC-0024,yes,high,by field default:文学特征归纳,USER_REVIEW_BATCH,PUBLIC_BASIC,STILL_VALID,candidate remains useful after current-main rebase
V1-ENT-0035,work,reading_premise,user_review,DUPLICATE_OR_REDUNDANT,V1-FCT-0092;V1-FCT-0093;V1-FCT-0094;V1-REL-0033,SRC-0023;SRC-0024,yes,low,为story_intro子句,DEDUP_MERGE,PUBLIC_BASIC,DUPLICATE,external duplicate classification retained
V1-ENT-0038,work,literary_significance,user_review,DUPLICATE_OR_REDUNDANT,V1-FCT-0105;V1-FCT-0106;V1-FCT-0107;V1-FCT-0108;V1-FCT-0255,SRC-0028;SRC-0029;SRC-0084,yes,high,为narrative_features子句,DEDUP_MERGE,PUBLIC_BASIC,DUPLICATE,external duplicate classification retained
V1-ENT-0038,work,location_note,user_review,LOW_JUDGMENT_EVIDENCE_SUFFICIENT,V1-FCT-0105;V1-FCT-0106;V1-FCT-0107;V1-FCT-0108;V1-FCT-0255,SRC-0028;SRC-0029;SRC-0084,yes,low,保守空间事实说明,USER_REVIEW_BATCH,PUBLIC_BASIC,STILL_VALID,candidate remains useful after current-main rebase
V1-ENT-0038,work,narrative_features,user_review,HIGH_JUDGMENT_USER_REQUIRED,V1-FCT-0105;V1-FCT-0106;V1-FCT-0107;V1-FCT-0108;V1-FCT-0255,SRC-0028;SRC-0029;SRC-0084,yes,high,by field default:文学特征归纳,USER_REVIEW_BATCH,PUBLIC_BASIC,STILL_VALID,candidate remains useful after current-main rebase
V1-ENT-0038,work,reading_premise,user_review,DUPLICATE_OR_REDUNDANT,V1-FCT-0105;V1-FCT-0106;V1-FCT-0107;V1-FCT-0108;V1-FCT-0255,SRC-0028;SRC-0029;SRC-0084,yes,low,为story_intro子句,DEDUP_MERGE,PUBLIC_BASIC,DUPLICATE,external duplicate classification retained
V1-ENT-0075,work,literary_significance,user_review,DUPLICATE_OR_REDUNDANT,V1-FCT-0215;V1-FCT-0216;V1-FCT-0239;V1-FCT-0240;V1-REL-0075,SRC-0032;SRC-0056;SRC-0057;SRC-0075,yes,high,为narrative_features子句,DEDUP_MERGE,PUBLIC_BASIC,DUPLICATE,external duplicate classification retained
V1-ENT-0075,work,location_note,user_review,LOW_JUDGMENT_EVIDENCE_SUFFICIENT,V1-FCT-0215;V1-FCT-0216;V1-FCT-0239;V1-FCT-0240;V1-REL-0075,SRC-0032;SRC-0056;SRC-0057;SRC-0075,yes,low,保守空间事实说明,USER_REVIEW_BATCH,PUBLIC_BASIC,STILL_VALID,candidate remains useful after current-main rebase
V1-ENT-0075,work,narrative_features,user_review,HIGH_JUDGMENT_USER_REQUIRED,V1-FCT-0215;V1-FCT-0216;V1-FCT-0239;V1-FCT-0240;V1-REL-0075,SRC-0032;SRC-0056;SRC-0057;SRC-0075,yes,high,by field default:文学特征归纳,USER_REVIEW_BATCH,PUBLIC_BASIC,STILL_VALID,candidate remains useful after current-main rebase
V1-ENT-0075,work,reading_premise,user_review,DUPLICATE_OR_REDUNDANT,V1-FCT-0215;V1-FCT-0216;V1-FCT-0239;V1-FCT-0240;V1-REL-0075,SRC-0032;SRC-0056;SRC-0057;SRC-0075,yes,low,为story_intro子句,DEDUP_MERGE,PUBLIC_BASIC,DUPLICATE,external duplicate classification retained
V1-ENT-0076,work,literary_significance,user_review,DUPLICATE_OR_REDUNDANT,V1-FCT-0136;V1-FCT-0137;V1-FCT-0223;V1-FCT-0224;V1-FCT-0253;V1-FCT-0254,SRC-0033;SRC-0064;SRC-0083,yes,high,为narrative_features子句,DEDUP_MERGE,PUBLIC_BASIC,DUPLICATE,external duplicate classification retained
V1-ENT-0076,work,location_note,user_review,LOW_JUDGMENT_EVIDENCE_SUFFICIENT,V1-FCT-0136;V1-FCT-0137;V1-FCT-0223;V1-FCT-0224;V1-FCT-0253;V1-FCT-0254,SRC-0033;SRC-0064;SRC-0083,yes,low,保守空间事实说明,USER_REVIEW_BATCH,PUBLIC_BASIC,STILL_VALID,candidate remains useful after current-main rebase
V1-ENT-0076,work,narrative_features,user_review,HIGH_JUDGMENT_USER_REQUIRED,V1-FCT-0136;V1-FCT-0137;V1-FCT-0223;V1-FCT-0224;V1-FCT-0253;V1-FCT-0254,SRC-0033;SRC-0064;SRC-0083,yes,high,by field default:文学特征归纳,USER_REVIEW_BATCH,PUBLIC_BASIC,STILL_VALID,candidate remains useful after current-main rebase
V1-ENT-0076,work,reading_premise,user_review,DUPLICATE_OR_REDUNDANT,V1-FCT-0136;V1-FCT-0137;V1-FCT-0223;V1-FCT-0224;V1-FCT-0253;V1-FCT-0254,SRC-0033;SRC-0064;SRC-0083,yes,low,为story_intro子句,DEDUP_MERGE,PUBLIC_BASIC,DUPLICATE,external duplicate classification retained
V1-ENT-0077,work,literary_significance,user_review,DUPLICATE_OR_REDUNDANT,V1-FCT-0141;V1-FCT-0142;V1-FCT-0249,SRC-0034;SRC-0080,yes,high,为narrative_features子句,DEDUP_MERGE,PUBLIC_BASIC,DUPLICATE,external duplicate classification retained
V1-ENT-0077,work,location_note,user_review,LOW_JUDGMENT_EVIDENCE_SUFFICIENT,V1-FCT-0141;V1-FCT-0142;V1-FCT-0249,SRC-0034;SRC-0080,yes,low,保守空间事实说明,USER_REVIEW_BATCH,PUBLIC_BASIC,STILL_VALID,candidate remains useful after current-main rebase
V1-ENT-0077,work,narrative_features,user_review,HIGH_JUDGMENT_USER_REQUIRED,V1-FCT-0141;V1-FCT-0142;V1-FCT-0249,SRC-0034;SRC-0080,yes,high,by field default:文学特征归纳,USER_REVIEW_BATCH,PUBLIC_BASIC,STILL_VALID,candidate remains useful after current-main rebase
V1-ENT-0077,work,reading_premise,user_review,DUPLICATE_OR_REDUNDANT,V1-FCT-0141;V1-FCT-0142;V1-FCT-0249,SRC-0034;SRC-0080,yes,low,为story_intro子句,DEDUP_MERGE,PUBLIC_BASIC,DUPLICATE,external duplicate classification retained
V1-ENT-0078,work,literary_significance,user_review,DUPLICATE_OR_REDUNDANT,V1-FCT-0145;V1-FCT-0146;V1-FCT-0241;V1-FCT-0242;V1-FCT-0243,SRC-0038;SRC-0065;SRC-0076,yes,high,为narrative_features子句,DEDUP_MERGE,PUBLIC_BASIC,DUPLICATE,external duplicate classification retained
V1-ENT-0078,work,location_note,user_review,TEMPLATE_REWRITE_REQUIRED,V1-FCT-0145;V1-FCT-0146;V1-FCT-0241;V1-FCT-0242;V1-FCT-0243,SRC-0038;SRC-0065;SRC-0076,yes,low,模板/书目转写:书目转写句式,REWRITE_PIPELINE,PUBLIC_BASIC,STILL_VALID,candidate remains useful after current-main rebase
V1-ENT-0078,work,narrative_features,user_review,HIGH_JUDGMENT_USER_REQUIRED,V1-FCT-0145;V1-FCT-0146;V1-FCT-0241;V1-FCT-0242;V1-FCT-0243,SRC-0038;SRC-0065;SRC-0076,yes,high,by field default:文学特征归纳,USER_REVIEW_BATCH,PUBLIC_BASIC,STILL_VALID,candidate remains useful after current-main rebase
V1-ENT-0078,work,reading_premise,user_review,DUPLICATE_OR_REDUNDANT,V1-FCT-0145;V1-FCT-0146;V1-FCT-0241;V1-FCT-0242;V1-FCT-0243,SRC-0038;SRC-0065;SRC-0076,yes,low,为story_intro子句,DEDUP_MERGE,PUBLIC_BASIC,DUPLICATE,external duplicate classification retained
V1-ENT-0079,work,literary_significance,user_review,DUPLICATE_OR_REDUNDANT,V1-FCT-0155;V1-FCT-0156;V1-FCT-0228,SRC-0041;SRC-0072,yes,high,为narrative_features子句,DEDUP_MERGE,PUBLIC_BASIC,DUPLICATE,external duplicate classification retained
V1-ENT-0079,work,location_note,user_review,LOW_JUDGMENT_EVIDENCE_SUFFICIENT,V1-FCT-0155;V1-FCT-0156;V1-FCT-0228,SRC-0041;SRC-0072,yes,low,保守空间事实说明,USER_REVIEW_BATCH,PUBLIC_BASIC,STILL_VALID,candidate remains useful after current-main rebase
V1-ENT-0079,work,narrative_features,user_review,HIGH_JUDGMENT_USER_REQUIRED,V1-FCT-0155;V1-FCT-0156;V1-FCT-0228,SRC-0041;SRC-0072,yes,high,by field default:文学特征归纳,USER_REVIEW_BATCH,PUBLIC_BASIC,STILL_VALID,candidate remains useful after current-main rebase
V1-ENT-0079,work,reading_premise,user_review,DUPLICATE_OR_REDUNDANT,V1-FCT-0155;V1-FCT-0156;V1-FCT-0228,SRC-0041;SRC-0072,yes,low,为story_intro子句,DEDUP_MERGE,PUBLIC_BASIC,DUPLICATE,external duplicate classification retained
V1-ENT-0080,work,literary_significance,user_review,DUPLICATE_OR_REDUNDANT,V1-FCT-0159;V1-FCT-0160;V1-FCT-0244;V1-FCT-0245,SRC-0042;SRC-0077,yes,high,为narrative_features子句,DEDUP_MERGE,PUBLIC_BASIC,DUPLICATE,external duplicate classification retained
V1-ENT-0080,work,location_note,user_review,TEMPLATE_REWRITE_REQUIRED,V1-FCT-0159;V1-FCT-0160;V1-FCT-0244;V1-FCT-0245,SRC-0042;SRC-0077,yes,low,模板句标记:不把,REWRITE_PIPELINE,PUBLIC_BASIC,STILL_VALID,candidate remains useful after current-main rebase
V1-ENT-0080,work,narrative_features,user_review,HIGH_JUDGMENT_USER_REQUIRED,V1-FCT-0159;V1-FCT-0160;V1-FCT-0244;V1-FCT-0245,SRC-0042;SRC-0077,yes,high,by field default:文学特征归纳,USER_REVIEW_BATCH,PUBLIC_BASIC,STILL_VALID,candidate remains useful after current-main rebase
V1-ENT-0080,work,reading_premise,user_review,DUPLICATE_OR_REDUNDANT,V1-FCT-0159;V1-FCT-0160;V1-FCT-0244;V1-FCT-0245,SRC-0042;SRC-0077,yes,low,为story_intro子句,DEDUP_MERGE,PUBLIC_BASIC,DUPLICATE,external duplicate classification retained
V1-ENT-0081,work,literary_significance,user_review,DUPLICATE_OR_REDUNDANT,V1-FCT-0162;V1-FCT-0163;V1-FCT-0164;V1-FCT-0257;V1-FCT-0258;V1-FCT-0259,SRC-0043;SRC-0086,yes,high,为narrative_features子句,DEDUP_MERGE,PUBLIC_BASIC,DUPLICATE,external duplicate classification retained
V1-ENT-0081,work,location_note,user_review,LOW_JUDGMENT_EVIDENCE_SUFFICIENT,V1-FCT-0162;V1-FCT-0163;V1-FCT-0164;V1-FCT-0257;V1-FCT-0258;V1-FCT-0259,SRC-0043;SRC-0086,yes,low,保守空间事实说明,USER_REVIEW_BATCH,PUBLIC_BASIC,STILL_VALID,candidate remains useful after current-main rebase
V1-ENT-0081,work,narrative_features,user_review,HIGH_JUDGMENT_USER_REQUIRED,V1-FCT-0162;V1-FCT-0163;V1-FCT-0164;V1-FCT-0257;V1-FCT-0258;V1-FCT-0259,SRC-0043;SRC-0086,yes,high,by field default:文学特征归纳,USER_REVIEW_BATCH,PUBLIC_BASIC,STILL_VALID,candidate remains useful after current-main rebase
V1-ENT-0081,work,reading_premise,user_review,DUPLICATE_OR_REDUNDANT,V1-FCT-0162;V1-FCT-0163;V1-FCT-0164;V1-FCT-0257;V1-FCT-0258;V1-FCT-0259,SRC-0043;SRC-0086,yes,low,为story_intro子句,DEDUP_MERGE,PUBLIC_BASIC,DUPLICATE,external duplicate classification retained
V1-ENT-0116,work,literary_significance,user_review,DUPLICATE_OR_REDUNDANT,V1-FCT-0186;V1-FCT-0187;V1-FCT-0217;V1-FCT-0251;V1-FCT-0252;V1-REL-0066,SRC-0044;SRC-0046;SRC-0082,yes,high,为narrative_features子句,DEDUP_MERGE,PUBLIC_BASIC,DUPLICATE,external duplicate classification retained
V1-ENT-0116,work,location_note,user_review,TEMPLATE_REWRITE_REQUIRED,V1-FCT-0186;V1-FCT-0187;V1-FCT-0217;V1-FCT-0251;V1-FCT-0252;V1-REL-0066,SRC-0044;SRC-0046;SRC-0082,yes,low,模板句标记:不把,REWRITE_PIPELINE,PUBLIC_BASIC,STILL_VALID,candidate remains useful after current-main rebase
V1-ENT-0116,work,narrative_features,user_review,HIGH_JUDGMENT_USER_REQUIRED,V1-FCT-0186;V1-FCT-0187;V1-FCT-0217;V1-FCT-0251;V1-FCT-0252;V1-REL-0066,SRC-0044;SRC-0046;SRC-0082,yes,high,by field default:文学特征归纳,USER_REVIEW_BATCH,PUBLIC_BASIC,STILL_VALID,candidate remains useful after current-main rebase
V1-ENT-0116,work,reading_premise,user_review,DUPLICATE_OR_REDUNDANT,V1-FCT-0186;V1-FCT-0187;V1-FCT-0217;V1-FCT-0251;V1-FCT-0252;V1-REL-0066,SRC-0044;SRC-0046;SRC-0082,yes,low,为story_intro子句,DEDUP_MERGE,PUBLIC_BASIC,DUPLICATE,external duplicate classification retained
V1-ENT-0117,work,literary_significance,user_review,DUPLICATE_OR_REDUNDANT,V1-FCT-0191;V1-FCT-0246;V1-FCT-0247;V1-FCT-0248,SRC-0045;SRC-0078,yes,high,为narrative_features子句,DEDUP_MERGE,PUBLIC_BASIC,DUPLICATE,external duplicate classification retained
V1-ENT-0117,work,location_note,user_review,LOW_JUDGMENT_EVIDENCE_SUFFICIENT,V1-FCT-0191;V1-FCT-0246;V1-FCT-0247;V1-FCT-0248,SRC-0045;SRC-0078,yes,low,保守空间事实说明,USER_REVIEW_BATCH,PUBLIC_BASIC,STILL_VALID,candidate remains useful after current-main rebase
V1-ENT-0117,work,narrative_features,user_review,HIGH_JUDGMENT_USER_REQUIRED,V1-FCT-0191;V1-FCT-0246;V1-FCT-0247;V1-FCT-0248,SRC-0045;SRC-0078,yes,high,by field default:文学特征归纳,USER_REVIEW_BATCH,PUBLIC_BASIC,STILL_VALID,candidate remains useful after current-main rebase
V1-ENT-0117,work,reading_premise,user_review,DUPLICATE_OR_REDUNDANT,V1-FCT-0191;V1-FCT-0246;V1-FCT-0247;V1-FCT-0248,SRC-0045;SRC-0078,yes,low,为story_intro子句,DEDUP_MERGE,PUBLIC_BASIC,DUPLICATE,external duplicate classification retained
V1-ENT-0118,work,literary_significance,user_review,DUPLICATE_OR_REDUNDANT,V1-FCT-0195;V1-FCT-0196;V1-FCT-0197;V1-FCT-0250;V1-REL-0076,SRC-0046;SRC-0063;SRC-0081,yes,high,为narrative_features子句,DEDUP_MERGE,PUBLIC_BASIC,DUPLICATE,external duplicate classification retained
V1-ENT-0118,work,location_note,user_review,LOW_JUDGMENT_EVIDENCE_SUFFICIENT,V1-FCT-0195;V1-FCT-0196;V1-FCT-0197;V1-FCT-0250;V1-REL-0076,SRC-0046;SRC-0063;SRC-0081,yes,low,保守空间事实说明,USER_REVIEW_BATCH,PUBLIC_BASIC,STILL_VALID,candidate remains useful after current-main rebase
V1-ENT-0118,work,narrative_features,user_review,HIGH_JUDGMENT_USER_REQUIRED,V1-FCT-0195;V1-FCT-0196;V1-FCT-0197;V1-FCT-0250;V1-REL-0076,SRC-0046;SRC-0063;SRC-0081,yes,high,by field default:文学特征归纳,USER_REVIEW_BATCH,PUBLIC_BASIC,STILL_VALID,candidate remains useful after current-main rebase
V1-ENT-0118,work,reading_premise,user_review,DUPLICATE_OR_REDUNDANT,V1-FCT-0195;V1-FCT-0196;V1-FCT-0197;V1-FCT-0250;V1-REL-0076,SRC-0046;SRC-0063;SRC-0081,yes,low,为story_intro子句,DEDUP_MERGE,PUBLIC_BASIC,DUPLICATE,external duplicate classification retained
V1-ENT-0149,work,guiding_question,user_review,HIGH_JUDGMENT_USER_REQUIRED,V1-FCT-0286;V1-FCT-0287;V1-FCT-0288,SRC-0097,yes,high,by field default:引导问题阐释框架,USER_REVIEW_BATCH,PUBLIC_STRONG,STILL_VALID,candidate remains useful after current-main rebase
V1-ENT-0149,work,literary_significance,user_review,DUPLICATE_OR_REDUNDANT,V1-FCT-0286;V1-FCT-0287;V1-FCT-0288,SRC-0097,yes,high,为why_read子句,DEDUP_MERGE,PUBLIC_STRONG,DUPLICATE,external duplicate classification retained
V1-ENT-0149,work,next_reads,user_review,HIGH_JUDGMENT_USER_REQUIRED,V1-FCT-0286;V1-FCT-0287;V1-FCT-0288,SRC-0097,yes,high,by field default:延伸阅读推荐,USER_REVIEW_BATCH,PUBLIC_STRONG,STILL_VALID,candidate remains useful after current-main rebase
V1-ENT-0149,work,reading_approach,user_review,DUPLICATE_OR_REDUNDANT,V1-FCT-0286;V1-FCT-0287;V1-FCT-0288,SRC-0097,yes,high,与reading_tips同文,DEDUP_MERGE,PUBLIC_STRONG,DUPLICATE,external duplicate classification retained
V1-ENT-0149,work,reading_premise,user_review,DUPLICATE_OR_REDUNDANT,V1-FCT-0286;V1-FCT-0287;V1-FCT-0288,SRC-0097,yes,low,与story_intro同文,DEDUP_MERGE,PUBLIC_STRONG,DUPLICATE,external duplicate classification retained
V1-ENT-0149,work,reading_tips,user_review,HIGH_JUDGMENT_USER_REQUIRED,V1-FCT-0286;V1-FCT-0287;V1-FCT-0288,SRC-0097,yes,high,by field default:阅读方法推荐,USER_REVIEW_BATCH,PUBLIC_STRONG,STILL_VALID,candidate remains useful after current-main rebase
V1-ENT-0149,work,theme_explanations,user_review,HIGH_JUDGMENT_USER_REQUIRED,V1-FCT-0286;V1-FCT-0287;V1-FCT-0288,SRC-0097,yes,high,by field default:主题解释判断,USER_REVIEW_BATCH,PUBLIC_STRONG,STILL_VALID,candidate remains useful after current-main rebase
V1-ENT-0149,work,why_read,user_review,EVIDENCE_INSUFFICIENT,V1-FCT-0286;V1-FCT-0287;V1-FCT-0288,SRC-0097,partial,high,content含待核,CODEX_FACT_RECHECK,PUBLIC_STRONG,STILL_VALID,candidate remains useful after current-main rebase
V1-ENT-0150,work,guiding_question,user_review,HIGH_JUDGMENT_USER_REQUIRED,V1-FCT-0289;V1-FCT-0290;V1-FCT-0291;V1-FCT-0292,SRC-0096;SRC-0097,yes,high,by field default:引导问题阐释框架,USER_REVIEW_BATCH,PUBLIC_STRONG,STILL_VALID,candidate remains useful after current-main rebase
V1-ENT-0150,work,literary_significance,user_review,DUPLICATE_OR_REDUNDANT,V1-FCT-0289;V1-FCT-0290;V1-FCT-0291;V1-FCT-0292,SRC-0096;SRC-0097,yes,high,为why_read子句,DEDUP_MERGE,PUBLIC_STRONG,DUPLICATE,external duplicate classification retained
V1-ENT-0150,work,next_reads,user_review,TEMPLATE_REWRITE_REQUIRED,V1-FCT-0289;V1-FCT-0290;V1-FCT-0291;V1-FCT-0292,SRC-0096;SRC-0097,yes,high,模板句标记:可回溯,REWRITE_PIPELINE,PUBLIC_STRONG,STILL_VALID,candidate remains useful after current-main rebase
V1-ENT-0150,work,reading_approach,user_review,DUPLICATE_OR_REDUNDANT,V1-FCT-0289;V1-FCT-0290;V1-FCT-0291;V1-FCT-0292,SRC-0096;SRC-0097,yes,high,与reading_tips同文,DEDUP_MERGE,PUBLIC_STRONG,DUPLICATE,external duplicate classification retained
V1-ENT-0150,work,reading_premise,user_review,DUPLICATE_OR_REDUNDANT,V1-FCT-0289;V1-FCT-0290;V1-FCT-0291;V1-FCT-0292,SRC-0096;SRC-0097,yes,low,与story_intro同文,DEDUP_MERGE,PUBLIC_STRONG,DUPLICATE,external duplicate classification retained
V1-ENT-0150,work,reading_tips,user_review,HIGH_JUDGMENT_USER_REQUIRED,V1-FCT-0289;V1-FCT-0290;V1-FCT-0291;V1-FCT-0292,SRC-0096;SRC-0097,yes,high,by field default:阅读方法推荐,USER_REVIEW_BATCH,PUBLIC_STRONG,STILL_VALID,candidate remains useful after current-main rebase
V1-ENT-0150,work,theme_explanations,user_review,HIGH_JUDGMENT_USER_REQUIRED,V1-FCT-0289;V1-FCT-0290;V1-FCT-0291;V1-FCT-0292,SRC-0096;SRC-0097,yes,high,by field default:主题解释判断,USER_REVIEW_BATCH,PUBLIC_STRONG,STILL_VALID,candidate remains useful after current-main rebase
V1-ENT-0150,work,why_read,user_review,DUPLICATE_OR_REDUNDANT,V1-FCT-0289;V1-FCT-0290;V1-FCT-0291;V1-FCT-0292,SRC-0096;SRC-0097,yes,high,为narrative_features子句,DEDUP_MERGE,PUBLIC_STRONG,DUPLICATE,external duplicate classification retained
V1-ENT-0151,work,guiding_question,user_review,HIGH_JUDGMENT_USER_REQUIRED,V1-FCT-0293;V1-FCT-0294;V1-FCT-0295;V1-FCT-0296,SRC-0096;SRC-0097,yes,high,by field default:引导问题阐释框架,USER_REVIEW_BATCH,PUBLIC_STRONG,STILL_VALID,candidate remains useful after current-main rebase
V1-ENT-0151,work,literary_significance,user_review,LOW_JUDGMENT_EVIDENCE_SUFFICIENT,V1-FCT-0293;V1-FCT-0294;V1-FCT-0295;V1-FCT-0296,SRC-0096;SRC-0097,yes,low,保守转写带出处标注,USER_REVIEW_BATCH,PUBLIC_STRONG,CONFLICT_WITH_CURRENT_CURATION,field is high judgment under current validator
V1-ENT-0151,work,next_reads,user_review,TEMPLATE_REWRITE_REQUIRED,V1-FCT-0293;V1-FCT-0294;V1-FCT-0295;V1-FCT-0296,SRC-0096;SRC-0097,yes,high,模板句标记:可回溯,REWRITE_PIPELINE,PUBLIC_STRONG,STILL_VALID,candidate remains useful after current-main rebase
V1-ENT-0151,work,reading_approach,user_review,DUPLICATE_OR_REDUNDANT,V1-FCT-0293;V1-FCT-0294;V1-FCT-0295;V1-FCT-0296,SRC-0096;SRC-0097,yes,high,与reading_tips同文,DEDUP_MERGE,PUBLIC_STRONG,DUPLICATE,external duplicate classification retained
V1-ENT-0151,work,reading_premise,user_review,DUPLICATE_OR_REDUNDANT,V1-FCT-0293;V1-FCT-0294;V1-FCT-0295;V1-FCT-0296,SRC-0096;SRC-0097,yes,low,与story_intro同文,DEDUP_MERGE,PUBLIC_STRONG,DUPLICATE,external duplicate classification retained
V1-ENT-0151,work,reading_tips,user_review,HIGH_JUDGMENT_USER_REQUIRED,V1-FCT-0293;V1-FCT-0294;V1-FCT-0295;V1-FCT-0296,SRC-0096;SRC-0097,yes,high,by field default:阅读方法推荐,USER_REVIEW_BATCH,PUBLIC_STRONG,STILL_VALID,candidate remains useful after current-main rebase
V1-ENT-0151,work,theme_explanations,user_review,HIGH_JUDGMENT_USER_REQUIRED,V1-FCT-0293;V1-FCT-0294;V1-FCT-0295;V1-FCT-0296,SRC-0096;SRC-0097,yes,high,by field default:主题解释判断,USER_REVIEW_BATCH,PUBLIC_STRONG,STILL_VALID,candidate remains useful after current-main rebase
V1-ENT-0151,work,why_read,user_review,DUPLICATE_OR_REDUNDANT,V1-FCT-0293;V1-FCT-0294;V1-FCT-0295;V1-FCT-0296,SRC-0096;SRC-0097,yes,high,为narrative_features子句,DEDUP_MERGE,PUBLIC_STRONG,DUPLICATE,external duplicate classification retained
V1-ENT-0154,work,guiding_question,user_review,HIGH_JUDGMENT_USER_REQUIRED,V1-FCT-0305;V1-FCT-0306;V1-FCT-0307;V1-FCT-0308;V1-FCT-0309,SRC-0098;SRC-0099,yes,high,by field default:引导问题阐释框架,USER_REVIEW_BATCH,PUBLIC_STRONG,STILL_VALID,candidate remains useful after current-main rebase
V1-ENT-0154,work,literary_significance,user_review,DUPLICATE_OR_REDUNDANT,V1-FCT-0305;V1-FCT-0306;V1-FCT-0307;V1-FCT-0308;V1-FCT-0309,SRC-0098;SRC-0099,yes,high,为why_read子句,DEDUP_MERGE,PUBLIC_STRONG,DUPLICATE,external duplicate classification retained
V1-ENT-0154,work,next_reads,user_review,HIGH_JUDGMENT_USER_REQUIRED,V1-FCT-0305;V1-FCT-0306;V1-FCT-0307;V1-FCT-0308;V1-FCT-0309,SRC-0098;SRC-0099,yes,high,by field default:延伸阅读推荐,USER_REVIEW_BATCH,PUBLIC_STRONG,STILL_VALID,candidate remains useful after current-main rebase
V1-ENT-0154,work,reading_approach,user_review,DUPLICATE_OR_REDUNDANT,V1-FCT-0305;V1-FCT-0306;V1-FCT-0307;V1-FCT-0308;V1-FCT-0309,SRC-0098;SRC-0099,yes,high,与reading_tips同文,DEDUP_MERGE,PUBLIC_STRONG,DUPLICATE,external duplicate classification retained
V1-ENT-0154,work,reading_premise,user_review,DUPLICATE_OR_REDUNDANT,V1-FCT-0305;V1-FCT-0306;V1-FCT-0307;V1-FCT-0308;V1-FCT-0309,SRC-0098;SRC-0099,yes,low,与story_intro同文,DEDUP_MERGE,PUBLIC_STRONG,DUPLICATE,external duplicate classification retained
V1-ENT-0154,work,reading_tips,user_review,HIGH_JUDGMENT_USER_REQUIRED,V1-FCT-0305;V1-FCT-0306;V1-FCT-0307;V1-FCT-0308;V1-FCT-0309,SRC-0098;SRC-0099,yes,high,by field default:阅读方法推荐,USER_REVIEW_BATCH,PUBLIC_STRONG,STILL_VALID,candidate remains useful after current-main rebase
V1-ENT-0154,work,theme_explanations,user_review,HIGH_JUDGMENT_USER_REQUIRED,V1-FCT-0305;V1-FCT-0306;V1-FCT-0307;V1-FCT-0308;V1-FCT-0309,SRC-0098;SRC-0099,yes,high,by field default:主题解释判断,USER_REVIEW_BATCH,PUBLIC_STRONG,STILL_VALID,candidate remains useful after current-main rebase
V1-ENT-0154,work,why_read,user_review,LOW_JUDGMENT_EVIDENCE_SUFFICIENT,V1-FCT-0305;V1-FCT-0306;V1-FCT-0307;V1-FCT-0308;V1-FCT-0309,SRC-0098;SRC-0099,yes,low,保守转写带出处标注,USER_REVIEW_BATCH,PUBLIC_STRONG,CONFLICT_WITH_CURRENT_CURATION,field is high judgment under current validator
V1-ENT-0155,work,guiding_question,user_review,HIGH_JUDGMENT_USER_REQUIRED,V1-FCT-0310;V1-FCT-0311;V1-FCT-0312;V1-FCT-0313;V1-FCT-0314,SRC-0099;SRC-0100,yes,high,含价值表述:更接近,USER_REVIEW_BATCH,PUBLIC_STRONG,STILL_VALID,candidate remains useful after current-main rebase
V1-ENT-0155,work,literary_significance,user_review,DUPLICATE_OR_REDUNDANT,V1-FCT-0310;V1-FCT-0311;V1-FCT-0312;V1-FCT-0313;V1-FCT-0314,SRC-0099;SRC-0100,yes,high,为why_read子句,DEDUP_MERGE,PUBLIC_STRONG,DUPLICATE,external duplicate classification retained
V1-ENT-0155,work,next_reads,user_review,HIGH_JUDGMENT_USER_REQUIRED,V1-FCT-0310;V1-FCT-0311;V1-FCT-0312;V1-FCT-0313;V1-FCT-0314,SRC-0099;SRC-0100,yes,high,by field default:延伸阅读推荐,USER_REVIEW_BATCH,PUBLIC_STRONG,STILL_VALID,candidate remains useful after current-main rebase
V1-ENT-0155,work,reading_approach,user_review,DUPLICATE_OR_REDUNDANT,V1-FCT-0310;V1-FCT-0311;V1-FCT-0312;V1-FCT-0313;V1-FCT-0314,SRC-0099;SRC-0100,yes,high,与reading_tips同文,DEDUP_MERGE,PUBLIC_STRONG,DUPLICATE,external duplicate classification retained
V1-ENT-0155,work,reading_premise,user_review,DUPLICATE_OR_REDUNDANT,V1-FCT-0310;V1-FCT-0311;V1-FCT-0312;V1-FCT-0313;V1-FCT-0314,SRC-0099;SRC-0100,yes,low,与story_intro同文,DEDUP_MERGE,PUBLIC_STRONG,DUPLICATE,external duplicate classification retained
V1-ENT-0155,work,reading_tips,user_review,HIGH_JUDGMENT_USER_REQUIRED,V1-FCT-0310;V1-FCT-0311;V1-FCT-0312;V1-FCT-0313;V1-FCT-0314,SRC-0099;SRC-0100,yes,high,by field default:阅读方法推荐,USER_REVIEW_BATCH,PUBLIC_STRONG,STILL_VALID,candidate remains useful after current-main rebase
V1-ENT-0155,work,theme_explanations,user_review,LOW_JUDGMENT_EVIDENCE_SUFFICIENT,V1-FCT-0310;V1-FCT-0311;V1-FCT-0312;V1-FCT-0313;V1-FCT-0314,SRC-0099;SRC-0100,yes,low,保守转写带出处标注,USER_REVIEW_BATCH,PUBLIC_STRONG,CONFLICT_WITH_CURRENT_CURATION,field is high judgment under current validator
V1-ENT-0155,work,why_read,user_review,LOW_JUDGMENT_EVIDENCE_SUFFICIENT,V1-FCT-0310;V1-FCT-0311;V1-FCT-0312;V1-FCT-0313;V1-FCT-0314,SRC-0099;SRC-0100,yes,low,保守转写带出处标注,USER_REVIEW_BATCH,PUBLIC_STRONG,CONFLICT_WITH_CURRENT_CURATION,field is high judgment under current validator
V1-ENT-0156,work,guiding_question,user_review,HIGH_JUDGMENT_USER_REQUIRED,V1-FCT-0315;V1-FCT-0316;V1-FCT-0317;V1-FCT-0318;V1-FCT-0319,SRC-0099;SRC-0100,yes,high,by field default:引导问题阐释框架,USER_REVIEW_BATCH,PUBLIC_STRONG,STILL_VALID,candidate remains useful after current-main rebase
V1-ENT-0156,work,literary_significance,user_review,DUPLICATE_OR_REDUNDANT,V1-FCT-0315;V1-FCT-0316;V1-FCT-0317;V1-FCT-0318;V1-FCT-0319,SRC-0099;SRC-0100,yes,high,为why_read子句,DEDUP_MERGE,PUBLIC_STRONG,DUPLICATE,external duplicate classification retained
V1-ENT-0156,work,next_reads,user_review,HIGH_JUDGMENT_USER_REQUIRED,V1-FCT-0315;V1-FCT-0316;V1-FCT-0317;V1-FCT-0318;V1-FCT-0319,SRC-0099;SRC-0100,yes,high,by field default:延伸阅读推荐,USER_REVIEW_BATCH,PUBLIC_STRONG,STILL_VALID,candidate remains useful after current-main rebase
V1-ENT-0156,work,reading_approach,user_review,DUPLICATE_OR_REDUNDANT,V1-FCT-0315;V1-FCT-0316;V1-FCT-0317;V1-FCT-0318;V1-FCT-0319,SRC-0099;SRC-0100,yes,high,与reading_tips同文,DEDUP_MERGE,PUBLIC_STRONG,DUPLICATE,external duplicate classification retained
V1-ENT-0156,work,reading_premise,user_review,DUPLICATE_OR_REDUNDANT,V1-FCT-0315;V1-FCT-0316;V1-FCT-0317;V1-FCT-0318;V1-FCT-0319,SRC-0099;SRC-0100,yes,low,与story_intro同文,DEDUP_MERGE,PUBLIC_STRONG,DUPLICATE,external duplicate classification retained
V1-ENT-0156,work,reading_tips,user_review,HIGH_JUDGMENT_USER_REQUIRED,V1-FCT-0315;V1-FCT-0316;V1-FCT-0317;V1-FCT-0318;V1-FCT-0319,SRC-0099;SRC-0100,yes,high,by field default:阅读方法推荐,USER_REVIEW_BATCH,PUBLIC_STRONG,STILL_VALID,candidate remains useful after current-main rebase
V1-ENT-0156,work,theme_explanations,user_review,LOW_JUDGMENT_EVIDENCE_SUFFICIENT,V1-FCT-0315;V1-FCT-0316;V1-FCT-0317;V1-FCT-0318;V1-FCT-0319,SRC-0099;SRC-0100,yes,low,保守转写带出处标注,USER_REVIEW_BATCH,PUBLIC_STRONG,CONFLICT_WITH_CURRENT_CURATION,field is high judgment under current validator
V1-ENT-0156,work,why_read,user_review,DUPLICATE_OR_REDUNDANT,V1-FCT-0315;V1-FCT-0316;V1-FCT-0317;V1-FCT-0318;V1-FCT-0319,SRC-0099;SRC-0100,yes,high,为narrative_features子句,DEDUP_MERGE,PUBLIC_STRONG,DUPLICATE,external duplicate classification retained
V1-ENT-0169,work,guiding_question,user_review,HIGH_JUDGMENT_USER_REQUIRED,V1-FCT-0347;V1-FCT-0348;V1-FCT-0350;V1-FCT-0351;V1-FCT-0352;V1-FCT-0353;V1-REL-0101;V1-REL-0102,SRC-0128;SRC-0129,yes,high,by field default:引导问题阐释框架,USER_REVIEW_BATCH,PUBLIC_STRONG,STILL_VALID,candidate remains useful after current-main rebase
V1-ENT-0169,work,literary_significance,user_review,DUPLICATE_OR_REDUNDANT,V1-FCT-0347;V1-FCT-0348;V1-FCT-0350;V1-FCT-0351;V1-FCT-0352;V1-FCT-0353;V1-REL-0101;V1-REL-0102,SRC-0128;SRC-0129,yes,high,为why_read子句,DEDUP_MERGE,PUBLIC_STRONG,DUPLICATE,external duplicate classification retained
V1-ENT-0169,work,next_reads,user_review,HIGH_JUDGMENT_USER_REQUIRED,V1-FCT-0347;V1-FCT-0348;V1-FCT-0350;V1-FCT-0351;V1-FCT-0352;V1-FCT-0353;V1-REL-0101;V1-REL-0102,SRC-0128;SRC-0129,yes,high,by field default:延伸阅读推荐,USER_REVIEW_BATCH,PUBLIC_STRONG,STILL_VALID,candidate remains useful after current-main rebase
V1-ENT-0169,work,reading_approach,user_review,DUPLICATE_OR_REDUNDANT,V1-FCT-0347;V1-FCT-0348;V1-FCT-0350;V1-FCT-0351;V1-FCT-0352;V1-FCT-0353;V1-REL-0101;V1-REL-0102,SRC-0128;SRC-0129,yes,high,与reading_tips同文,DEDUP_MERGE,PUBLIC_STRONG,DUPLICATE,external duplicate classification retained
V1-ENT-0169,work,reading_premise,user_review,DUPLICATE_OR_REDUNDANT,V1-FCT-0347;V1-FCT-0348;V1-FCT-0350;V1-FCT-0351;V1-FCT-0352;V1-FCT-0353;V1-REL-0101;V1-REL-0102,SRC-0128;SRC-0129,yes,low,与story_intro同文,DEDUP_MERGE,PUBLIC_STRONG,DUPLICATE,external duplicate classification retained
V1-ENT-0169,work,reading_tips,user_review,HIGH_JUDGMENT_USER_REQUIRED,V1-FCT-0347;V1-FCT-0348;V1-FCT-0350;V1-FCT-0351;V1-FCT-0352;V1-FCT-0353;V1-REL-0101;V1-REL-0102,SRC-0128;SRC-0129,yes,high,by field default:阅读方法推荐,USER_REVIEW_BATCH,PUBLIC_STRONG,STILL_VALID,candidate remains useful after current-main rebase
V1-ENT-0169,work,theme_explanations,user_review,HIGH_JUDGMENT_USER_REQUIRED,V1-FCT-0347;V1-FCT-0348;V1-FCT-0350;V1-FCT-0351;V1-FCT-0352;V1-FCT-0353;V1-REL-0101;V1-REL-0102,SRC-0128;SRC-0129,yes,high,by field default:主题解释判断,USER_REVIEW_BATCH,PUBLIC_STRONG,STILL_VALID,candidate remains useful after current-main rebase
V1-ENT-0169,work,why_read,user_review,HIGH_JUDGMENT_USER_REQUIRED,V1-FCT-0347;V1-FCT-0348;V1-FCT-0350;V1-FCT-0351;V1-FCT-0352;V1-FCT-0353;V1-REL-0101;V1-REL-0102,SRC-0128;SRC-0129,yes,high,by field default:阅读价值判断,USER_REVIEW_BATCH,PUBLIC_STRONG,STILL_VALID,candidate remains useful after current-main rebase
V1-ENT-0173,work,guiding_question,user_review,HIGH_JUDGMENT_USER_REQUIRED,V1-FCT-0360;V1-FCT-0361;V1-FCT-0362;V1-REL-0103,SRC-0130,yes,high,by field default:引导问题阐释框架,USER_REVIEW_BATCH,PUBLIC_BIBLIOGRAPHIC_COPY,STILL_VALID,candidate remains useful after current-main rebase
V1-ENT-0173,work,literary_significance,user_review,DUPLICATE_OR_REDUNDANT,V1-FCT-0360;V1-FCT-0361;V1-FCT-0362;V1-REL-0103,SRC-0130,yes,high,为why_read子句,DEDUP_MERGE,PUBLIC_BIBLIOGRAPHIC_COPY,DUPLICATE,external duplicate classification retained
V1-ENT-0173,work,next_reads,user_review,TEMPLATE_REWRITE_REQUIRED,V1-FCT-0360;V1-FCT-0361;V1-FCT-0362;V1-REL-0103,SRC-0130,yes,high,模板/书目转写:书目转写句式,REWRITE_PIPELINE,PUBLIC_BIBLIOGRAPHIC_COPY,STILL_VALID,candidate remains useful after current-main rebase
V1-ENT-0173,work,reading_premise,user_review,DUPLICATE_OR_REDUNDANT,V1-FCT-0360;V1-FCT-0361;V1-FCT-0362;V1-REL-0103,SRC-0130,yes,low,与story_intro同文,DEDUP_MERGE,PUBLIC_BIBLIOGRAPHIC_COPY,DUPLICATE,external duplicate classification retained
V1-ENT-0173,work,theme_explanations,user_review,HIGH_JUDGMENT_USER_REQUIRED,V1-FCT-0360;V1-FCT-0361;V1-FCT-0362;V1-REL-0103,SRC-0130,yes,high,by field default:主题解释判断,USER_REVIEW_BATCH,PUBLIC_BIBLIOGRAPHIC_COPY,STILL_VALID,candidate remains useful after current-main rebase
V1-ENT-0173,work,why_read,user_review,TEMPLATE_REWRITE_REQUIRED,V1-FCT-0360;V1-FCT-0361;V1-FCT-0362;V1-REL-0103,SRC-0130,yes,high,"模板句标记:本批,可回溯",REWRITE_PIPELINE,PUBLIC_BIBLIOGRAPHIC_COPY,STILL_VALID,candidate remains useful after current-main rebase
V1-ENT-0174,work,guiding_question,user_review,TEMPLATE_REWRITE_REQUIRED,V1-FCT-0363;V1-FCT-0364;V1-FCT-0365;V1-REL-0104,SRC-0132,yes,high,模板/书目转写:书目位置,REWRITE_PIPELINE,PUBLIC_BIBLIOGRAPHIC_COPY,STILL_VALID,candidate remains useful after current-main rebase
V1-ENT-0174,work,literary_significance,user_review,DUPLICATE_OR_REDUNDANT,V1-FCT-0363;V1-FCT-0364;V1-FCT-0365;V1-REL-0104,SRC-0132,yes,high,为why_read子句,DEDUP_MERGE,PUBLIC_BIBLIOGRAPHIC_COPY,DUPLICATE,external duplicate classification retained
V1-ENT-0174,work,next_reads,user_review,HIGH_JUDGMENT_USER_REQUIRED,V1-FCT-0363;V1-FCT-0364;V1-FCT-0365;V1-REL-0104,SRC-0132,yes,high,by field default:延伸阅读推荐,USER_REVIEW_BATCH,PUBLIC_BIBLIOGRAPHIC_COPY,STILL_VALID,candidate remains useful after current-main rebase
V1-ENT-0174,work,reading_premise,user_review,DUPLICATE_OR_REDUNDANT,V1-FCT-0363;V1-FCT-0364;V1-FCT-0365;V1-REL-0104,SRC-0132,yes,low,为story_intro子句,DEDUP_MERGE,PUBLIC_BIBLIOGRAPHIC_COPY,DUPLICATE,external duplicate classification retained
V1-ENT-0174,work,theme_explanations,user_review,TEMPLATE_REWRITE_REQUIRED,V1-FCT-0363;V1-FCT-0364;V1-FCT-0365;V1-REL-0104,SRC-0132,yes,high,模板句标记:本批,REWRITE_PIPELINE,PUBLIC_BIBLIOGRAPHIC_COPY,STILL_VALID,candidate remains useful after current-main rebase
V1-ENT-0174,work,why_read,user_review,TEMPLATE_REWRITE_REQUIRED,V1-FCT-0363;V1-FCT-0364;V1-FCT-0365;V1-REL-0104,SRC-0132,yes,high,模板句标记:本批,REWRITE_PIPELINE,PUBLIC_BIBLIOGRAPHIC_COPY,STILL_VALID,candidate remains useful after current-main rebase
V1-ENT-0175,work,guiding_question,user_review,HIGH_JUDGMENT_USER_REQUIRED,V1-FCT-0366;V1-FCT-0367;V1-FCT-0368;V1-REL-0105,SRC-0130,yes,high,by field default:引导问题阐释框架,USER_REVIEW_BATCH,PUBLIC_BIBLIOGRAPHIC_COPY,STILL_VALID,candidate remains useful after current-main rebase
V1-ENT-0175,work,literary_significance,user_review,DUPLICATE_OR_REDUNDANT,V1-FCT-0366;V1-FCT-0367;V1-FCT-0368;V1-REL-0105,SRC-0130,yes,high,为why_read子句,DEDUP_MERGE,PUBLIC_BIBLIOGRAPHIC_COPY,DUPLICATE,external duplicate classification retained
V1-ENT-0175,work,next_reads,user_review,TEMPLATE_REWRITE_REQUIRED,V1-FCT-0366;V1-FCT-0367;V1-FCT-0368;V1-REL-0105,SRC-0130,yes,high,模板/书目转写:书目转写句式,REWRITE_PIPELINE,PUBLIC_BIBLIOGRAPHIC_COPY,STILL_VALID,candidate remains useful after current-main rebase
V1-ENT-0175,work,reading_approach,user_review,DUPLICATE_OR_REDUNDANT,V1-FCT-0366;V1-FCT-0367;V1-FCT-0368;V1-REL-0105,SRC-0130,yes,high,与reading_tips同文,DEDUP_MERGE,PUBLIC_BIBLIOGRAPHIC_COPY,DUPLICATE,external duplicate classification retained
V1-ENT-0175,work,reading_premise,user_review,DUPLICATE_OR_REDUNDANT,V1-FCT-0366;V1-FCT-0367;V1-FCT-0368;V1-REL-0105,SRC-0130,yes,low,与story_intro同文,DEDUP_MERGE,PUBLIC_BIBLIOGRAPHIC_COPY,DUPLICATE,external duplicate classification retained
V1-ENT-0175,work,reading_tips,user_review,HIGH_JUDGMENT_USER_REQUIRED,V1-FCT-0366;V1-FCT-0367;V1-FCT-0368;V1-REL-0105,SRC-0130,yes,high,by field default:阅读方法推荐,USER_REVIEW_BATCH,PUBLIC_BIBLIOGRAPHIC_COPY,STILL_VALID,candidate remains useful after current-main rebase
V1-ENT-0175,work,theme_explanations,user_review,TEMPLATE_REWRITE_REQUIRED,V1-FCT-0366;V1-FCT-0367;V1-FCT-0368;V1-REL-0105,SRC-0130,yes,high,模板句标记:本批,REWRITE_PIPELINE,PUBLIC_BIBLIOGRAPHIC_COPY,STILL_VALID,candidate remains useful after current-main rebase
V1-ENT-0175,work,why_read,user_review,HIGH_JUDGMENT_USER_REQUIRED,V1-FCT-0366;V1-FCT-0367;V1-FCT-0368;V1-REL-0105,SRC-0130,yes,high,by field default:阅读价值判断,USER_REVIEW_BATCH,PUBLIC_BIBLIOGRAPHIC_COPY,STILL_VALID,candidate remains useful after current-main rebase
V1-ENT-0176,work,guiding_question,user_review,HIGH_JUDGMENT_USER_REQUIRED,V1-FCT-0373;V1-FCT-0374;V1-FCT-0375;V1-REL-0106,SRC-0134;SRC-0135,yes,high,by field default:引导问题阐释框架,USER_REVIEW_BATCH,PUBLIC_BIBLIOGRAPHIC_COPY,STILL_VALID,candidate remains useful after current-main rebase
V1-ENT-0176,work,literary_significance,user_review,DUPLICATE_OR_REDUNDANT,V1-FCT-0373;V1-FCT-0374;V1-FCT-0375;V1-REL-0106,SRC-0134;SRC-0135,yes,high,为why_read子句,DEDUP_MERGE,PUBLIC_BIBLIOGRAPHIC_COPY,DUPLICATE,external duplicate classification retained
V1-ENT-0176,work,next_reads,user_review,HIGH_JUDGMENT_USER_REQUIRED,V1-FCT-0373;V1-FCT-0374;V1-FCT-0375;V1-REL-0106,SRC-0134;SRC-0135,yes,high,by field default:延伸阅读推荐,USER_REVIEW_BATCH,PUBLIC_BIBLIOGRAPHIC_COPY,STILL_VALID,candidate remains useful after current-main rebase
V1-ENT-0176,work,reading_approach,user_review,DUPLICATE_OR_REDUNDANT,V1-FCT-0373;V1-FCT-0374;V1-FCT-0375;V1-REL-0106,SRC-0134;SRC-0135,yes,high,与reading_tips同文,DEDUP_MERGE,PUBLIC_BIBLIOGRAPHIC_COPY,DUPLICATE,external duplicate classification retained
V1-ENT-0176,work,reading_premise,user_review,DUPLICATE_OR_REDUNDANT,V1-FCT-0373;V1-FCT-0374;V1-FCT-0375;V1-REL-0106,SRC-0134;SRC-0135,yes,low,与story_intro同文,DEDUP_MERGE,PUBLIC_BIBLIOGRAPHIC_COPY,DUPLICATE,external duplicate classification retained
V1-ENT-0176,work,reading_tips,user_review,HIGH_JUDGMENT_USER_REQUIRED,V1-FCT-0373;V1-FCT-0374;V1-FCT-0375;V1-REL-0106,SRC-0134;SRC-0135,yes,high,by field default:阅读方法推荐,USER_REVIEW_BATCH,PUBLIC_BIBLIOGRAPHIC_COPY,STILL_VALID,candidate remains useful after current-main rebase
V1-ENT-0176,work,theme_explanations,user_review,TEMPLATE_REWRITE_REQUIRED,V1-FCT-0373;V1-FCT-0374;V1-FCT-0375;V1-REL-0106,SRC-0134;SRC-0135,yes,high,模板句标记:本批,REWRITE_PIPELINE,PUBLIC_BIBLIOGRAPHIC_COPY,STILL_VALID,candidate remains useful after current-main rebase
V1-ENT-0176,work,why_read,user_review,TEMPLATE_REWRITE_REQUIRED,V1-FCT-0373;V1-FCT-0374;V1-FCT-0375;V1-REL-0106,SRC-0134;SRC-0135,yes,high,模板/书目转写:书目转写句式,REWRITE_PIPELINE,PUBLIC_BIBLIOGRAPHIC_COPY,STILL_VALID,candidate remains useful after current-main rebase
V1-ENT-0177,work,literary_significance,user_review,DUPLICATE_OR_REDUNDANT,V1-FCT-0376;V1-FCT-0377;V1-FCT-0378;V1-REL-0107,SRC-0134;SRC-0136,yes,high,为why_read子句,DEDUP_MERGE,PUBLIC_BIBLIOGRAPHIC_COPY,DUPLICATE,external duplicate classification retained
V1-ENT-0177,work,next_reads,user_review,HIGH_JUDGMENT_USER_REQUIRED,V1-FCT-0376;V1-FCT-0377;V1-FCT-0378;V1-REL-0107,SRC-0134;SRC-0136,yes,high,by field default:延伸阅读推荐,USER_REVIEW_BATCH,PUBLIC_BIBLIOGRAPHIC_COPY,STILL_VALID,candidate remains useful after current-main rebase
V1-ENT-0177,work,reading_approach,user_review,DUPLICATE_OR_REDUNDANT,V1-FCT-0376;V1-FCT-0377;V1-FCT-0378;V1-REL-0107,SRC-0134;SRC-0136,yes,high,与reading_tips同文,DEDUP_MERGE,PUBLIC_BIBLIOGRAPHIC_COPY,DUPLICATE,external duplicate classification retained
V1-ENT-0177,work,reading_premise,user_review,DUPLICATE_OR_REDUNDANT,V1-FCT-0376;V1-FCT-0377;V1-FCT-0378;V1-REL-0107,SRC-0134;SRC-0136,yes,low,与story_intro同文,DEDUP_MERGE,PUBLIC_BIBLIOGRAPHIC_COPY,DUPLICATE,external duplicate classification retained
V1-ENT-0177,work,reading_tips,user_review,HIGH_JUDGMENT_USER_REQUIRED,V1-FCT-0376;V1-FCT-0377;V1-FCT-0378;V1-REL-0107,SRC-0134;SRC-0136,yes,high,by field default:阅读方法推荐,USER_REVIEW_BATCH,PUBLIC_BIBLIOGRAPHIC_COPY,STILL_VALID,candidate remains useful after current-main rebase
V1-ENT-0177,work,theme_explanations,user_review,HIGH_JUDGMENT_USER_REQUIRED,V1-FCT-0376;V1-FCT-0377;V1-FCT-0378;V1-REL-0107,SRC-0134;SRC-0136,yes,high,by field default:主题解释判断,USER_REVIEW_BATCH,PUBLIC_BIBLIOGRAPHIC_COPY,STILL_VALID,candidate remains useful after current-main rebase
V1-ENT-0177,work,why_read,user_review,TEMPLATE_REWRITE_REQUIRED,V1-FCT-0376;V1-FCT-0377;V1-FCT-0378;V1-REL-0107,SRC-0134;SRC-0136,yes,high,模板句标记:不把,REWRITE_PIPELINE,PUBLIC_BIBLIOGRAPHIC_COPY,STILL_VALID,candidate remains useful after current-main rebase
V1-ENT-0178,work,guiding_question,user_review,HIGH_JUDGMENT_USER_REQUIRED,V1-FCT-0379;V1-FCT-0380;V1-FCT-0381;V1-REL-0108,SRC-0134;SRC-0137,yes,high,by field default:引导问题阐释框架,USER_REVIEW_BATCH,PUBLIC_BIBLIOGRAPHIC_COPY,STILL_VALID,candidate remains useful after current-main rebase
V1-ENT-0178,work,literary_significance,user_review,DUPLICATE_OR_REDUNDANT,V1-FCT-0379;V1-FCT-0380;V1-FCT-0381;V1-REL-0108,SRC-0134;SRC-0137,yes,high,为why_read子句,DEDUP_MERGE,PUBLIC_BIBLIOGRAPHIC_COPY,DUPLICATE,external duplicate classification retained
V1-ENT-0178,work,next_reads,user_review,HIGH_JUDGMENT_USER_REQUIRED,V1-FCT-0379;V1-FCT-0380;V1-FCT-0381;V1-REL-0108,SRC-0134;SRC-0137,yes,high,by field default:延伸阅读推荐,USER_REVIEW_BATCH,PUBLIC_BIBLIOGRAPHIC_COPY,STILL_VALID,candidate remains useful after current-main rebase
V1-ENT-0178,work,reading_approach,user_review,DUPLICATE_OR_REDUNDANT,V1-FCT-0379;V1-FCT-0380;V1-FCT-0381;V1-REL-0108,SRC-0134;SRC-0137,yes,high,与reading_tips同文,DEDUP_MERGE,PUBLIC_BIBLIOGRAPHIC_COPY,DUPLICATE,external duplicate classification retained
V1-ENT-0178,work,reading_premise,user_review,DUPLICATE_OR_REDUNDANT,V1-FCT-0379;V1-FCT-0380;V1-FCT-0381;V1-REL-0108,SRC-0134;SRC-0137,yes,low,与story_intro同文,DEDUP_MERGE,PUBLIC_BIBLIOGRAPHIC_COPY,DUPLICATE,external duplicate classification retained
V1-ENT-0178,work,reading_tips,user_review,HIGH_JUDGMENT_USER_REQUIRED,V1-FCT-0379;V1-FCT-0380;V1-FCT-0381;V1-REL-0108,SRC-0134;SRC-0137,yes,high,by field default:阅读方法推荐,USER_REVIEW_BATCH,PUBLIC_BIBLIOGRAPHIC_COPY,STILL_VALID,candidate remains useful after current-main rebase
V1-ENT-0178,work,theme_explanations,user_review,HIGH_JUDGMENT_USER_REQUIRED,V1-FCT-0379;V1-FCT-0380;V1-FCT-0381;V1-REL-0108,SRC-0134;SRC-0137,yes,high,by field default:主题解释判断,USER_REVIEW_BATCH,PUBLIC_BIBLIOGRAPHIC_COPY,STILL_VALID,candidate remains useful after current-main rebase
V1-ENT-0178,work,why_read,user_review,TEMPLATE_REWRITE_REQUIRED,V1-FCT-0379;V1-FCT-0380;V1-FCT-0381;V1-REL-0108,SRC-0134;SRC-0137,yes,high,模板/书目转写:先确认,REWRITE_PIPELINE,PUBLIC_BIBLIOGRAPHIC_COPY,STILL_VALID,candidate remains useful after current-main rebase
V1-ENT-0179,work,guiding_question,user_review,HIGH_JUDGMENT_USER_REQUIRED,V1-FCT-0387;V1-FCT-0388;V1-FCT-0389;V1-REL-0109,SRC-0139,yes,high,by field default:引导问题阐释框架,USER_REVIEW_BATCH,PUBLIC_BIBLIOGRAPHIC_COPY,STILL_VALID,candidate remains useful after current-main rebase
V1-ENT-0179,work,literary_significance,user_review,DUPLICATE_OR_REDUNDANT,V1-FCT-0387;V1-FCT-0388;V1-FCT-0389;V1-REL-0109,SRC-0139,yes,high,为why_read子句,DEDUP_MERGE,PUBLIC_BIBLIOGRAPHIC_COPY,DUPLICATE,external duplicate classification retained
V1-ENT-0179,work,next_reads,user_review,TEMPLATE_REWRITE_REQUIRED,V1-FCT-0387;V1-FCT-0388;V1-FCT-0389;V1-REL-0109,SRC-0139,yes,high,模板/书目转写:同字段模板雷同×6,REWRITE_PIPELINE,PUBLIC_BIBLIOGRAPHIC_COPY,STILL_VALID,candidate remains useful after current-main rebase
V1-ENT-0179,work,reading_premise,user_review,DUPLICATE_OR_REDUNDANT,V1-FCT-0387;V1-FCT-0388;V1-FCT-0389;V1-REL-0109,SRC-0139,yes,low,与story_intro同文,DEDUP_MERGE,PUBLIC_BIBLIOGRAPHIC_COPY,DUPLICATE,external duplicate classification retained
V1-ENT-0179,work,theme_explanations,user_review,TEMPLATE_REWRITE_REQUIRED,V1-FCT-0387;V1-FCT-0388;V1-FCT-0389;V1-REL-0109,SRC-0139,yes,high,模板/书目转写:同字段模板雷同×2,REWRITE_PIPELINE,PUBLIC_BIBLIOGRAPHIC_COPY,STILL_VALID,candidate remains useful after current-main rebase
V1-ENT-0179,work,why_read,user_review,TEMPLATE_REWRITE_REQUIRED,V1-FCT-0387;V1-FCT-0388;V1-FCT-0389;V1-REL-0109,SRC-0139,yes,high,"模板句标记:本批,不把",REWRITE_PIPELINE,PUBLIC_BIBLIOGRAPHIC_COPY,STILL_VALID,candidate remains useful after current-main rebase
V1-ENT-0180,work,guiding_question,user_review,HIGH_JUDGMENT_USER_REQUIRED,V1-FCT-0390;V1-FCT-0391;V1-FCT-0392;V1-REL-0110,SRC-0139,yes,high,by field default:引导问题阐释框架,USER_REVIEW_BATCH,PUBLIC_BIBLIOGRAPHIC_COPY,STILL_VALID,candidate remains useful after current-main rebase
V1-ENT-0180,work,literary_significance,user_review,DUPLICATE_OR_REDUNDANT,V1-FCT-0390;V1-FCT-0391;V1-FCT-0392;V1-REL-0110,SRC-0139,yes,high,为why_read子句,DEDUP_MERGE,PUBLIC_BIBLIOGRAPHIC_COPY,DUPLICATE,external duplicate classification retained
V1-ENT-0180,work,next_reads,user_review,HIGH_JUDGMENT_USER_REQUIRED,V1-FCT-0390;V1-FCT-0391;V1-FCT-0392;V1-REL-0110,SRC-0139,yes,high,by field default:延伸阅读推荐,USER_REVIEW_BATCH,PUBLIC_BIBLIOGRAPHIC_COPY,STILL_VALID,candidate remains useful after current-main rebase
V1-ENT-0180,work,reading_premise,user_review,DUPLICATE_OR_REDUNDANT,V1-FCT-0390;V1-FCT-0391;V1-FCT-0392;V1-REL-0110,SRC-0139,yes,low,与story_intro同文,DEDUP_MERGE,PUBLIC_BIBLIOGRAPHIC_COPY,DUPLICATE,external duplicate classification retained
V1-ENT-0180,work,theme_explanations,user_review,TEMPLATE_REWRITE_REQUIRED,V1-FCT-0390;V1-FCT-0391;V1-FCT-0392;V1-REL-0110,SRC-0139,yes,high,模板/书目转写:同字段模板雷同×2,REWRITE_PIPELINE,PUBLIC_BIBLIOGRAPHIC_COPY,STILL_VALID,candidate remains useful after current-main rebase
V1-ENT-0180,work,why_read,user_review,TEMPLATE_REWRITE_REQUIRED,V1-FCT-0390;V1-FCT-0391;V1-FCT-0392;V1-REL-0110,SRC-0139,yes,high,模板/书目转写:研究层,REWRITE_PIPELINE,PUBLIC_BIBLIOGRAPHIC_COPY,STILL_VALID,candidate remains useful after current-main rebase
V1-ENT-0181,work,literary_significance,user_review,DUPLICATE_OR_REDUNDANT,V1-FCT-0393;V1-FCT-0394;V1-FCT-0395;V1-REL-0111,SRC-0139;SRC-0140,yes,high,为why_read子句,DEDUP_MERGE,PUBLIC_BIBLIOGRAPHIC_COPY,DUPLICATE,external duplicate classification retained
V1-ENT-0181,work,next_reads,user_review,TEMPLATE_REWRITE_REQUIRED,V1-FCT-0393;V1-FCT-0394;V1-FCT-0395;V1-REL-0111,SRC-0139;SRC-0140,yes,high,模板/书目转写:同字段模板雷同×2,REWRITE_PIPELINE,PUBLIC_BIBLIOGRAPHIC_COPY,STILL_VALID,candidate remains useful after current-main rebase
V1-ENT-0181,work,reading_approach,user_review,DUPLICATE_OR_REDUNDANT,V1-FCT-0393;V1-FCT-0394;V1-FCT-0395;V1-REL-0111,SRC-0139;SRC-0140,yes,high,与reading_tips同文,DEDUP_MERGE,PUBLIC_BIBLIOGRAPHIC_COPY,DUPLICATE,external duplicate classification retained
V1-ENT-0181,work,reading_premise,user_review,DUPLICATE_OR_REDUNDANT,V1-FCT-0393;V1-FCT-0394;V1-FCT-0395;V1-REL-0111,SRC-0139;SRC-0140,yes,low,与story_intro同文,DEDUP_MERGE,PUBLIC_BIBLIOGRAPHIC_COPY,DUPLICATE,external duplicate classification retained
V1-ENT-0181,work,reading_tips,user_review,TEMPLATE_REWRITE_REQUIRED,V1-FCT-0393;V1-FCT-0394;V1-FCT-0395;V1-REL-0111,SRC-0139;SRC-0140,yes,high,模板/书目转写:书目转写句式,REWRITE_PIPELINE,PUBLIC_BIBLIOGRAPHIC_COPY,STILL_VALID,candidate remains useful after current-main rebase
V1-ENT-0181,work,theme_explanations,user_review,HIGH_JUDGMENT_USER_REQUIRED,V1-FCT-0393;V1-FCT-0394;V1-FCT-0395;V1-REL-0111,SRC-0139;SRC-0140,yes,high,by field default:主题解释判断,USER_REVIEW_BATCH,PUBLIC_BIBLIOGRAPHIC_COPY,STILL_VALID,candidate remains useful after current-main rebase
V1-ENT-0181,work,why_read,user_review,TEMPLATE_REWRITE_REQUIRED,V1-FCT-0393;V1-FCT-0394;V1-FCT-0395;V1-REL-0111,SRC-0139;SRC-0140,yes,high,模板/书目转写:保留为,REWRITE_PIPELINE,PUBLIC_BIBLIOGRAPHIC_COPY,STILL_VALID,candidate remains useful after current-main rebase
V1-ENT-0187,work,guiding_question,user_review,HIGH_JUDGMENT_USER_REQUIRED,V1-FCT-0401;V1-FCT-0402;V1-FCT-0403;V1-REL-0115,SRC-0142;SRC-0143;SRC-0152,yes,high,by field default:引导问题阐释框架,USER_REVIEW_BATCH,PUBLIC_BIBLIOGRAPHIC_COPY,STILL_VALID,candidate remains useful after current-main rebase
V1-ENT-0187,work,literary_significance,user_review,DUPLICATE_OR_REDUNDANT,V1-FCT-0401;V1-FCT-0402;V1-FCT-0403;V1-REL-0115,SRC-0142;SRC-0143;SRC-0152,yes,high,为why_read子句,DEDUP_MERGE,PUBLIC_BIBLIOGRAPHIC_COPY,DUPLICATE,external duplicate classification retained
V1-ENT-0187,work,next_reads,user_review,HIGH_JUDGMENT_USER_REQUIRED,V1-FCT-0401;V1-FCT-0402;V1-FCT-0403;V1-REL-0115,SRC-0142;SRC-0143;SRC-0152,yes,high,by field default:延伸阅读推荐,USER_REVIEW_BATCH,PUBLIC_BIBLIOGRAPHIC_COPY,STILL_VALID,candidate remains useful after current-main rebase
V1-ENT-0187,work,reading_approach,user_review,DUPLICATE_OR_REDUNDANT,V1-FCT-0401;V1-FCT-0402;V1-FCT-0403;V1-REL-0115,SRC-0142;SRC-0143;SRC-0152,yes,high,与reading_tips同文,DEDUP_MERGE,PUBLIC_BIBLIOGRAPHIC_COPY,DUPLICATE,external duplicate classification retained
V1-ENT-0187,work,reading_premise,user_review,DUPLICATE_OR_REDUNDANT,V1-FCT-0401;V1-FCT-0402;V1-FCT-0403;V1-REL-0115,SRC-0142;SRC-0143;SRC-0152,yes,low,为story_intro子句,DEDUP_MERGE,PUBLIC_BIBLIOGRAPHIC_COPY,DUPLICATE,external duplicate classification retained
V1-ENT-0187,work,reading_tips,user_review,TEMPLATE_REWRITE_REQUIRED,V1-FCT-0401;V1-FCT-0402;V1-FCT-0403;V1-REL-0115,SRC-0142;SRC-0143;SRC-0152,yes,high,模板/书目转写:先确认,REWRITE_PIPELINE,PUBLIC_BIBLIOGRAPHIC_COPY,STILL_VALID,candidate remains useful after current-main rebase
V1-ENT-0187,work,theme_explanations,user_review,HIGH_JUDGMENT_USER_REQUIRED,V1-FCT-0401;V1-FCT-0402;V1-FCT-0403;V1-REL-0115,SRC-0142;SRC-0143;SRC-0152,yes,high,by field default:主题解释判断,USER_REVIEW_BATCH,PUBLIC_BIBLIOGRAPHIC_COPY,STILL_VALID,candidate remains useful after current-main rebase
V1-ENT-0187,work,why_read,user_review,HIGH_JUDGMENT_USER_REQUIRED,V1-FCT-0401;V1-FCT-0402;V1-FCT-0403;V1-REL-0115,SRC-0142;SRC-0143;SRC-0152,yes,high,by field default:阅读价值判断,USER_REVIEW_BATCH,PUBLIC_BIBLIOGRAPHIC_COPY,STILL_VALID,candidate remains useful after current-main rebase
V1-ENT-0188,work,guiding_question,user_review,TEMPLATE_REWRITE_REQUIRED,V1-FCT-0404;V1-FCT-0405;V1-FCT-0406;V1-REL-0116,SRC-0142;SRC-0143,yes,high,模板/书目转写:同字段模板雷同×2,REWRITE_PIPELINE,PUBLIC_BIBLIOGRAPHIC_COPY,STILL_VALID,candidate remains useful after current-main rebase
V1-ENT-0188,work,literary_significance,user_review,DUPLICATE_OR_REDUNDANT,V1-FCT-0404;V1-FCT-0405;V1-FCT-0406;V1-REL-0116,SRC-0142;SRC-0143,yes,high,为why_read子句,DEDUP_MERGE,PUBLIC_BIBLIOGRAPHIC_COPY,DUPLICATE,external duplicate classification retained
V1-ENT-0188,work,next_reads,user_review,HIGH_JUDGMENT_USER_REQUIRED,V1-FCT-0404;V1-FCT-0405;V1-FCT-0406;V1-REL-0116,SRC-0142;SRC-0143,yes,high,by field default:延伸阅读推荐,USER_REVIEW_BATCH,PUBLIC_BIBLIOGRAPHIC_COPY,STILL_VALID,candidate remains useful after current-main rebase
V1-ENT-0188,work,reading_approach,user_review,DUPLICATE_OR_REDUNDANT,V1-FCT-0404;V1-FCT-0405;V1-FCT-0406;V1-REL-0116,SRC-0142;SRC-0143,yes,high,与reading_tips同文,DEDUP_MERGE,PUBLIC_BIBLIOGRAPHIC_COPY,DUPLICATE,external duplicate classification retained
V1-ENT-0188,work,reading_premise,user_review,DUPLICATE_OR_REDUNDANT,V1-FCT-0404;V1-FCT-0405;V1-FCT-0406;V1-REL-0116,SRC-0142;SRC-0143,yes,low,为story_intro子句,DEDUP_MERGE,PUBLIC_BIBLIOGRAPHIC_COPY,DUPLICATE,external duplicate classification retained
V1-ENT-0188,work,reading_tips,user_review,TEMPLATE_REWRITE_REQUIRED,V1-FCT-0404;V1-FCT-0405;V1-FCT-0406;V1-REL-0116,SRC-0142;SRC-0143,yes,high,模板/书目转写:书目转写句式,REWRITE_PIPELINE,PUBLIC_BIBLIOGRAPHIC_COPY,STILL_VALID,candidate remains useful after current-main rebase
V1-ENT-0188,work,theme_explanations,user_review,HIGH_JUDGMENT_USER_REQUIRED,V1-FCT-0404;V1-FCT-0405;V1-FCT-0406;V1-REL-0116,SRC-0142;SRC-0143,yes,high,by field default:主题解释判断,USER_REVIEW_BATCH,PUBLIC_BIBLIOGRAPHIC_COPY,STILL_VALID,candidate remains useful after current-main rebase
V1-ENT-0188,work,why_read,user_review,HIGH_JUDGMENT_USER_REQUIRED,V1-FCT-0404;V1-FCT-0405;V1-FCT-0406;V1-REL-0116,SRC-0142;SRC-0143,yes,high,by field default:阅读价值判断,USER_REVIEW_BATCH,PUBLIC_BIBLIOGRAPHIC_COPY,STILL_VALID,candidate remains useful after current-main rebase
V1-ENT-0189,work,guiding_question,user_review,TEMPLATE_REWRITE_REQUIRED,V1-FCT-0407;V1-FCT-0408;V1-FCT-0409;V1-REL-0117,SRC-0142;SRC-0143,yes,high,模板/书目转写:书目位置,REWRITE_PIPELINE,PUBLIC_BIBLIOGRAPHIC_COPY,STILL_VALID,candidate remains useful after current-main rebase
V1-ENT-0189,work,literary_significance,user_review,DUPLICATE_OR_REDUNDANT,V1-FCT-0407;V1-FCT-0408;V1-FCT-0409;V1-REL-0117,SRC-0142;SRC-0143,yes,high,为why_read子句,DEDUP_MERGE,PUBLIC_BIBLIOGRAPHIC_COPY,DUPLICATE,external duplicate classification retained
V1-ENT-0189,work,next_reads,user_review,HIGH_JUDGMENT_USER_REQUIRED,V1-FCT-0407;V1-FCT-0408;V1-FCT-0409;V1-REL-0117,SRC-0142;SRC-0143,yes,high,by field default:延伸阅读推荐,USER_REVIEW_BATCH,PUBLIC_BIBLIOGRAPHIC_COPY,STILL_VALID,candidate remains useful after current-main rebase
V1-ENT-0189,work,reading_approach,user_review,DUPLICATE_OR_REDUNDANT,V1-FCT-0407;V1-FCT-0408;V1-FCT-0409;V1-REL-0117,SRC-0142;SRC-0143,yes,high,与reading_tips同文,DEDUP_MERGE,PUBLIC_BIBLIOGRAPHIC_COPY,DUPLICATE,external duplicate classification retained
V1-ENT-0189,work,reading_premise,user_review,DUPLICATE_OR_REDUNDANT,V1-FCT-0407;V1-FCT-0408;V1-FCT-0409;V1-REL-0117,SRC-0142;SRC-0143,yes,low,与story_intro同文,DEDUP_MERGE,PUBLIC_BIBLIOGRAPHIC_COPY,DUPLICATE,external duplicate classification retained
V1-ENT-0189,work,reading_tips,user_review,TEMPLATE_REWRITE_REQUIRED,V1-FCT-0407;V1-FCT-0408;V1-FCT-0409;V1-REL-0117,SRC-0142;SRC-0143,yes,high,模板/书目转写:书目转写句式,REWRITE_PIPELINE,PUBLIC_BIBLIOGRAPHIC_COPY,STILL_VALID,candidate remains useful after current-main rebase
V1-ENT-0189,work,theme_explanations,user_review,HIGH_JUDGMENT_USER_REQUIRED,V1-FCT-0407;V1-FCT-0408;V1-FCT-0409;V1-REL-0117,SRC-0142;SRC-0143,yes,high,by field default:主题解释判断,USER_REVIEW_BATCH,PUBLIC_BIBLIOGRAPHIC_COPY,STILL_VALID,candidate remains useful after current-main rebase
V1-ENT-0189,work,why_read,user_review,TEMPLATE_REWRITE_REQUIRED,V1-FCT-0407;V1-FCT-0408;V1-FCT-0409;V1-REL-0117,SRC-0142;SRC-0143,yes,high,模板句标记:可回溯,REWRITE_PIPELINE,PUBLIC_BIBLIOGRAPHIC_COPY,STILL_VALID,candidate remains useful after current-main rebase
V1-ENT-0190,work,guiding_question,user_review,HIGH_JUDGMENT_USER_REQUIRED,V1-FCT-0414;V1-FCT-0415;V1-FCT-0416;V1-REL-0118,SRC-0144;SRC-0146,yes,high,by field default:引导问题阐释框架,USER_REVIEW_BATCH,PUBLIC_BIBLIOGRAPHIC_COPY,STILL_VALID,candidate remains useful after current-main rebase
V1-ENT-0190,work,literary_significance,user_review,DUPLICATE_OR_REDUNDANT,V1-FCT-0414;V1-FCT-0415;V1-FCT-0416;V1-REL-0118,SRC-0144;SRC-0146,yes,high,为why_read子句,DEDUP_MERGE,PUBLIC_BIBLIOGRAPHIC_COPY,DUPLICATE,external duplicate classification retained
V1-ENT-0190,work,next_reads,user_review,TEMPLATE_REWRITE_REQUIRED,V1-FCT-0414;V1-FCT-0415;V1-FCT-0416;V1-REL-0118,SRC-0144;SRC-0146,yes,high,模板/书目转写:同字段模板雷同×2,REWRITE_PIPELINE,PUBLIC_BIBLIOGRAPHIC_COPY,STILL_VALID,candidate remains useful after current-main rebase
V1-ENT-0190,work,reading_approach,user_review,DUPLICATE_OR_REDUNDANT,V1-FCT-0414;V1-FCT-0415;V1-FCT-0416;V1-REL-0118,SRC-0144;SRC-0146,yes,high,与reading_tips同文,DEDUP_MERGE,PUBLIC_BIBLIOGRAPHIC_COPY,DUPLICATE,external duplicate classification retained
V1-ENT-0190,work,reading_premise,user_review,DUPLICATE_OR_REDUNDANT,V1-FCT-0414;V1-FCT-0415;V1-FCT-0416;V1-REL-0118,SRC-0144;SRC-0146,yes,low,为story_intro子句,DEDUP_MERGE,PUBLIC_BIBLIOGRAPHIC_COPY,DUPLICATE,external duplicate classification retained
V1-ENT-0190,work,reading_tips,user_review,TEMPLATE_REWRITE_REQUIRED,V1-FCT-0414;V1-FCT-0415;V1-FCT-0416;V1-REL-0118,SRC-0144;SRC-0146,yes,high,模板/书目转写:书目转写句式,REWRITE_PIPELINE,PUBLIC_BIBLIOGRAPHIC_COPY,STILL_VALID,candidate remains useful after current-main rebase
V1-ENT-0190,work,theme_explanations,user_review,HIGH_JUDGMENT_USER_REQUIRED,V1-FCT-0414;V1-FCT-0415;V1-FCT-0416;V1-REL-0118,SRC-0144;SRC-0146,yes,high,by field default:主题解释判断,USER_REVIEW_BATCH,PUBLIC_BIBLIOGRAPHIC_COPY,STILL_VALID,candidate remains useful after current-main rebase
V1-ENT-0190,work,why_read,user_review,TEMPLATE_REWRITE_REQUIRED,V1-FCT-0414;V1-FCT-0415;V1-FCT-0416;V1-REL-0118,SRC-0144;SRC-0146,yes,high,模板句标记:可回溯,REWRITE_PIPELINE,PUBLIC_BIBLIOGRAPHIC_COPY,STILL_VALID,candidate remains useful after current-main rebase
V1-ENT-0191,work,literary_significance,user_review,DUPLICATE_OR_REDUNDANT,V1-FCT-0417;V1-FCT-0418;V1-FCT-0419;V1-REL-0119,SRC-0144;SRC-0147,yes,high,为why_read子句,DEDUP_MERGE,PUBLIC_BIBLIOGRAPHIC_COPY,DUPLICATE,external duplicate classification retained
V1-ENT-0191,work,next_reads,user_review,TEMPLATE_REWRITE_REQUIRED,V1-FCT-0417;V1-FCT-0418;V1-FCT-0419;V1-REL-0119,SRC-0144;SRC-0147,yes,high,模板/书目转写:同字段模板雷同×2,REWRITE_PIPELINE,PUBLIC_BIBLIOGRAPHIC_COPY,STILL_VALID,candidate remains useful after current-main rebase
V1-ENT-0191,work,reading_approach,user_review,DUPLICATE_OR_REDUNDANT,V1-FCT-0417;V1-FCT-0418;V1-FCT-0419;V1-REL-0119,SRC-0144;SRC-0147,yes,high,与reading_tips同文,DEDUP_MERGE,PUBLIC_BIBLIOGRAPHIC_COPY,DUPLICATE,external duplicate classification retained
V1-ENT-0191,work,reading_premise,user_review,DUPLICATE_OR_REDUNDANT,V1-FCT-0417;V1-FCT-0418;V1-FCT-0419;V1-REL-0119,SRC-0144;SRC-0147,yes,low,为story_intro子句,DEDUP_MERGE,PUBLIC_BIBLIOGRAPHIC_COPY,DUPLICATE,external duplicate classification retained
V1-ENT-0191,work,reading_tips,user_review,HIGH_JUDGMENT_USER_REQUIRED,V1-FCT-0417;V1-FCT-0418;V1-FCT-0419;V1-REL-0119,SRC-0144;SRC-0147,yes,high,by field default:阅读方法推荐,USER_REVIEW_BATCH,PUBLIC_BIBLIOGRAPHIC_COPY,STILL_VALID,candidate remains useful after current-main rebase
V1-ENT-0191,work,theme_explanations,user_review,TEMPLATE_REWRITE_REQUIRED,V1-FCT-0417;V1-FCT-0418;V1-FCT-0419;V1-REL-0119,SRC-0144;SRC-0147,yes,high,模板/书目转写:策展层,REWRITE_PIPELINE,PUBLIC_BIBLIOGRAPHIC_COPY,STILL_VALID,candidate remains useful after current-main rebase
V1-ENT-0191,work,why_read,user_review,HIGH_JUDGMENT_USER_REQUIRED,V1-FCT-0417;V1-FCT-0418;V1-FCT-0419;V1-REL-0119,SRC-0144;SRC-0147,yes,high,by field default:阅读价值判断,USER_REVIEW_BATCH,PUBLIC_BIBLIOGRAPHIC_COPY,STILL_VALID,candidate remains useful after current-main rebase
V1-ENT-0192,work,guiding_question,user_review,HIGH_JUDGMENT_USER_REQUIRED,V1-FCT-0420;V1-FCT-0421;V1-FCT-0422;V1-REL-0120,SRC-0144;SRC-0145,yes,high,by field default:引导问题阐释框架,USER_REVIEW_BATCH,PUBLIC_BIBLIOGRAPHIC_COPY,STILL_VALID,candidate remains useful after current-main rebase
V1-ENT-0192,work,literary_significance,user_review,DUPLICATE_OR_REDUNDANT,V1-FCT-0420;V1-FCT-0421;V1-FCT-0422;V1-REL-0120,SRC-0144;SRC-0145,yes,high,为why_read子句,DEDUP_MERGE,PUBLIC_BIBLIOGRAPHIC_COPY,DUPLICATE,external duplicate classification retained
V1-ENT-0192,work,next_reads,user_review,TEMPLATE_REWRITE_REQUIRED,V1-FCT-0420;V1-FCT-0421;V1-FCT-0422;V1-REL-0120,SRC-0144;SRC-0145,yes,high,模板/书目转写:同字段模板雷同×2,REWRITE_PIPELINE,PUBLIC_BIBLIOGRAPHIC_COPY,STILL_VALID,candidate remains useful after current-main rebase
V1-ENT-0192,work,reading_approach,user_review,DUPLICATE_OR_REDUNDANT,V1-FCT-0420;V1-FCT-0421;V1-FCT-0422;V1-REL-0120,SRC-0144;SRC-0145,yes,high,与reading_tips同文,DEDUP_MERGE,PUBLIC_BIBLIOGRAPHIC_COPY,DUPLICATE,external duplicate classification retained
V1-ENT-0192,work,reading_premise,user_review,DUPLICATE_OR_REDUNDANT,V1-FCT-0420;V1-FCT-0421;V1-FCT-0422;V1-REL-0120,SRC-0144;SRC-0145,yes,low,为story_intro子句,DEDUP_MERGE,PUBLIC_BIBLIOGRAPHIC_COPY,DUPLICATE,external duplicate classification retained
V1-ENT-0192,work,reading_tips,user_review,HIGH_JUDGMENT_USER_REQUIRED,V1-FCT-0420;V1-FCT-0421;V1-FCT-0422;V1-REL-0120,SRC-0144;SRC-0145,yes,high,by field default:阅读方法推荐,USER_REVIEW_BATCH,PUBLIC_BIBLIOGRAPHIC_COPY,STILL_VALID,candidate remains useful after current-main rebase
V1-ENT-0192,work,theme_explanations,user_review,HIGH_JUDGMENT_USER_REQUIRED,V1-FCT-0420;V1-FCT-0421;V1-FCT-0422;V1-REL-0120,SRC-0144;SRC-0145,yes,high,by field default:主题解释判断,USER_REVIEW_BATCH,PUBLIC_BIBLIOGRAPHIC_COPY,STILL_VALID,candidate remains useful after current-main rebase
V1-ENT-0192,work,why_read,user_review,TEMPLATE_REWRITE_REQUIRED,V1-FCT-0420;V1-FCT-0421;V1-FCT-0422;V1-REL-0120,SRC-0144;SRC-0145,yes,high,模板句标记:可回溯,REWRITE_PIPELINE,PUBLIC_BIBLIOGRAPHIC_COPY,STILL_VALID,candidate remains useful after current-main rebase
V1-ENT-0193,work,guiding_question,user_review,HIGH_JUDGMENT_USER_REQUIRED,V1-FCT-0428;V1-FCT-0429;V1-FCT-0430;V1-REL-0121,SRC-0148;SRC-0149,yes,high,by field default:引导问题阐释框架,USER_REVIEW_BATCH,PUBLIC_BIBLIOGRAPHIC_COPY,STILL_VALID,candidate remains useful after current-main rebase
V1-ENT-0193,work,literary_significance,user_review,DUPLICATE_OR_REDUNDANT,V1-FCT-0428;V1-FCT-0429;V1-FCT-0430;V1-REL-0121,SRC-0148;SRC-0149,yes,high,为why_read子句,DEDUP_MERGE,PUBLIC_BIBLIOGRAPHIC_COPY,DUPLICATE,external duplicate classification retained
V1-ENT-0193,work,next_reads,user_review,TEMPLATE_REWRITE_REQUIRED,V1-FCT-0428;V1-FCT-0429;V1-FCT-0430;V1-REL-0121,SRC-0148;SRC-0149,yes,high,模板/书目转写:同字段模板雷同×2,REWRITE_PIPELINE,PUBLIC_BIBLIOGRAPHIC_COPY,STILL_VALID,candidate remains useful after current-main rebase
V1-ENT-0193,work,reading_approach,user_review,DUPLICATE_OR_REDUNDANT,V1-FCT-0428;V1-FCT-0429;V1-FCT-0430;V1-REL-0121,SRC-0148;SRC-0149,yes,high,与reading_tips同文,DEDUP_MERGE,PUBLIC_BIBLIOGRAPHIC_COPY,DUPLICATE,external duplicate classification retained
V1-ENT-0193,work,reading_premise,user_review,DUPLICATE_OR_REDUNDANT,V1-FCT-0428;V1-FCT-0429;V1-FCT-0430;V1-REL-0121,SRC-0148;SRC-0149,yes,low,为story_intro子句,DEDUP_MERGE,PUBLIC_BIBLIOGRAPHIC_COPY,DUPLICATE,external duplicate classification retained
V1-ENT-0193,work,reading_tips,user_review,TEMPLATE_REWRITE_REQUIRED,V1-FCT-0428;V1-FCT-0429;V1-FCT-0430;V1-REL-0121,SRC-0148;SRC-0149,yes,high,模板/书目转写:书目转写句式,REWRITE_PIPELINE,PUBLIC_BIBLIOGRAPHIC_COPY,STILL_VALID,candidate remains useful after current-main rebase
V1-ENT-0193,work,theme_explanations,user_review,HIGH_JUDGMENT_USER_REQUIRED,V1-FCT-0428;V1-FCT-0429;V1-FCT-0430;V1-REL-0121,SRC-0148;SRC-0149,yes,high,by field default:主题解释判断,USER_REVIEW_BATCH,PUBLIC_BIBLIOGRAPHIC_COPY,STILL_VALID,candidate remains useful after current-main rebase
V1-ENT-0193,work,why_read,user_review,HIGH_JUDGMENT_USER_REQUIRED,V1-FCT-0428;V1-FCT-0429;V1-FCT-0430;V1-REL-0121,SRC-0148;SRC-0149,yes,high,by field default:阅读价值判断,USER_REVIEW_BATCH,PUBLIC_BIBLIOGRAPHIC_COPY,STILL_VALID,candidate remains useful after current-main rebase
V1-ENT-0194,work,guiding_question,user_review,TEMPLATE_REWRITE_REQUIRED,V1-FCT-0431;V1-FCT-0432;V1-FCT-0433;V1-REL-0122,SRC-0148;SRC-0149,yes,high,模板/书目转写:同字段模板雷同×2,REWRITE_PIPELINE,PUBLIC_BIBLIOGRAPHIC_COPY,STILL_VALID,candidate remains useful after current-main rebase
V1-ENT-0194,work,literary_significance,user_review,DUPLICATE_OR_REDUNDANT,V1-FCT-0431;V1-FCT-0432;V1-FCT-0433;V1-REL-0122,SRC-0148;SRC-0149,yes,high,为why_read子句,DEDUP_MERGE,PUBLIC_BIBLIOGRAPHIC_COPY,DUPLICATE,external duplicate classification retained
V1-ENT-0194,work,next_reads,user_review,TEMPLATE_REWRITE_REQUIRED,V1-FCT-0431;V1-FCT-0432;V1-FCT-0433;V1-REL-0122,SRC-0148;SRC-0149,yes,high,模板/书目转写:同字段模板雷同×2,REWRITE_PIPELINE,PUBLIC_BIBLIOGRAPHIC_COPY,STILL_VALID,candidate remains useful after current-main rebase
V1-ENT-0194,work,reading_approach,user_review,DUPLICATE_OR_REDUNDANT,V1-FCT-0431;V1-FCT-0432;V1-FCT-0433;V1-REL-0122,SRC-0148;SRC-0149,yes,high,与reading_tips同文,DEDUP_MERGE,PUBLIC_BIBLIOGRAPHIC_COPY,DUPLICATE,external duplicate classification retained
V1-ENT-0194,work,reading_premise,user_review,DUPLICATE_OR_REDUNDANT,V1-FCT-0431;V1-FCT-0432;V1-FCT-0433;V1-REL-0122,SRC-0148;SRC-0149,yes,low,为story_intro子句,DEDUP_MERGE,PUBLIC_BIBLIOGRAPHIC_COPY,DUPLICATE,external duplicate classification retained
V1-ENT-0194,work,reading_tips,user_review,TEMPLATE_REWRITE_REQUIRED,V1-FCT-0431;V1-FCT-0432;V1-FCT-0433;V1-REL-0122,SRC-0148;SRC-0149,yes,high,模板句标记:并读,REWRITE_PIPELINE,PUBLIC_BIBLIOGRAPHIC_COPY,STILL_VALID,candidate remains useful after current-main rebase
V1-ENT-0194,work,theme_explanations,user_review,HIGH_JUDGMENT_USER_REQUIRED,V1-FCT-0431;V1-FCT-0432;V1-FCT-0433;V1-REL-0122,SRC-0148;SRC-0149,yes,high,by field default:主题解释判断,USER_REVIEW_BATCH,PUBLIC_BIBLIOGRAPHIC_COPY,STILL_VALID,candidate remains useful after current-main rebase
V1-ENT-0194,work,why_read,user_review,HIGH_JUDGMENT_USER_REQUIRED,V1-FCT-0431;V1-FCT-0432;V1-FCT-0433;V1-REL-0122,SRC-0148;SRC-0149,yes,high,by field default:阅读价值判断,USER_REVIEW_BATCH,PUBLIC_BIBLIOGRAPHIC_COPY,STILL_VALID,candidate remains useful after current-main rebase
V1-ENT-0195,work,guiding_question,user_review,HIGH_JUDGMENT_USER_REQUIRED,V1-FCT-0434;V1-FCT-0435;V1-FCT-0436;V1-REL-0123,SRC-0148;SRC-0149,yes,high,by field default:引导问题阐释框架,USER_REVIEW_BATCH,PUBLIC_BIBLIOGRAPHIC_COPY,STILL_VALID,candidate remains useful after current-main rebase
V1-ENT-0195,work,literary_significance,user_review,DUPLICATE_OR_REDUNDANT,V1-FCT-0434;V1-FCT-0435;V1-FCT-0436;V1-REL-0123,SRC-0148;SRC-0149,yes,high,为why_read子句,DEDUP_MERGE,PUBLIC_BIBLIOGRAPHIC_COPY,DUPLICATE,external duplicate classification retained
V1-ENT-0195,work,next_reads,user_review,TEMPLATE_REWRITE_REQUIRED,V1-FCT-0434;V1-FCT-0435;V1-FCT-0436;V1-REL-0123,SRC-0148;SRC-0149,yes,high,模板/书目转写:同字段模板雷同×6,REWRITE_PIPELINE,PUBLIC_BIBLIOGRAPHIC_COPY,STILL_VALID,candidate remains useful after current-main rebase
V1-ENT-0195,work,reading_approach,user_review,DUPLICATE_OR_REDUNDANT,V1-FCT-0434;V1-FCT-0435;V1-FCT-0436;V1-REL-0123,SRC-0148;SRC-0149,yes,high,与reading_tips同文,DEDUP_MERGE,PUBLIC_BIBLIOGRAPHIC_COPY,DUPLICATE,external duplicate classification retained
V1-ENT-0195,work,reading_premise,user_review,DUPLICATE_OR_REDUNDANT,V1-FCT-0434;V1-FCT-0435;V1-FCT-0436;V1-REL-0123,SRC-0148;SRC-0149,yes,low,与story_intro同文,DEDUP_MERGE,PUBLIC_BIBLIOGRAPHIC_COPY,DUPLICATE,external duplicate classification retained
V1-ENT-0195,work,reading_tips,user_review,HIGH_JUDGMENT_USER_REQUIRED,V1-FCT-0434;V1-FCT-0435;V1-FCT-0436;V1-REL-0123,SRC-0148;SRC-0149,yes,high,by field default:阅读方法推荐,USER_REVIEW_BATCH,PUBLIC_BIBLIOGRAPHIC_COPY,STILL_VALID,candidate remains useful after current-main rebase
V1-ENT-0195,work,theme_explanations,user_review,HIGH_JUDGMENT_USER_REQUIRED,V1-FCT-0434;V1-FCT-0435;V1-FCT-0436;V1-REL-0123,SRC-0148;SRC-0149,yes,high,by field default:主题解释判断,USER_REVIEW_BATCH,PUBLIC_BIBLIOGRAPHIC_COPY,STILL_VALID,candidate remains useful after current-main rebase
V1-ENT-0195,work,why_read,user_review,TEMPLATE_REWRITE_REQUIRED,V1-FCT-0434;V1-FCT-0435;V1-FCT-0436;V1-REL-0123,SRC-0148;SRC-0149,yes,high,模板句标记:本批,REWRITE_PIPELINE,PUBLIC_BIBLIOGRAPHIC_COPY,STILL_VALID,candidate remains useful after current-main rebase
V1-ENT-0201,work,guiding_question,user_review,HIGH_JUDGMENT_USER_REQUIRED,V1-FCT-0442;V1-FCT-0443;V1-FCT-0444;V1-REL-0128,SRC-0153;SRC-0154;SRC-0155,yes,high,by field default:引导问题阐释框架,USER_REVIEW_BATCH,PUBLIC_BIBLIOGRAPHIC_COPY,STILL_VALID,candidate remains useful after current-main rebase
V1-ENT-0201,work,literary_significance,user_review,DUPLICATE_OR_REDUNDANT,V1-FCT-0442;V1-FCT-0443;V1-FCT-0444;V1-REL-0128,SRC-0153;SRC-0154;SRC-0155,yes,high,为why_read子句,DEDUP_MERGE,PUBLIC_BIBLIOGRAPHIC_COPY,DUPLICATE,external duplicate classification retained
V1-ENT-0201,work,next_reads,user_review,HIGH_JUDGMENT_USER_REQUIRED,V1-FCT-0442;V1-FCT-0443;V1-FCT-0444;V1-REL-0128,SRC-0153;SRC-0154;SRC-0155,yes,high,by field default:延伸阅读推荐,USER_REVIEW_BATCH,PUBLIC_BIBLIOGRAPHIC_COPY,STILL_VALID,candidate remains useful after current-main rebase
V1-ENT-0201,work,reading_approach,user_review,DUPLICATE_OR_REDUNDANT,V1-FCT-0442;V1-FCT-0443;V1-FCT-0444;V1-REL-0128,SRC-0153;SRC-0154;SRC-0155,yes,high,与reading_tips同文,DEDUP_MERGE,PUBLIC_BIBLIOGRAPHIC_COPY,DUPLICATE,external duplicate classification retained
V1-ENT-0201,work,reading_premise,user_review,DUPLICATE_OR_REDUNDANT,V1-FCT-0442;V1-FCT-0443;V1-FCT-0444;V1-REL-0128,SRC-0153;SRC-0154;SRC-0155,yes,low,为story_intro子句,DEDUP_MERGE,PUBLIC_BIBLIOGRAPHIC_COPY,DUPLICATE,external duplicate classification retained
V1-ENT-0201,work,reading_tips,user_review,HIGH_JUDGMENT_USER_REQUIRED,V1-FCT-0442;V1-FCT-0443;V1-FCT-0444;V1-REL-0128,SRC-0153;SRC-0154;SRC-0155,yes,high,by field default:阅读方法推荐,USER_REVIEW_BATCH,PUBLIC_BIBLIOGRAPHIC_COPY,STILL_VALID,candidate remains useful after current-main rebase
V1-ENT-0201,work,theme_explanations,user_review,HIGH_JUDGMENT_USER_REQUIRED,V1-FCT-0442;V1-FCT-0443;V1-FCT-0444;V1-REL-0128,SRC-0153;SRC-0154;SRC-0155,yes,high,by field default:主题解释判断,USER_REVIEW_BATCH,PUBLIC_BIBLIOGRAPHIC_COPY,STILL_VALID,candidate remains useful after current-main rebase
V1-ENT-0201,work,why_read,user_review,TEMPLATE_REWRITE_REQUIRED,V1-FCT-0442;V1-FCT-0443;V1-FCT-0444;V1-REL-0128,SRC-0153;SRC-0154;SRC-0155,yes,high,模板/书目转写:书目入口,REWRITE_PIPELINE,PUBLIC_BIBLIOGRAPHIC_COPY,STILL_VALID,candidate remains useful after current-main rebase
V1-ENT-0202,work,guiding_question,user_review,HIGH_JUDGMENT_USER_REQUIRED,V1-FCT-0445;V1-FCT-0446;V1-FCT-0447;V1-REL-0129,SRC-0154;SRC-0156,yes,high,by field default:引导问题阐释框架,USER_REVIEW_BATCH,PUBLIC_BIBLIOGRAPHIC_COPY,STILL_VALID,candidate remains useful after current-main rebase
V1-ENT-0202,work,literary_significance,user_review,DUPLICATE_OR_REDUNDANT,V1-FCT-0445;V1-FCT-0446;V1-FCT-0447;V1-REL-0129,SRC-0154;SRC-0156,yes,high,为why_read子句,DEDUP_MERGE,PUBLIC_BIBLIOGRAPHIC_COPY,DUPLICATE,external duplicate classification retained
V1-ENT-0202,work,next_reads,user_review,TEMPLATE_REWRITE_REQUIRED,V1-FCT-0445;V1-FCT-0446;V1-FCT-0447;V1-REL-0129,SRC-0154;SRC-0156,yes,high,模板/书目转写:同字段模板雷同×2,REWRITE_PIPELINE,PUBLIC_BIBLIOGRAPHIC_COPY,STILL_VALID,candidate remains useful after current-main rebase
V1-ENT-0202,work,reading_approach,user_review,DUPLICATE_OR_REDUNDANT,V1-FCT-0445;V1-FCT-0446;V1-FCT-0447;V1-REL-0129,SRC-0154;SRC-0156,yes,high,与reading_tips同文,DEDUP_MERGE,PUBLIC_BIBLIOGRAPHIC_COPY,DUPLICATE,external duplicate classification retained
V1-ENT-0202,work,reading_premise,user_review,DUPLICATE_OR_REDUNDANT,V1-FCT-0445;V1-FCT-0446;V1-FCT-0447;V1-REL-0129,SRC-0154;SRC-0156,yes,low,与story_intro同文,DEDUP_MERGE,PUBLIC_BIBLIOGRAPHIC_COPY,DUPLICATE,external duplicate classification retained
V1-ENT-0202,work,reading_tips,user_review,TEMPLATE_REWRITE_REQUIRED,V1-FCT-0445;V1-FCT-0446;V1-FCT-0447;V1-REL-0129,SRC-0154;SRC-0156,yes,high,模板/书目转写:先确认,REWRITE_PIPELINE,PUBLIC_BIBLIOGRAPHIC_COPY,STILL_VALID,candidate remains useful after current-main rebase
V1-ENT-0202,work,theme_explanations,user_review,HIGH_JUDGMENT_USER_REQUIRED,V1-FCT-0445;V1-FCT-0446;V1-FCT-0447;V1-REL-0129,SRC-0154;SRC-0156,yes,high,by field default:主题解释判断,USER_REVIEW_BATCH,PUBLIC_BIBLIOGRAPHIC_COPY,STILL_VALID,candidate remains useful after current-main rebase
V1-ENT-0202,work,why_read,user_review,HIGH_JUDGMENT_USER_REQUIRED,V1-FCT-0445;V1-FCT-0446;V1-FCT-0447;V1-REL-0129,SRC-0154;SRC-0156,yes,high,by field default:阅读价值判断,USER_REVIEW_BATCH,PUBLIC_BIBLIOGRAPHIC_COPY,STILL_VALID,candidate remains useful after current-main rebase
V1-ENT-0203,work,guiding_question,user_review,HIGH_JUDGMENT_USER_REQUIRED,V1-FCT-0448;V1-FCT-0449;V1-FCT-0450;V1-REL-0130,SRC-0154;SRC-0155,yes,high,by field default:引导问题阐释框架,USER_REVIEW_BATCH,PUBLIC_BIBLIOGRAPHIC_COPY,STILL_VALID,candidate remains useful after current-main rebase
V1-ENT-0203,work,literary_significance,user_review,DUPLICATE_OR_REDUNDANT,V1-FCT-0448;V1-FCT-0449;V1-FCT-0450;V1-REL-0130,SRC-0154;SRC-0155,yes,high,为why_read子句,DEDUP_MERGE,PUBLIC_BIBLIOGRAPHIC_COPY,DUPLICATE,external duplicate classification retained
V1-ENT-0203,work,next_reads,user_review,TEMPLATE_REWRITE_REQUIRED,V1-FCT-0448;V1-FCT-0449;V1-FCT-0450;V1-REL-0130,SRC-0154;SRC-0155,yes,high,模板/书目转写:同字段模板雷同×6,REWRITE_PIPELINE,PUBLIC_BIBLIOGRAPHIC_COPY,STILL_VALID,candidate remains useful after current-main rebase
V1-ENT-0203,work,reading_approach,user_review,DUPLICATE_OR_REDUNDANT,V1-FCT-0448;V1-FCT-0449;V1-FCT-0450;V1-REL-0130,SRC-0154;SRC-0155,yes,high,与reading_tips同文,DEDUP_MERGE,PUBLIC_BIBLIOGRAPHIC_COPY,DUPLICATE,external duplicate classification retained
V1-ENT-0203,work,reading_premise,user_review,DUPLICATE_OR_REDUNDANT,V1-FCT-0448;V1-FCT-0449;V1-FCT-0450;V1-REL-0130,SRC-0154;SRC-0155,yes,low,为story_intro子句,DEDUP_MERGE,PUBLIC_BIBLIOGRAPHIC_COPY,DUPLICATE,external duplicate classification retained
V1-ENT-0203,work,reading_tips,user_review,TEMPLATE_REWRITE_REQUIRED,V1-FCT-0448;V1-FCT-0449;V1-FCT-0450;V1-REL-0130,SRC-0154;SRC-0155,yes,high,模板句标记:并读,REWRITE_PIPELINE,PUBLIC_BIBLIOGRAPHIC_COPY,STILL_VALID,candidate remains useful after current-main rebase
V1-ENT-0203,work,theme_explanations,user_review,HIGH_JUDGMENT_USER_REQUIRED,V1-FCT-0448;V1-FCT-0449;V1-FCT-0450;V1-REL-0130,SRC-0154;SRC-0155,yes,high,by field default:主题解释判断,USER_REVIEW_BATCH,PUBLIC_BIBLIOGRAPHIC_COPY,STILL_VALID,candidate remains useful after current-main rebase
V1-ENT-0203,work,why_read,user_review,HIGH_JUDGMENT_USER_REQUIRED,V1-FCT-0448;V1-FCT-0449;V1-FCT-0450;V1-REL-0130,SRC-0154;SRC-0155,yes,high,by field default:阅读价值判断,USER_REVIEW_BATCH,PUBLIC_BIBLIOGRAPHIC_COPY,STILL_VALID,candidate remains useful after current-main rebase
V1-ENT-0204,work,guiding_question,user_review,HIGH_JUDGMENT_USER_REQUIRED,V1-FCT-0456;V1-FCT-0457;V1-FCT-0458;V1-REL-0131,SRC-0158;SRC-0159;SRC-0160,yes,high,by field default:引导问题阐释框架,USER_REVIEW_BATCH,PUBLIC_BIBLIOGRAPHIC_COPY,STILL_VALID,candidate remains useful after current-main rebase
V1-ENT-0204,work,literary_significance,user_review,DUPLICATE_OR_REDUNDANT,V1-FCT-0456;V1-FCT-0457;V1-FCT-0458;V1-REL-0131,SRC-0158;SRC-0159;SRC-0160,yes,high,为why_read子句,DEDUP_MERGE,PUBLIC_BIBLIOGRAPHIC_COPY,DUPLICATE,external duplicate classification retained
V1-ENT-0204,work,next_reads,user_review,TEMPLATE_REWRITE_REQUIRED,V1-FCT-0456;V1-FCT-0457;V1-FCT-0458;V1-REL-0131,SRC-0158;SRC-0159;SRC-0160,yes,high,模板/书目转写:同字段模板雷同×2,REWRITE_PIPELINE,PUBLIC_BIBLIOGRAPHIC_COPY,STILL_VALID,candidate remains useful after current-main rebase
V1-ENT-0204,work,reading_approach,user_review,DUPLICATE_OR_REDUNDANT,V1-FCT-0456;V1-FCT-0457;V1-FCT-0458;V1-REL-0131,SRC-0158;SRC-0159;SRC-0160,yes,high,与reading_tips同文,DEDUP_MERGE,PUBLIC_BIBLIOGRAPHIC_COPY,DUPLICATE,external duplicate classification retained
V1-ENT-0204,work,reading_premise,user_review,DUPLICATE_OR_REDUNDANT,V1-FCT-0456;V1-FCT-0457;V1-FCT-0458;V1-REL-0131,SRC-0158;SRC-0159;SRC-0160,yes,low,与story_intro同文,DEDUP_MERGE,PUBLIC_BIBLIOGRAPHIC_COPY,DUPLICATE,external duplicate classification retained
V1-ENT-0204,work,reading_tips,user_review,TEMPLATE_REWRITE_REQUIRED,V1-FCT-0456;V1-FCT-0457;V1-FCT-0458;V1-REL-0131,SRC-0158;SRC-0159;SRC-0160,yes,high,模板/书目转写:书目转写句式,REWRITE_PIPELINE,PUBLIC_BIBLIOGRAPHIC_COPY,STILL_VALID,candidate remains useful after current-main rebase
V1-ENT-0204,work,theme_explanations,user_review,HIGH_JUDGMENT_USER_REQUIRED,V1-FCT-0456;V1-FCT-0457;V1-FCT-0458;V1-REL-0131,SRC-0158;SRC-0159;SRC-0160,yes,high,by field default:主题解释判断,USER_REVIEW_BATCH,PUBLIC_BIBLIOGRAPHIC_COPY,STILL_VALID,candidate remains useful after current-main rebase
V1-ENT-0204,work,why_read,user_review,TEMPLATE_REWRITE_REQUIRED,V1-FCT-0456;V1-FCT-0457;V1-FCT-0458;V1-REL-0131,SRC-0158;SRC-0159;SRC-0160,yes,high,模板句标记:可回溯,REWRITE_PIPELINE,PUBLIC_BIBLIOGRAPHIC_COPY,STILL_VALID,candidate remains useful after current-main rebase
V1-ENT-0205,work,guiding_question,user_review,HIGH_JUDGMENT_USER_REQUIRED,V1-FCT-0459;V1-FCT-0460;V1-FCT-0461;V1-REL-0132,SRC-0157;SRC-0161,yes,high,by field default:引导问题阐释框架,USER_REVIEW_BATCH,PUBLIC_BIBLIOGRAPHIC_COPY,STILL_VALID,candidate remains useful after current-main rebase
V1-ENT-0205,work,literary_significance,user_review,DUPLICATE_OR_REDUNDANT,V1-FCT-0459;V1-FCT-0460;V1-FCT-0461;V1-REL-0132,SRC-0157;SRC-0161,yes,high,为why_read子句,DEDUP_MERGE,PUBLIC_BIBLIOGRAPHIC_COPY,DUPLICATE,external duplicate classification retained
V1-ENT-0205,work,next_reads,user_review,TEMPLATE_REWRITE_REQUIRED,V1-FCT-0459;V1-FCT-0460;V1-FCT-0461;V1-REL-0132,SRC-0157;SRC-0161,yes,high,模板/书目转写:同字段模板雷同×6,REWRITE_PIPELINE,PUBLIC_BIBLIOGRAPHIC_COPY,STILL_VALID,candidate remains useful after current-main rebase
V1-ENT-0205,work,reading_approach,user_review,DUPLICATE_OR_REDUNDANT,V1-FCT-0459;V1-FCT-0460;V1-FCT-0461;V1-REL-0132,SRC-0157;SRC-0161,yes,high,与reading_tips同文,DEDUP_MERGE,PUBLIC_BIBLIOGRAPHIC_COPY,DUPLICATE,external duplicate classification retained
V1-ENT-0205,work,reading_premise,user_review,DUPLICATE_OR_REDUNDANT,V1-FCT-0459;V1-FCT-0460;V1-FCT-0461;V1-REL-0132,SRC-0157;SRC-0161,yes,low,为story_intro子句,DEDUP_MERGE,PUBLIC_BIBLIOGRAPHIC_COPY,DUPLICATE,external duplicate classification retained
V1-ENT-0205,work,reading_tips,user_review,TEMPLATE_REWRITE_REQUIRED,V1-FCT-0459;V1-FCT-0460;V1-FCT-0461;V1-REL-0132,SRC-0157;SRC-0161,yes,high,模板/书目转写:先确认,REWRITE_PIPELINE,PUBLIC_BIBLIOGRAPHIC_COPY,STILL_VALID,candidate remains useful after current-main rebase
V1-ENT-0205,work,theme_explanations,user_review,HIGH_JUDGMENT_USER_REQUIRED,V1-FCT-0459;V1-FCT-0460;V1-FCT-0461;V1-REL-0132,SRC-0157;SRC-0161,yes,high,by field default:主题解释判断,USER_REVIEW_BATCH,PUBLIC_BIBLIOGRAPHIC_COPY,STILL_VALID,candidate remains useful after current-main rebase
V1-ENT-0205,work,why_read,user_review,HIGH_JUDGMENT_USER_REQUIRED,V1-FCT-0459;V1-FCT-0460;V1-FCT-0461;V1-REL-0132,SRC-0157;SRC-0161,yes,high,by field default:阅读价值判断,USER_REVIEW_BATCH,PUBLIC_BIBLIOGRAPHIC_COPY,STILL_VALID,candidate remains useful after current-main rebase
V1-ENT-0206,work,guiding_question,user_review,TEMPLATE_REWRITE_REQUIRED,V1-FCT-0462;V1-FCT-0463;V1-FCT-0464;V1-REL-0133,SRC-0157;SRC-0160,yes,high,模板/书目转写:书目时间线,REWRITE_PIPELINE,PUBLIC_BIBLIOGRAPHIC_COPY,STILL_VALID,candidate remains useful after current-main rebase
V1-ENT-0206,work,literary_significance,user_review,DUPLICATE_OR_REDUNDANT,V1-FCT-0462;V1-FCT-0463;V1-FCT-0464;V1-REL-0133,SRC-0157;SRC-0160,yes,high,为why_read子句,DEDUP_MERGE,PUBLIC_BIBLIOGRAPHIC_COPY,DUPLICATE,external duplicate classification retained
V1-ENT-0206,work,next_reads,user_review,TEMPLATE_REWRITE_REQUIRED,V1-FCT-0462;V1-FCT-0463;V1-FCT-0464;V1-REL-0133,SRC-0157;SRC-0160,yes,high,模板/书目转写:同字段模板雷同×2,REWRITE_PIPELINE,PUBLIC_BIBLIOGRAPHIC_COPY,STILL_VALID,candidate remains useful after current-main rebase
V1-ENT-0206,work,reading_approach,user_review,DUPLICATE_OR_REDUNDANT,V1-FCT-0462;V1-FCT-0463;V1-FCT-0464;V1-REL-0133,SRC-0157;SRC-0160,yes,high,与reading_tips同文,DEDUP_MERGE,PUBLIC_BIBLIOGRAPHIC_COPY,DUPLICATE,external duplicate classification retained
V1-ENT-0206,work,reading_premise,user_review,DUPLICATE_OR_REDUNDANT,V1-FCT-0462;V1-FCT-0463;V1-FCT-0464;V1-REL-0133,SRC-0157;SRC-0160,yes,low,与story_intro同文,DEDUP_MERGE,PUBLIC_BIBLIOGRAPHIC_COPY,DUPLICATE,external duplicate classification retained
V1-ENT-0206,work,reading_tips,user_review,HIGH_JUDGMENT_USER_REQUIRED,V1-FCT-0462;V1-FCT-0463;V1-FCT-0464;V1-REL-0133,SRC-0157;SRC-0160,yes,high,by field default:阅读方法推荐,USER_REVIEW_BATCH,PUBLIC_BIBLIOGRAPHIC_COPY,STILL_VALID,candidate remains useful after current-main rebase
V1-ENT-0206,work,theme_explanations,user_review,HIGH_JUDGMENT_USER_REQUIRED,V1-FCT-0462;V1-FCT-0463;V1-FCT-0464;V1-REL-0133,SRC-0157;SRC-0160,yes,high,by field default:主题解释判断,USER_REVIEW_BATCH,PUBLIC_BIBLIOGRAPHIC_COPY,STILL_VALID,candidate remains useful after current-main rebase
V1-ENT-0206,work,why_read,user_review,TEMPLATE_REWRITE_REQUIRED,V1-FCT-0462;V1-FCT-0463;V1-FCT-0464;V1-REL-0133,SRC-0157;SRC-0160,yes,high,模板句标记:本批,REWRITE_PIPELINE,PUBLIC_BIBLIOGRAPHIC_COPY,STILL_VALID,candidate remains useful after current-main rebase
V1-ENT-0207,work,guiding_question,user_review,TEMPLATE_REWRITE_REQUIRED,V1-FCT-0470;V1-FCT-0471;V1-FCT-0472;V1-REL-0134,SRC-0162,yes,high,模板/书目转写:书目入口,REWRITE_PIPELINE,PUBLIC_BIBLIOGRAPHIC_COPY,STILL_VALID,candidate remains useful after current-main rebase
V1-ENT-0207,work,literary_significance,user_review,DUPLICATE_OR_REDUNDANT,V1-FCT-0470;V1-FCT-0471;V1-FCT-0472;V1-REL-0134,SRC-0162,yes,high,为why_read子句,DEDUP_MERGE,PUBLIC_BIBLIOGRAPHIC_COPY,DUPLICATE,external duplicate classification retained
V1-ENT-0207,work,next_reads,user_review,TEMPLATE_REWRITE_REQUIRED,V1-FCT-0470;V1-FCT-0471;V1-FCT-0472;V1-REL-0134,SRC-0162,yes,high,模板/书目转写:同字段模板雷同×2,REWRITE_PIPELINE,PUBLIC_BIBLIOGRAPHIC_COPY,STILL_VALID,candidate remains useful after current-main rebase
V1-ENT-0207,work,reading_approach,user_review,DUPLICATE_OR_REDUNDANT,V1-FCT-0470;V1-FCT-0471;V1-FCT-0472;V1-REL-0134,SRC-0162,yes,high,与reading_tips同文,DEDUP_MERGE,PUBLIC_BIBLIOGRAPHIC_COPY,DUPLICATE,external duplicate classification retained
V1-ENT-0207,work,reading_premise,user_review,DUPLICATE_OR_REDUNDANT,V1-FCT-0470;V1-FCT-0471;V1-FCT-0472;V1-REL-0134,SRC-0162,yes,low,与story_intro同文,DEDUP_MERGE,PUBLIC_BIBLIOGRAPHIC_COPY,DUPLICATE,external duplicate classification retained
V1-ENT-0207,work,reading_tips,user_review,TEMPLATE_REWRITE_REQUIRED,V1-FCT-0470;V1-FCT-0471;V1-FCT-0472;V1-REL-0134,SRC-0162,yes,high,"模板句标记:本批,不把",REWRITE_PIPELINE,PUBLIC_BIBLIOGRAPHIC_COPY,STILL_VALID,candidate remains useful after current-main rebase
V1-ENT-0207,work,theme_explanations,user_review,HIGH_JUDGMENT_USER_REQUIRED,V1-FCT-0470;V1-FCT-0471;V1-FCT-0472;V1-REL-0134,SRC-0162,yes,high,by field default:主题解释判断,USER_REVIEW_BATCH,PUBLIC_BIBLIOGRAPHIC_COPY,STILL_VALID,candidate remains useful after current-main rebase
V1-ENT-0207,work,why_read,user_review,TEMPLATE_REWRITE_REQUIRED,V1-FCT-0470;V1-FCT-0471;V1-FCT-0472;V1-REL-0134,SRC-0162,yes,high,模板/书目转写:书目转写句式,REWRITE_PIPELINE,PUBLIC_BIBLIOGRAPHIC_COPY,STILL_VALID,candidate remains useful after current-main rebase
V1-ENT-0208,work,guiding_question,user_review,HIGH_JUDGMENT_USER_REQUIRED,V1-FCT-0473;V1-FCT-0474;V1-FCT-0475;V1-REL-0135,SRC-0162;SRC-0163,yes,high,by field default:引导问题阐释框架,USER_REVIEW_BATCH,PUBLIC_BIBLIOGRAPHIC_COPY,STILL_VALID,candidate remains useful after current-main rebase
V1-ENT-0208,work,literary_significance,user_review,DUPLICATE_OR_REDUNDANT,V1-FCT-0473;V1-FCT-0474;V1-FCT-0475;V1-REL-0135,SRC-0162;SRC-0163,yes,high,为why_read子句,DEDUP_MERGE,PUBLIC_BIBLIOGRAPHIC_COPY,DUPLICATE,external duplicate classification retained
V1-ENT-0208,work,next_reads,user_review,HIGH_JUDGMENT_USER_REQUIRED,V1-FCT-0473;V1-FCT-0474;V1-FCT-0475;V1-REL-0135,SRC-0162;SRC-0163,yes,high,by field default:延伸阅读推荐,USER_REVIEW_BATCH,PUBLIC_BIBLIOGRAPHIC_COPY,STILL_VALID,candidate remains useful after current-main rebase
V1-ENT-0208,work,reading_approach,user_review,DUPLICATE_OR_REDUNDANT,V1-FCT-0473;V1-FCT-0474;V1-FCT-0475;V1-REL-0135,SRC-0162;SRC-0163,yes,high,与reading_tips同文,DEDUP_MERGE,PUBLIC_BIBLIOGRAPHIC_COPY,DUPLICATE,external duplicate classification retained
V1-ENT-0208,work,reading_premise,user_review,DUPLICATE_OR_REDUNDANT,V1-FCT-0473;V1-FCT-0474;V1-FCT-0475;V1-REL-0135,SRC-0162;SRC-0163,yes,low,与story_intro同文,DEDUP_MERGE,PUBLIC_BIBLIOGRAPHIC_COPY,DUPLICATE,external duplicate classification retained
V1-ENT-0208,work,reading_tips,user_review,HIGH_JUDGMENT_USER_REQUIRED,V1-FCT-0473;V1-FCT-0474;V1-FCT-0475;V1-REL-0135,SRC-0162;SRC-0163,yes,high,by field default:阅读方法推荐,USER_REVIEW_BATCH,PUBLIC_BIBLIOGRAPHIC_COPY,STILL_VALID,candidate remains useful after current-main rebase
V1-ENT-0208,work,theme_explanations,user_review,HIGH_JUDGMENT_USER_REQUIRED,V1-FCT-0473;V1-FCT-0474;V1-FCT-0475;V1-REL-0135,SRC-0162;SRC-0163,yes,high,by field default:主题解释判断,USER_REVIEW_BATCH,PUBLIC_BIBLIOGRAPHIC_COPY,STILL_VALID,candidate remains useful after current-main rebase
V1-ENT-0208,work,why_read,user_review,TEMPLATE_REWRITE_REQUIRED,V1-FCT-0473;V1-FCT-0474;V1-FCT-0475;V1-REL-0135,SRC-0162;SRC-0163,yes,high,模板/书目转写:书目转写句式,REWRITE_PIPELINE,PUBLIC_BIBLIOGRAPHIC_COPY,STILL_VALID,candidate remains useful after current-main rebase
V1-ENT-0209,work,guiding_question,user_review,HIGH_JUDGMENT_USER_REQUIRED,V1-FCT-0476;V1-FCT-0477;V1-FCT-0478;V1-REL-0136,SRC-0162,yes,high,by field default:引导问题阐释框架,USER_REVIEW_BATCH,PUBLIC_BIBLIOGRAPHIC_COPY,STILL_VALID,candidate remains useful after current-main rebase
V1-ENT-0209,work,literary_significance,user_review,DUPLICATE_OR_REDUNDANT,V1-FCT-0476;V1-FCT-0477;V1-FCT-0478;V1-REL-0136,SRC-0162,yes,high,为why_read子句,DEDUP_MERGE,PUBLIC_BIBLIOGRAPHIC_COPY,DUPLICATE,external duplicate classification retained
V1-ENT-0209,work,next_reads,user_review,HIGH_JUDGMENT_USER_REQUIRED,V1-FCT-0476;V1-FCT-0477;V1-FCT-0478;V1-REL-0136,SRC-0162,yes,high,by field default:延伸阅读推荐,USER_REVIEW_BATCH,PUBLIC_BIBLIOGRAPHIC_COPY,STILL_VALID,candidate remains useful after current-main rebase
V1-ENT-0209,work,reading_approach,user_review,DUPLICATE_OR_REDUNDANT,V1-FCT-0476;V1-FCT-0477;V1-FCT-0478;V1-REL-0136,SRC-0162,yes,high,与reading_tips同文,DEDUP_MERGE,PUBLIC_BIBLIOGRAPHIC_COPY,DUPLICATE,external duplicate classification retained
V1-ENT-0209,work,reading_premise,user_review,DUPLICATE_OR_REDUNDANT,V1-FCT-0476;V1-FCT-0477;V1-FCT-0478;V1-REL-0136,SRC-0162,yes,low,与story_intro同文,DEDUP_MERGE,PUBLIC_BIBLIOGRAPHIC_COPY,DUPLICATE,external duplicate classification retained
V1-ENT-0209,work,reading_tips,user_review,TEMPLATE_REWRITE_REQUIRED,V1-FCT-0476;V1-FCT-0477;V1-FCT-0478;V1-REL-0136,SRC-0162,yes,high,模板/书目转写:先确认,REWRITE_PIPELINE,PUBLIC_BIBLIOGRAPHIC_COPY,STILL_VALID,candidate remains useful after current-main rebase
V1-ENT-0209,work,why_read,user_review,TEMPLATE_REWRITE_REQUIRED,V1-FCT-0476;V1-FCT-0477;V1-FCT-0478;V1-REL-0136,SRC-0162,yes,high,模板/书目转写:书目转写句式,REWRITE_PIPELINE,PUBLIC_BIBLIOGRAPHIC_COPY,STILL_VALID,candidate remains useful after current-main rebase
V1-ENT-0214,work,guiding_question,user_review,HIGH_JUDGMENT_USER_REQUIRED,V1-FCT-0484;V1-FCT-0485;V1-FCT-0486;V1-REL-0140,SRC-0166;SRC-0167;SRC-0176,yes,high,by field default:引导问题阐释框架,USER_REVIEW_BATCH,PUBLIC_BIBLIOGRAPHIC_COPY,STILL_VALID,candidate remains useful after current-main rebase
V1-ENT-0214,work,literary_significance,user_review,DUPLICATE_OR_REDUNDANT,V1-FCT-0484;V1-FCT-0485;V1-FCT-0486;V1-REL-0140,SRC-0166;SRC-0167;SRC-0176,yes,high,为why_read子句,DEDUP_MERGE,PUBLIC_BIBLIOGRAPHIC_COPY,DUPLICATE,external duplicate classification retained
V1-ENT-0214,work,next_reads,user_review,TEMPLATE_REWRITE_REQUIRED,V1-FCT-0484;V1-FCT-0485;V1-FCT-0486;V1-REL-0140,SRC-0166;SRC-0167;SRC-0176,yes,high,模板/书目转写:书目时间线,REWRITE_PIPELINE,PUBLIC_BIBLIOGRAPHIC_COPY,STILL_VALID,candidate remains useful after current-main rebase
V1-ENT-0214,work,reading_approach,user_review,DUPLICATE_OR_REDUNDANT,V1-FCT-0484;V1-FCT-0485;V1-FCT-0486;V1-REL-0140,SRC-0166;SRC-0167;SRC-0176,yes,high,与reading_tips同文,DEDUP_MERGE,PUBLIC_BIBLIOGRAPHIC_COPY,DUPLICATE,external duplicate classification retained
V1-ENT-0214,work,reading_premise,user_review,DUPLICATE_OR_REDUNDANT,V1-FCT-0484;V1-FCT-0485;V1-FCT-0486;V1-REL-0140,SRC-0166;SRC-0167;SRC-0176,yes,low,与story_intro同文,DEDUP_MERGE,PUBLIC_BIBLIOGRAPHIC_COPY,DUPLICATE,external duplicate classification retained
V1-ENT-0214,work,reading_tips,user_review,HIGH_JUDGMENT_USER_REQUIRED,V1-FCT-0484;V1-FCT-0485;V1-FCT-0486;V1-REL-0140,SRC-0166;SRC-0167;SRC-0176,yes,high,by field default:阅读方法推荐,USER_REVIEW_BATCH,PUBLIC_BIBLIOGRAPHIC_COPY,STILL_VALID,candidate remains useful after current-main rebase
V1-ENT-0214,work,theme_explanations,user_review,TEMPLATE_REWRITE_REQUIRED,V1-FCT-0484;V1-FCT-0485;V1-FCT-0486;V1-REL-0140,SRC-0166;SRC-0167;SRC-0176,yes,high,模板/书目转写:策展层,REWRITE_PIPELINE,PUBLIC_BIBLIOGRAPHIC_COPY,STILL_VALID,candidate remains useful after current-main rebase
V1-ENT-0214,work,why_read,user_review,TEMPLATE_REWRITE_REQUIRED,V1-FCT-0484;V1-FCT-0485;V1-FCT-0486;V1-REL-0140,SRC-0166;SRC-0167;SRC-0176,yes,high,模板句标记:可回溯,REWRITE_PIPELINE,PUBLIC_BIBLIOGRAPHIC_COPY,STILL_VALID,candidate remains useful after current-main rebase
V1-ENT-0215,work,guiding_question,user_review,TEMPLATE_REWRITE_REQUIRED,V1-FCT-0487;V1-FCT-0488;V1-FCT-0489;V1-REL-0141,SRC-0166;SRC-0176,yes,high,模板/书目转写:同字段模板雷同×2,REWRITE_PIPELINE,PUBLIC_BIBLIOGRAPHIC_COPY,STILL_VALID,candidate remains useful after current-main rebase
V1-ENT-0215,work,literary_significance,user_review,DUPLICATE_OR_REDUNDANT,V1-FCT-0487;V1-FCT-0488;V1-FCT-0489;V1-REL-0141,SRC-0166;SRC-0176,yes,high,为why_read子句,DEDUP_MERGE,PUBLIC_BIBLIOGRAPHIC_COPY,DUPLICATE,external duplicate classification retained
V1-ENT-0215,work,next_reads,user_review,HIGH_JUDGMENT_USER_REQUIRED,V1-FCT-0487;V1-FCT-0488;V1-FCT-0489;V1-REL-0141,SRC-0166;SRC-0176,yes,high,by field default:延伸阅读推荐,USER_REVIEW_BATCH,PUBLIC_BIBLIOGRAPHIC_COPY,STILL_VALID,candidate remains useful after current-main rebase
V1-ENT-0215,work,reading_approach,user_review,DUPLICATE_OR_REDUNDANT,V1-FCT-0487;V1-FCT-0488;V1-FCT-0489;V1-REL-0141,SRC-0166;SRC-0176,yes,high,与reading_tips同文,DEDUP_MERGE,PUBLIC_BIBLIOGRAPHIC_COPY,DUPLICATE,external duplicate classification retained
V1-ENT-0215,work,reading_premise,user_review,DUPLICATE_OR_REDUNDANT,V1-FCT-0487;V1-FCT-0488;V1-FCT-0489;V1-REL-0141,SRC-0166;SRC-0176,yes,low,与story_intro同文,DEDUP_MERGE,PUBLIC_BIBLIOGRAPHIC_COPY,DUPLICATE,external duplicate classification retained
V1-ENT-0215,work,reading_tips,user_review,TEMPLATE_REWRITE_REQUIRED,V1-FCT-0487;V1-FCT-0488;V1-FCT-0489;V1-REL-0141,SRC-0166;SRC-0176,yes,high,模板句标记:并读,REWRITE_PIPELINE,PUBLIC_BIBLIOGRAPHIC_COPY,STILL_VALID,candidate remains useful after current-main rebase
V1-ENT-0215,work,theme_explanations,user_review,TEMPLATE_REWRITE_REQUIRED,V1-FCT-0487;V1-FCT-0488;V1-FCT-0489;V1-REL-0141,SRC-0166;SRC-0176,yes,high,模板/书目转写:策展层,REWRITE_PIPELINE,PUBLIC_BIBLIOGRAPHIC_COPY,STILL_VALID,candidate remains useful after current-main rebase
V1-ENT-0215,work,why_read,user_review,TEMPLATE_REWRITE_REQUIRED,V1-FCT-0487;V1-FCT-0488;V1-FCT-0489;V1-REL-0141,SRC-0166;SRC-0176,yes,high,模板/书目转写:书目转写句式,REWRITE_PIPELINE,PUBLIC_BIBLIOGRAPHIC_COPY,STILL_VALID,candidate remains useful after current-main rebase
V1-ENT-0216,work,guiding_question,user_review,HIGH_JUDGMENT_USER_REQUIRED,V1-FCT-0490;V1-FCT-0491;V1-FCT-0492;V1-REL-0142,SRC-0166;SRC-0176,yes,high,by field default:引导问题阐释框架,USER_REVIEW_BATCH,PUBLIC_BIBLIOGRAPHIC_COPY,STILL_VALID,candidate remains useful after current-main rebase
V1-ENT-0216,work,literary_significance,user_review,DUPLICATE_OR_REDUNDANT,V1-FCT-0490;V1-FCT-0491;V1-FCT-0492;V1-REL-0142,SRC-0166;SRC-0176,yes,high,为why_read子句,DEDUP_MERGE,PUBLIC_BIBLIOGRAPHIC_COPY,DUPLICATE,external duplicate classification retained
V1-ENT-0216,work,next_reads,user_review,TEMPLATE_REWRITE_REQUIRED,V1-FCT-0490;V1-FCT-0491;V1-FCT-0492;V1-REL-0142,SRC-0166;SRC-0176,yes,high,模板/书目转写:同字段模板雷同×6,REWRITE_PIPELINE,PUBLIC_BIBLIOGRAPHIC_COPY,STILL_VALID,candidate remains useful after current-main rebase
V1-ENT-0216,work,reading_approach,user_review,DUPLICATE_OR_REDUNDANT,V1-FCT-0490;V1-FCT-0491;V1-FCT-0492;V1-REL-0142,SRC-0166;SRC-0176,yes,high,与reading_tips同文,DEDUP_MERGE,PUBLIC_BIBLIOGRAPHIC_COPY,DUPLICATE,external duplicate classification retained
V1-ENT-0216,work,reading_premise,user_review,DUPLICATE_OR_REDUNDANT,V1-FCT-0490;V1-FCT-0491;V1-FCT-0492;V1-REL-0142,SRC-0166;SRC-0176,yes,low,与story_intro同文,DEDUP_MERGE,PUBLIC_BIBLIOGRAPHIC_COPY,DUPLICATE,external duplicate classification retained
V1-ENT-0216,work,reading_tips,user_review,TEMPLATE_REWRITE_REQUIRED,V1-FCT-0490;V1-FCT-0491;V1-FCT-0492;V1-REL-0142,SRC-0166;SRC-0176,yes,high,模板/书目转写:先确认,REWRITE_PIPELINE,PUBLIC_BIBLIOGRAPHIC_COPY,STILL_VALID,candidate remains useful after current-main rebase
V1-ENT-0216,work,theme_explanations,user_review,HIGH_JUDGMENT_USER_REQUIRED,V1-FCT-0490;V1-FCT-0491;V1-FCT-0492;V1-REL-0142,SRC-0166;SRC-0176,yes,high,by field default:主题解释判断,USER_REVIEW_BATCH,PUBLIC_BIBLIOGRAPHIC_COPY,STILL_VALID,candidate remains useful after current-main rebase
V1-ENT-0216,work,why_read,user_review,TEMPLATE_REWRITE_REQUIRED,V1-FCT-0490;V1-FCT-0491;V1-FCT-0492;V1-REL-0142,SRC-0166;SRC-0176,yes,high,模板/书目转写:书目转写句式,REWRITE_PIPELINE,PUBLIC_BIBLIOGRAPHIC_COPY,STILL_VALID,candidate remains useful after current-main rebase
V1-ENT-0217,work,guiding_question,user_review,HIGH_JUDGMENT_USER_REQUIRED,V1-FCT-0498;V1-FCT-0499;V1-FCT-0500;V1-REL-0143,SRC-0169;SRC-0170,yes,high,by field default:引导问题阐释框架,USER_REVIEW_BATCH,PUBLIC_BIBLIOGRAPHIC_COPY,STILL_VALID,candidate remains useful after current-main rebase
V1-ENT-0217,work,literary_significance,user_review,DUPLICATE_OR_REDUNDANT,V1-FCT-0498;V1-FCT-0499;V1-FCT-0500;V1-REL-0143,SRC-0169;SRC-0170,yes,high,为why_read子句,DEDUP_MERGE,PUBLIC_BIBLIOGRAPHIC_COPY,DUPLICATE,external duplicate classification retained
V1-ENT-0217,work,next_reads,user_review,HIGH_JUDGMENT_USER_REQUIRED,V1-FCT-0498;V1-FCT-0499;V1-FCT-0500;V1-REL-0143,SRC-0169;SRC-0170,yes,high,by field default:延伸阅读推荐,USER_REVIEW_BATCH,PUBLIC_BIBLIOGRAPHIC_COPY,STILL_VALID,candidate remains useful after current-main rebase
V1-ENT-0217,work,reading_approach,user_review,DUPLICATE_OR_REDUNDANT,V1-FCT-0498;V1-FCT-0499;V1-FCT-0500;V1-REL-0143,SRC-0169;SRC-0170,yes,high,与reading_tips同文,DEDUP_MERGE,PUBLIC_BIBLIOGRAPHIC_COPY,DUPLICATE,external duplicate classification retained
V1-ENT-0217,work,reading_premise,user_review,DUPLICATE_OR_REDUNDANT,V1-FCT-0498;V1-FCT-0499;V1-FCT-0500;V1-REL-0143,SRC-0169;SRC-0170,yes,low,为story_intro子句,DEDUP_MERGE,PUBLIC_BIBLIOGRAPHIC_COPY,DUPLICATE,external duplicate classification retained
V1-ENT-0217,work,reading_tips,user_review,TEMPLATE_REWRITE_REQUIRED,V1-FCT-0498;V1-FCT-0499;V1-FCT-0500;V1-REL-0143,SRC-0169;SRC-0170,yes,high,模板/书目转写:书目转写句式,REWRITE_PIPELINE,PUBLIC_BIBLIOGRAPHIC_COPY,STILL_VALID,candidate remains useful after current-main rebase
V1-ENT-0217,work,theme_explanations,user_review,TEMPLATE_REWRITE_REQUIRED,V1-FCT-0498;V1-FCT-0499;V1-FCT-0500;V1-REL-0143,SRC-0169;SRC-0170,yes,high,模板/书目转写:策展层,REWRITE_PIPELINE,PUBLIC_BIBLIOGRAPHIC_COPY,STILL_VALID,candidate remains useful after current-main rebase
V1-ENT-0217,work,why_read,user_review,HIGH_JUDGMENT_USER_REQUIRED,V1-FCT-0498;V1-FCT-0499;V1-FCT-0500;V1-REL-0143,SRC-0169;SRC-0170,yes,high,by field default:阅读价值判断,USER_REVIEW_BATCH,PUBLIC_BIBLIOGRAPHIC_COPY,STILL_VALID,candidate remains useful after current-main rebase
V1-ENT-0218,work,guiding_question,user_review,HIGH_JUDGMENT_USER_REQUIRED,V1-FCT-0501;V1-FCT-0502;V1-FCT-0503;V1-REL-0144,SRC-0169,yes,high,by field default:引导问题阐释框架,USER_REVIEW_BATCH,PUBLIC_BIBLIOGRAPHIC_COPY,STILL_VALID,candidate remains useful after current-main rebase
V1-ENT-0218,work,literary_significance,user_review,DUPLICATE_OR_REDUNDANT,V1-FCT-0501;V1-FCT-0502;V1-FCT-0503;V1-REL-0144,SRC-0169,yes,high,为why_read子句,DEDUP_MERGE,PUBLIC_BIBLIOGRAPHIC_COPY,DUPLICATE,external duplicate classification retained
V1-ENT-0218,work,next_reads,user_review,HIGH_JUDGMENT_USER_REQUIRED,V1-FCT-0501;V1-FCT-0502;V1-FCT-0503;V1-REL-0144,SRC-0169,yes,high,by field default:延伸阅读推荐,USER_REVIEW_BATCH,PUBLIC_BIBLIOGRAPHIC_COPY,STILL_VALID,candidate remains useful after current-main rebase
V1-ENT-0218,work,reading_approach,user_review,DUPLICATE_OR_REDUNDANT,V1-FCT-0501;V1-FCT-0502;V1-FCT-0503;V1-REL-0144,SRC-0169,yes,high,与reading_tips同文,DEDUP_MERGE,PUBLIC_BIBLIOGRAPHIC_COPY,DUPLICATE,external duplicate classification retained
V1-ENT-0218,work,reading_premise,user_review,DUPLICATE_OR_REDUNDANT,V1-FCT-0501;V1-FCT-0502;V1-FCT-0503;V1-REL-0144,SRC-0169,yes,low,与story_intro同文,DEDUP_MERGE,PUBLIC_BIBLIOGRAPHIC_COPY,DUPLICATE,external duplicate classification retained
V1-ENT-0218,work,reading_tips,user_review,TEMPLATE_REWRITE_REQUIRED,V1-FCT-0501;V1-FCT-0502;V1-FCT-0503;V1-REL-0144,SRC-0169,yes,high,模板/书目转写:先确认,REWRITE_PIPELINE,PUBLIC_BIBLIOGRAPHIC_COPY,STILL_VALID,candidate remains useful after current-main rebase
V1-ENT-0218,work,theme_explanations,user_review,HIGH_JUDGMENT_USER_REQUIRED,V1-FCT-0501;V1-FCT-0502;V1-FCT-0503;V1-REL-0144,SRC-0169,yes,high,by field default:主题解释判断,USER_REVIEW_BATCH,PUBLIC_BIBLIOGRAPHIC_COPY,STILL_VALID,candidate remains useful after current-main rebase
V1-ENT-0218,work,why_read,user_review,TEMPLATE_REWRITE_REQUIRED,V1-FCT-0501;V1-FCT-0502;V1-FCT-0503;V1-REL-0144,SRC-0169,yes,high,模板/书目转写:书目转写句式,REWRITE_PIPELINE,PUBLIC_BIBLIOGRAPHIC_COPY,STILL_VALID,candidate remains useful after current-main rebase
V1-ENT-0219,work,guiding_question,user_review,HIGH_JUDGMENT_USER_REQUIRED,V1-FCT-0504;V1-FCT-0505;V1-FCT-0506;V1-REL-0145,SRC-0169,yes,high,by field default:引导问题阐释框架,USER_REVIEW_BATCH,PUBLIC_BIBLIOGRAPHIC_COPY,STILL_VALID,candidate remains useful after current-main rebase
V1-ENT-0219,work,literary_significance,user_review,DUPLICATE_OR_REDUNDANT,V1-FCT-0504;V1-FCT-0505;V1-FCT-0506;V1-REL-0145,SRC-0169,yes,high,为why_read子句,DEDUP_MERGE,PUBLIC_BIBLIOGRAPHIC_COPY,DUPLICATE,external duplicate classification retained
V1-ENT-0219,work,next_reads,user_review,HIGH_JUDGMENT_USER_REQUIRED,V1-FCT-0504;V1-FCT-0505;V1-FCT-0506;V1-REL-0145,SRC-0169,yes,high,by field default:延伸阅读推荐,USER_REVIEW_BATCH,PUBLIC_BIBLIOGRAPHIC_COPY,STILL_VALID,candidate remains useful after current-main rebase
V1-ENT-0219,work,reading_approach,user_review,DUPLICATE_OR_REDUNDANT,V1-FCT-0504;V1-FCT-0505;V1-FCT-0506;V1-REL-0145,SRC-0169,yes,high,与reading_tips同文,DEDUP_MERGE,PUBLIC_BIBLIOGRAPHIC_COPY,DUPLICATE,external duplicate classification retained
V1-ENT-0219,work,reading_premise,user_review,DUPLICATE_OR_REDUNDANT,V1-FCT-0504;V1-FCT-0505;V1-FCT-0506;V1-REL-0145,SRC-0169,yes,low,与story_intro同文,DEDUP_MERGE,PUBLIC_BIBLIOGRAPHIC_COPY,DUPLICATE,external duplicate classification retained
V1-ENT-0219,work,reading_tips,user_review,TEMPLATE_REWRITE_REQUIRED,V1-FCT-0504;V1-FCT-0505;V1-FCT-0506;V1-REL-0145,SRC-0169,yes,high,模板/书目转写:先确认,REWRITE_PIPELINE,PUBLIC_BIBLIOGRAPHIC_COPY,STILL_VALID,candidate remains useful after current-main rebase
V1-ENT-0219,work,theme_explanations,user_review,HIGH_JUDGMENT_USER_REQUIRED,V1-FCT-0504;V1-FCT-0505;V1-FCT-0506;V1-REL-0145,SRC-0169,yes,high,by field default:主题解释判断,USER_REVIEW_BATCH,PUBLIC_BIBLIOGRAPHIC_COPY,STILL_VALID,candidate remains useful after current-main rebase
V1-ENT-0219,work,why_read,user_review,TEMPLATE_REWRITE_REQUIRED,V1-FCT-0504;V1-FCT-0505;V1-FCT-0506;V1-REL-0145,SRC-0169,yes,high,模板/书目转写:书目转写句式,REWRITE_PIPELINE,PUBLIC_BIBLIOGRAPHIC_COPY,STILL_VALID,candidate remains useful after current-main rebase
V1-ENT-0220,work,guiding_question,user_review,HIGH_JUDGMENT_USER_REQUIRED,V1-FCT-0512;V1-FCT-0513;V1-FCT-0514;V1-REL-0146,SRC-0171;SRC-0172;SRC-0173,yes,high,by field default:引导问题阐释框架,USER_REVIEW_BATCH,PUBLIC_BIBLIOGRAPHIC_COPY,STILL_VALID,candidate remains useful after current-main rebase
V1-ENT-0220,work,literary_significance,user_review,DUPLICATE_OR_REDUNDANT,V1-FCT-0512;V1-FCT-0513;V1-FCT-0514;V1-REL-0146,SRC-0171;SRC-0172;SRC-0173,yes,high,为why_read子句,DEDUP_MERGE,PUBLIC_BIBLIOGRAPHIC_COPY,DUPLICATE,external duplicate classification retained
V1-ENT-0220,work,next_reads,user_review,TEMPLATE_REWRITE_REQUIRED,V1-FCT-0512;V1-FCT-0513;V1-FCT-0514;V1-REL-0146,SRC-0171;SRC-0172;SRC-0173,yes,high,模板/书目转写:同字段模板雷同×6,REWRITE_PIPELINE,PUBLIC_BIBLIOGRAPHIC_COPY,STILL_VALID,candidate remains useful after current-main rebase
V1-ENT-0220,work,reading_approach,user_review,DUPLICATE_OR_REDUNDANT,V1-FCT-0512;V1-FCT-0513;V1-FCT-0514;V1-REL-0146,SRC-0171;SRC-0172;SRC-0173,yes,high,与reading_tips同文,DEDUP_MERGE,PUBLIC_BIBLIOGRAPHIC_COPY,DUPLICATE,external duplicate classification retained
V1-ENT-0220,work,reading_premise,user_review,DUPLICATE_OR_REDUNDANT,V1-FCT-0512;V1-FCT-0513;V1-FCT-0514;V1-REL-0146,SRC-0171;SRC-0172;SRC-0173,yes,low,与story_intro同文,DEDUP_MERGE,PUBLIC_BIBLIOGRAPHIC_COPY,DUPLICATE,external duplicate classification retained
V1-ENT-0220,work,reading_tips,user_review,TEMPLATE_REWRITE_REQUIRED,V1-FCT-0512;V1-FCT-0513;V1-FCT-0514;V1-REL-0146,SRC-0171;SRC-0172;SRC-0173,yes,high,模板/书目转写:书目转写句式,REWRITE_PIPELINE,PUBLIC_BIBLIOGRAPHIC_COPY,STILL_VALID,candidate remains useful after current-main rebase
V1-ENT-0220,work,theme_explanations,user_review,HIGH_JUDGMENT_USER_REQUIRED,V1-FCT-0512;V1-FCT-0513;V1-FCT-0514;V1-REL-0146,SRC-0171;SRC-0172;SRC-0173,yes,high,by field default:主题解释判断,USER_REVIEW_BATCH,PUBLIC_BIBLIOGRAPHIC_COPY,STILL_VALID,candidate remains useful after current-main rebase
V1-ENT-0220,work,why_read,user_review,TEMPLATE_REWRITE_REQUIRED,V1-FCT-0512;V1-FCT-0513;V1-FCT-0514;V1-REL-0146,SRC-0171;SRC-0172;SRC-0173,yes,high,模板句标记:书目列出,REWRITE_PIPELINE,PUBLIC_BIBLIOGRAPHIC_COPY,STILL_VALID,candidate remains useful after current-main rebase
V1-ENT-0221,work,literary_significance,user_review,DUPLICATE_OR_REDUNDANT,V1-FCT-0515;V1-FCT-0516;V1-FCT-0517;V1-REL-0147,SRC-0171;SRC-0172;SRC-0173,yes,high,为why_read子句,DEDUP_MERGE,PUBLIC_BIBLIOGRAPHIC_COPY,DUPLICATE,external duplicate classification retained
V1-ENT-0221,work,next_reads,user_review,HIGH_JUDGMENT_USER_REQUIRED,V1-FCT-0515;V1-FCT-0516;V1-FCT-0517;V1-REL-0147,SRC-0171;SRC-0172;SRC-0173,yes,high,by field default:延伸阅读推荐,USER_REVIEW_BATCH,PUBLIC_BIBLIOGRAPHIC_COPY,STILL_VALID,candidate remains useful after current-main rebase
V1-ENT-0221,work,reading_approach,user_review,DUPLICATE_OR_REDUNDANT,V1-FCT-0515;V1-FCT-0516;V1-FCT-0517;V1-REL-0147,SRC-0171;SRC-0172;SRC-0173,yes,high,与reading_tips同文,DEDUP_MERGE,PUBLIC_BIBLIOGRAPHIC_COPY,DUPLICATE,external duplicate classification retained
V1-ENT-0221,work,reading_premise,user_review,DUPLICATE_OR_REDUNDANT,V1-FCT-0515;V1-FCT-0516;V1-FCT-0517;V1-REL-0147,SRC-0171;SRC-0172;SRC-0173,yes,low,与story_intro同文,DEDUP_MERGE,PUBLIC_BIBLIOGRAPHIC_COPY,DUPLICATE,external duplicate classification retained
V1-ENT-0221,work,reading_tips,user_review,TEMPLATE_REWRITE_REQUIRED,V1-FCT-0515;V1-FCT-0516;V1-FCT-0517;V1-REL-0147,SRC-0171;SRC-0172;SRC-0173,yes,high,模板/书目转写:书目转写句式,REWRITE_PIPELINE,PUBLIC_BIBLIOGRAPHIC_COPY,STILL_VALID,candidate remains useful after current-main rebase
V1-ENT-0221,work,theme_explanations,user_review,TEMPLATE_REWRITE_REQUIRED,V1-FCT-0515;V1-FCT-0516;V1-FCT-0517;V1-REL-0147,SRC-0171;SRC-0172;SRC-0173,yes,high,模板/书目转写:策展层,REWRITE_PIPELINE,PUBLIC_BIBLIOGRAPHIC_COPY,STILL_VALID,candidate remains useful after current-main rebase
V1-ENT-0221,work,why_read,user_review,TEMPLATE_REWRITE_REQUIRED,V1-FCT-0515;V1-FCT-0516;V1-FCT-0517;V1-REL-0147,SRC-0171;SRC-0172;SRC-0173,yes,high,模板句标记:本批,REWRITE_PIPELINE,PUBLIC_BIBLIOGRAPHIC_COPY,STILL_VALID,candidate remains useful after current-main rebase
V1-ENT-0222,work,guiding_question,user_review,TEMPLATE_REWRITE_REQUIRED,V1-FCT-0518;V1-FCT-0519;V1-FCT-0520;V1-REL-0148,SRC-0171;SRC-0172;SRC-0173,yes,high,模板/书目转写:同字段模板雷同×2,REWRITE_PIPELINE,PUBLIC_BIBLIOGRAPHIC_COPY,STILL_VALID,candidate remains useful after current-main rebase
V1-ENT-0222,work,literary_significance,user_review,DUPLICATE_OR_REDUNDANT,V1-FCT-0518;V1-FCT-0519;V1-FCT-0520;V1-REL-0148,SRC-0171;SRC-0172;SRC-0173,yes,high,为why_read子句,DEDUP_MERGE,PUBLIC_BIBLIOGRAPHIC_COPY,DUPLICATE,external duplicate classification retained
V1-ENT-0222,work,next_reads,user_review,HIGH_JUDGMENT_USER_REQUIRED,V1-FCT-0518;V1-FCT-0519;V1-FCT-0520;V1-REL-0148,SRC-0171;SRC-0172;SRC-0173,yes,high,by field default:延伸阅读推荐,USER_REVIEW_BATCH,PUBLIC_BIBLIOGRAPHIC_COPY,STILL_VALID,candidate remains useful after current-main rebase
V1-ENT-0222,work,reading_approach,user_review,DUPLICATE_OR_REDUNDANT,V1-FCT-0518;V1-FCT-0519;V1-FCT-0520;V1-REL-0148,SRC-0171;SRC-0172;SRC-0173,yes,high,与reading_tips同文,DEDUP_MERGE,PUBLIC_BIBLIOGRAPHIC_COPY,DUPLICATE,external duplicate classification retained
V1-ENT-0222,work,reading_premise,user_review,DUPLICATE_OR_REDUNDANT,V1-FCT-0518;V1-FCT-0519;V1-FCT-0520;V1-REL-0148,SRC-0171;SRC-0172;SRC-0173,yes,low,与story_intro同文,DEDUP_MERGE,PUBLIC_BIBLIOGRAPHIC_COPY,DUPLICATE,external duplicate classification retained
V1-ENT-0222,work,reading_tips,user_review,TEMPLATE_REWRITE_REQUIRED,V1-FCT-0518;V1-FCT-0519;V1-FCT-0520;V1-REL-0148,SRC-0171;SRC-0172;SRC-0173,yes,high,模板/书目转写:书目转写句式,REWRITE_PIPELINE,PUBLIC_BIBLIOGRAPHIC_COPY,STILL_VALID,candidate remains useful after current-main rebase
V1-ENT-0222,work,theme_explanations,user_review,HIGH_JUDGMENT_USER_REQUIRED,V1-FCT-0518;V1-FCT-0519;V1-FCT-0520;V1-REL-0148,SRC-0171;SRC-0172;SRC-0173,yes,high,by field default:主题解释判断,USER_REVIEW_BATCH,PUBLIC_BIBLIOGRAPHIC_COPY,STILL_VALID,candidate remains useful after current-main rebase
V1-ENT-0222,work,why_read,user_review,TEMPLATE_REWRITE_REQUIRED,V1-FCT-0518;V1-FCT-0519;V1-FCT-0520;V1-REL-0148,SRC-0171;SRC-0172;SRC-0173,yes,high,模板句标记:本批,REWRITE_PIPELINE,PUBLIC_BIBLIOGRAPHIC_COPY,STILL_VALID,candidate remains useful after current-main rebase
V1-ENT-0226,work,guiding_question,user_review,TEMPLATE_REWRITE_REQUIRED,V1-FCT-0536;V1-FCT-0537;V1-FCT-0538;V1-REL-0152,SRC-0178;SRC-0177,yes,high,模板/书目转写:书目位置,REWRITE_PIPELINE,USER_REVIEW_HIGH_JUDGMENT,STILL_VALID,candidate remains useful after current-main rebase
V1-ENT-0226,work,literary_significance,user_review,TEMPLATE_REWRITE_REQUIRED,V1-FCT-0536;V1-FCT-0537;V1-FCT-0538;V1-REL-0152,SRC-0178;SRC-0177,yes,high,模板句标记:可回溯,REWRITE_PIPELINE,USER_REVIEW_HIGH_JUDGMENT,STILL_VALID,candidate remains useful after current-main rebase
V1-ENT-0226,work,location_note,user_review,TEMPLATE_REWRITE_REQUIRED,V1-FCT-0536;V1-FCT-0537;V1-FCT-0538;V1-REL-0152,SRC-0178;SRC-0177,yes,low,"模板/书目转写:研究层,补造",REWRITE_PIPELINE,USER_REVIEW_HIGH_JUDGMENT,STILL_VALID,candidate remains useful after current-main rebase
V1-ENT-0226,work,narrative_features,user_review,HIGH_JUDGMENT_USER_REQUIRED,V1-FCT-0536;V1-FCT-0537;V1-FCT-0538;V1-REL-0152,SRC-0178;SRC-0177,yes,high,by field default:文学特征归纳,USER_REVIEW_BATCH,USER_REVIEW_HIGH_JUDGMENT,STILL_VALID,candidate remains useful after current-main rebase
V1-ENT-0226,work,next_reads,user_review,TEMPLATE_REWRITE_REQUIRED,V1-FCT-0536;V1-FCT-0537;V1-FCT-0538;V1-REL-0152,SRC-0178;SRC-0177,yes,high,"同批 reason 文案复用于不同目标,属模板化而非可合并重复(REVIEWER2 勘误)",REWRITE_PIPELINE,USER_REVIEW_HIGH_JUDGMENT,STILL_VALID,candidate remains useful after current-main rebase
V1-ENT-0226,work,reading_approach,user_review,DUPLICATE_OR_REDUNDANT,V1-FCT-0536;V1-FCT-0537;V1-FCT-0538;V1-REL-0152,SRC-0178;SRC-0177,yes,high,与reading_tips同文,DEDUP_MERGE,USER_REVIEW_HIGH_JUDGMENT,DUPLICATE,external duplicate classification retained
V1-ENT-0226,work,reading_premise,user_review,DUPLICATE_OR_REDUNDANT,V1-FCT-0536;V1-FCT-0537;V1-FCT-0538;V1-REL-0152,SRC-0178;SRC-0177,yes,low,与story_intro同文,DEDUP_MERGE,USER_REVIEW_HIGH_JUDGMENT,DUPLICATE,external duplicate classification retained
V1-ENT-0226,work,reading_tips,user_review,TEMPLATE_REWRITE_REQUIRED,V1-FCT-0536;V1-FCT-0537;V1-FCT-0538;V1-REL-0152,SRC-0178;SRC-0177,yes,high,模板/书目转写:先记录,REWRITE_PIPELINE,USER_REVIEW_HIGH_JUDGMENT,STILL_VALID,candidate remains useful after current-main rebase
V1-ENT-0226,work,story_intro,user_review,TEMPLATE_REWRITE_REQUIRED,V1-FCT-0536;V1-FCT-0537;V1-FCT-0538;V1-REL-0152,SRC-0178;SRC-0177,yes,low,模板句标记:不把,REWRITE_PIPELINE,USER_REVIEW_HIGH_JUDGMENT,STILL_VALID,candidate remains useful after current-main rebase
V1-ENT-0226,work,theme_explanations,user_review,DUPLICATE_OR_REDUNDANT,V1-FCT-0536;V1-FCT-0537;V1-FCT-0538;V1-REL-0152,SRC-0178;SRC-0177,yes,high,与narrative_features同文,DEDUP_MERGE,USER_REVIEW_HIGH_JUDGMENT,DUPLICATE,external duplicate classification retained
V1-ENT-0226,work,why_read,user_review,TEMPLATE_REWRITE_REQUIRED,V1-FCT-0536;V1-FCT-0537;V1-FCT-0538;V1-REL-0152,SRC-0178;SRC-0177,yes,high,"模板/书目转写:书目定位,当作问题来读",REWRITE_PIPELINE,USER_REVIEW_HIGH_JUDGMENT,STILL_VALID,candidate remains useful after current-main rebase
V1-ENT-0227,work,guiding_question,user_review,TEMPLATE_REWRITE_REQUIRED,V1-FCT-0539;V1-FCT-0540;V1-FCT-0541;V1-REL-0153,SRC-0178,yes,high,模板/书目转写:书目位置,REWRITE_PIPELINE,USER_REVIEW_HIGH_JUDGMENT,STILL_VALID,candidate remains useful after current-main rebase
V1-ENT-0227,work,literary_significance,user_review,TEMPLATE_REWRITE_REQUIRED,V1-FCT-0539;V1-FCT-0540;V1-FCT-0541;V1-REL-0153,SRC-0178,yes,high,模板句标记:可回溯,REWRITE_PIPELINE,USER_REVIEW_HIGH_JUDGMENT,STILL_VALID,candidate remains useful after current-main rebase
V1-ENT-0227,work,location_note,user_review,TEMPLATE_REWRITE_REQUIRED,V1-FCT-0539;V1-FCT-0540;V1-FCT-0541;V1-REL-0153,SRC-0178,yes,low,"模板/书目转写:研究层,补造",REWRITE_PIPELINE,USER_REVIEW_HIGH_JUDGMENT,STILL_VALID,candidate remains useful after current-main rebase
V1-ENT-0227,work,narrative_features,user_review,HIGH_JUDGMENT_USER_REQUIRED,V1-FCT-0539;V1-FCT-0540;V1-FCT-0541;V1-REL-0153,SRC-0178,yes,high,by field default:文学特征归纳,USER_REVIEW_BATCH,USER_REVIEW_HIGH_JUDGMENT,STILL_VALID,candidate remains useful after current-main rebase
V1-ENT-0227,work,next_reads,user_review,TEMPLATE_REWRITE_REQUIRED,V1-FCT-0539;V1-FCT-0540;V1-FCT-0541;V1-REL-0153,SRC-0178,yes,high,"同批 reason 文案复用于不同目标,属模板化而非可合并重复(REVIEWER2 勘误)",REWRITE_PIPELINE,USER_REVIEW_HIGH_JUDGMENT,STILL_VALID,candidate remains useful after current-main rebase
V1-ENT-0227,work,reading_approach,user_review,DUPLICATE_OR_REDUNDANT,V1-FCT-0539;V1-FCT-0540;V1-FCT-0541;V1-REL-0153,SRC-0178,yes,high,与reading_tips同文,DEDUP_MERGE,USER_REVIEW_HIGH_JUDGMENT,DUPLICATE,external duplicate classification retained
V1-ENT-0227,work,reading_premise,user_review,DUPLICATE_OR_REDUNDANT,V1-FCT-0539;V1-FCT-0540;V1-FCT-0541;V1-REL-0153,SRC-0178,yes,low,与story_intro同文,DEDUP_MERGE,USER_REVIEW_HIGH_JUDGMENT,DUPLICATE,external duplicate classification retained
V1-ENT-0227,work,reading_tips,user_review,TEMPLATE_REWRITE_REQUIRED,V1-FCT-0539;V1-FCT-0540;V1-FCT-0541;V1-REL-0153,SRC-0178,yes,high,模板/书目转写:先记录,REWRITE_PIPELINE,USER_REVIEW_HIGH_JUDGMENT,STILL_VALID,candidate remains useful after current-main rebase
V1-ENT-0227,work,story_intro,user_review,TEMPLATE_REWRITE_REQUIRED,V1-FCT-0539;V1-FCT-0540;V1-FCT-0541;V1-REL-0153,SRC-0178,yes,low,"模板句标记:本批,不把",REWRITE_PIPELINE,USER_REVIEW_HIGH_JUDGMENT,STILL_VALID,candidate remains useful after current-main rebase
V1-ENT-0227,work,theme_explanations,user_review,DUPLICATE_OR_REDUNDANT,V1-FCT-0539;V1-FCT-0540;V1-FCT-0541;V1-REL-0153,SRC-0178,yes,high,与narrative_features同文,DEDUP_MERGE,USER_REVIEW_HIGH_JUDGMENT,DUPLICATE,external duplicate classification retained
V1-ENT-0227,work,why_read,user_review,TEMPLATE_REWRITE_REQUIRED,V1-FCT-0539;V1-FCT-0540;V1-FCT-0541;V1-REL-0153,SRC-0178,yes,high,"模板/书目转写:书目定位,当作问题来读",REWRITE_PIPELINE,USER_REVIEW_HIGH_JUDGMENT,STILL_VALID,candidate remains useful after current-main rebase
V1-ENT-0228,work,guiding_question,user_review,TEMPLATE_REWRITE_REQUIRED,V1-FCT-0542;V1-FCT-0543;V1-FCT-0544;V1-REL-0154,SRC-0178;SRC-0177,yes,high,模板/书目转写:书目位置,REWRITE_PIPELINE,USER_REVIEW_HIGH_JUDGMENT,STILL_VALID,candidate remains useful after current-main rebase
V1-ENT-0228,work,literary_significance,user_review,TEMPLATE_REWRITE_REQUIRED,V1-FCT-0542;V1-FCT-0543;V1-FCT-0544;V1-REL-0154,SRC-0178;SRC-0177,yes,high,模板句标记:可回溯,REWRITE_PIPELINE,USER_REVIEW_HIGH_JUDGMENT,STILL_VALID,candidate remains useful after current-main rebase
V1-ENT-0228,work,location_note,user_review,TEMPLATE_REWRITE_REQUIRED,V1-FCT-0542;V1-FCT-0543;V1-FCT-0544;V1-REL-0154,SRC-0178;SRC-0177,yes,low,"模板/书目转写:研究层,补造",REWRITE_PIPELINE,USER_REVIEW_HIGH_JUDGMENT,STILL_VALID,candidate remains useful after current-main rebase
V1-ENT-0228,work,narrative_features,user_review,HIGH_JUDGMENT_USER_REQUIRED,V1-FCT-0542;V1-FCT-0543;V1-FCT-0544;V1-REL-0154,SRC-0178;SRC-0177,yes,high,by field default:文学特征归纳,USER_REVIEW_BATCH,USER_REVIEW_HIGH_JUDGMENT,STILL_VALID,candidate remains useful after current-main rebase
V1-ENT-0228,work,next_reads,user_review,TEMPLATE_REWRITE_REQUIRED,V1-FCT-0542;V1-FCT-0543;V1-FCT-0544;V1-REL-0154,SRC-0178;SRC-0177,yes,high,"同批 reason 文案复用于不同目标,属模板化而非可合并重复(REVIEWER2 勘误)",REWRITE_PIPELINE,USER_REVIEW_HIGH_JUDGMENT,STILL_VALID,candidate remains useful after current-main rebase
V1-ENT-0228,work,reading_approach,user_review,DUPLICATE_OR_REDUNDANT,V1-FCT-0542;V1-FCT-0543;V1-FCT-0544;V1-REL-0154,SRC-0178;SRC-0177,yes,high,与reading_tips同文,DEDUP_MERGE,USER_REVIEW_HIGH_JUDGMENT,DUPLICATE,external duplicate classification retained
V1-ENT-0228,work,reading_premise,user_review,DUPLICATE_OR_REDUNDANT,V1-FCT-0542;V1-FCT-0543;V1-FCT-0544;V1-REL-0154,SRC-0178;SRC-0177,yes,low,与story_intro同文,DEDUP_MERGE,USER_REVIEW_HIGH_JUDGMENT,DUPLICATE,external duplicate classification retained
V1-ENT-0228,work,reading_tips,user_review,TEMPLATE_REWRITE_REQUIRED,V1-FCT-0542;V1-FCT-0543;V1-FCT-0544;V1-REL-0154,SRC-0178;SRC-0177,yes,high,模板/书目转写:先记录,REWRITE_PIPELINE,USER_REVIEW_HIGH_JUDGMENT,STILL_VALID,candidate remains useful after current-main rebase
V1-ENT-0228,work,story_intro,user_review,TEMPLATE_REWRITE_REQUIRED,V1-FCT-0542;V1-FCT-0543;V1-FCT-0544;V1-REL-0154,SRC-0178;SRC-0177,yes,low,模板句标记:并读,REWRITE_PIPELINE,USER_REVIEW_HIGH_JUDGMENT,STILL_VALID,candidate remains useful after current-main rebase
V1-ENT-0228,work,theme_explanations,user_review,DUPLICATE_OR_REDUNDANT,V1-FCT-0542;V1-FCT-0543;V1-FCT-0544;V1-REL-0154,SRC-0178;SRC-0177,yes,high,与narrative_features同文,DEDUP_MERGE,USER_REVIEW_HIGH_JUDGMENT,DUPLICATE,external duplicate classification retained
V1-ENT-0228,work,why_read,user_review,TEMPLATE_REWRITE_REQUIRED,V1-FCT-0542;V1-FCT-0543;V1-FCT-0544;V1-REL-0154,SRC-0178;SRC-0177,yes,high,"模板/书目转写:书目定位,当作问题来读",REWRITE_PIPELINE,USER_REVIEW_HIGH_JUDGMENT,STILL_VALID,candidate remains useful after current-main rebase
V1-ENT-0229,work,guiding_question,user_review,TEMPLATE_REWRITE_REQUIRED,V1-FCT-0545;V1-FCT-0546;V1-FCT-0547;V1-REL-0155,SRC-0180;SRC-0181,yes,high,模板/书目转写:书目位置,REWRITE_PIPELINE,USER_REVIEW_HIGH_JUDGMENT,STILL_VALID,candidate remains useful after current-main rebase
V1-ENT-0229,work,literary_significance,user_review,TEMPLATE_REWRITE_REQUIRED,V1-FCT-0545;V1-FCT-0546;V1-FCT-0547;V1-REL-0155,SRC-0180;SRC-0181,yes,high,模板句标记:可回溯,REWRITE_PIPELINE,USER_REVIEW_HIGH_JUDGMENT,STILL_VALID,candidate remains useful after current-main rebase
V1-ENT-0229,work,location_note,user_review,TEMPLATE_REWRITE_REQUIRED,V1-FCT-0545;V1-FCT-0546;V1-FCT-0547;V1-REL-0155,SRC-0180;SRC-0181,yes,low,"模板/书目转写:研究层,补造",REWRITE_PIPELINE,USER_REVIEW_HIGH_JUDGMENT,STILL_VALID,candidate remains useful after current-main rebase
V1-ENT-0229,work,narrative_features,user_review,HIGH_JUDGMENT_USER_REQUIRED,V1-FCT-0545;V1-FCT-0546;V1-FCT-0547;V1-REL-0155,SRC-0180;SRC-0181,yes,high,by field default:文学特征归纳,USER_REVIEW_BATCH,USER_REVIEW_HIGH_JUDGMENT,STILL_VALID,candidate remains useful after current-main rebase
V1-ENT-0229,work,next_reads,user_review,TEMPLATE_REWRITE_REQUIRED,V1-FCT-0545;V1-FCT-0546;V1-FCT-0547;V1-REL-0155,SRC-0180;SRC-0181,yes,high,"同批 reason 文案复用于不同目标,属模板化而非可合并重复(REVIEWER2 勘误)",REWRITE_PIPELINE,USER_REVIEW_HIGH_JUDGMENT,STILL_VALID,candidate remains useful after current-main rebase
V1-ENT-0229,work,reading_approach,user_review,DUPLICATE_OR_REDUNDANT,V1-FCT-0545;V1-FCT-0546;V1-FCT-0547;V1-REL-0155,SRC-0180;SRC-0181,yes,high,与reading_tips同文,DEDUP_MERGE,USER_REVIEW_HIGH_JUDGMENT,DUPLICATE,external duplicate classification retained
V1-ENT-0229,work,reading_premise,user_review,DUPLICATE_OR_REDUNDANT,V1-FCT-0545;V1-FCT-0546;V1-FCT-0547;V1-REL-0155,SRC-0180;SRC-0181,yes,low,与story_intro同文,DEDUP_MERGE,USER_REVIEW_HIGH_JUDGMENT,DUPLICATE,external duplicate classification retained
V1-ENT-0229,work,reading_tips,user_review,TEMPLATE_REWRITE_REQUIRED,V1-FCT-0545;V1-FCT-0546;V1-FCT-0547;V1-REL-0155,SRC-0180;SRC-0181,yes,high,模板/书目转写:先记录,REWRITE_PIPELINE,USER_REVIEW_HIGH_JUDGMENT,STILL_VALID,candidate remains useful after current-main rebase
V1-ENT-0229,work,story_intro,user_review,TEMPLATE_REWRITE_REQUIRED,V1-FCT-0545;V1-FCT-0546;V1-FCT-0547;V1-REL-0155,SRC-0180;SRC-0181,yes,low,"模板句标记:本批,不把",REWRITE_PIPELINE,USER_REVIEW_HIGH_JUDGMENT,STILL_VALID,candidate remains useful after current-main rebase
V1-ENT-0229,work,theme_explanations,user_review,DUPLICATE_OR_REDUNDANT,V1-FCT-0545;V1-FCT-0546;V1-FCT-0547;V1-REL-0155,SRC-0180;SRC-0181,yes,high,与narrative_features同文,DEDUP_MERGE,USER_REVIEW_HIGH_JUDGMENT,DUPLICATE,external duplicate classification retained
V1-ENT-0229,work,why_read,user_review,TEMPLATE_REWRITE_REQUIRED,V1-FCT-0545;V1-FCT-0546;V1-FCT-0547;V1-REL-0155,SRC-0180;SRC-0181,yes,high,"模板/书目转写:书目定位,当作问题来读",REWRITE_PIPELINE,USER_REVIEW_HIGH_JUDGMENT,STILL_VALID,candidate remains useful after current-main rebase
V1-ENT-0230,work,guiding_question,user_review,TEMPLATE_REWRITE_REQUIRED,V1-FCT-0548;V1-FCT-0549;V1-FCT-0550;V1-REL-0156,SRC-0182,yes,high,模板/书目转写:书目位置,REWRITE_PIPELINE,USER_REVIEW_HIGH_JUDGMENT,STILL_VALID,candidate remains useful after current-main rebase
V1-ENT-0230,work,literary_significance,user_review,TEMPLATE_REWRITE_REQUIRED,V1-FCT-0548;V1-FCT-0549;V1-FCT-0550;V1-REL-0156,SRC-0182,yes,high,模板句标记:可回溯,REWRITE_PIPELINE,USER_REVIEW_HIGH_JUDGMENT,STILL_VALID,candidate remains useful after current-main rebase
V1-ENT-0230,work,location_note,user_review,TEMPLATE_REWRITE_REQUIRED,V1-FCT-0548;V1-FCT-0549;V1-FCT-0550;V1-REL-0156,SRC-0182,yes,low,"模板/书目转写:研究层,补造",REWRITE_PIPELINE,USER_REVIEW_HIGH_JUDGMENT,STILL_VALID,candidate remains useful after current-main rebase
V1-ENT-0230,work,narrative_features,user_review,HIGH_JUDGMENT_USER_REQUIRED,V1-FCT-0548;V1-FCT-0549;V1-FCT-0550;V1-REL-0156,SRC-0182,yes,high,by field default:文学特征归纳,USER_REVIEW_BATCH,USER_REVIEW_HIGH_JUDGMENT,STILL_VALID,candidate remains useful after current-main rebase
V1-ENT-0230,work,next_reads,user_review,TEMPLATE_REWRITE_REQUIRED,V1-FCT-0548;V1-FCT-0549;V1-FCT-0550;V1-REL-0156,SRC-0182,yes,high,"同批 reason 文案复用于不同目标,属模板化而非可合并重复(REVIEWER2 勘误)",REWRITE_PIPELINE,USER_REVIEW_HIGH_JUDGMENT,STILL_VALID,candidate remains useful after current-main rebase
V1-ENT-0230,work,reading_approach,user_review,DUPLICATE_OR_REDUNDANT,V1-FCT-0548;V1-FCT-0549;V1-FCT-0550;V1-REL-0156,SRC-0182,yes,high,与reading_tips同文,DEDUP_MERGE,USER_REVIEW_HIGH_JUDGMENT,DUPLICATE,external duplicate classification retained
V1-ENT-0230,work,reading_premise,user_review,DUPLICATE_OR_REDUNDANT,V1-FCT-0548;V1-FCT-0549;V1-FCT-0550;V1-REL-0156,SRC-0182,yes,low,与story_intro同文,DEDUP_MERGE,USER_REVIEW_HIGH_JUDGMENT,DUPLICATE,external duplicate classification retained
V1-ENT-0230,work,reading_tips,user_review,TEMPLATE_REWRITE_REQUIRED,V1-FCT-0548;V1-FCT-0549;V1-FCT-0550;V1-REL-0156,SRC-0182,yes,high,模板/书目转写:先记录,REWRITE_PIPELINE,USER_REVIEW_HIGH_JUDGMENT,STILL_VALID,candidate remains useful after current-main rebase
V1-ENT-0230,work,story_intro,user_review,TEMPLATE_REWRITE_REQUIRED,V1-FCT-0548;V1-FCT-0549;V1-FCT-0550;V1-REL-0156,SRC-0182,yes,low,"模板句标记:本批,不把",REWRITE_PIPELINE,USER_REVIEW_HIGH_JUDGMENT,STILL_VALID,candidate remains useful after current-main rebase
V1-ENT-0230,work,theme_explanations,user_review,DUPLICATE_OR_REDUNDANT,V1-FCT-0548;V1-FCT-0549;V1-FCT-0550;V1-REL-0156,SRC-0182,yes,high,与narrative_features同文,DEDUP_MERGE,USER_REVIEW_HIGH_JUDGMENT,DUPLICATE,external duplicate classification retained
V1-ENT-0230,work,why_read,user_review,TEMPLATE_REWRITE_REQUIRED,V1-FCT-0548;V1-FCT-0549;V1-FCT-0550;V1-REL-0156,SRC-0182,yes,high,"模板/书目转写:书目定位,当作问题来读",REWRITE_PIPELINE,USER_REVIEW_HIGH_JUDGMENT,STILL_VALID,candidate remains useful after current-main rebase
V1-ENT-0231,work,guiding_question,user_review,TEMPLATE_REWRITE_REQUIRED,V1-FCT-0551;V1-FCT-0552;V1-FCT-0553;V1-REL-0157,SRC-0182,yes,high,模板/书目转写:书目位置,REWRITE_PIPELINE,USER_REVIEW_HIGH_JUDGMENT,STILL_VALID,candidate remains useful after current-main rebase
V1-ENT-0231,work,literary_significance,user_review,TEMPLATE_REWRITE_REQUIRED,V1-FCT-0551;V1-FCT-0552;V1-FCT-0553;V1-REL-0157,SRC-0182,yes,high,模板句标记:可回溯,REWRITE_PIPELINE,USER_REVIEW_HIGH_JUDGMENT,STILL_VALID,candidate remains useful after current-main rebase
V1-ENT-0231,work,location_note,user_review,TEMPLATE_REWRITE_REQUIRED,V1-FCT-0551;V1-FCT-0552;V1-FCT-0553;V1-REL-0157,SRC-0182,yes,low,"模板/书目转写:研究层,补造",REWRITE_PIPELINE,USER_REVIEW_HIGH_JUDGMENT,STILL_VALID,candidate remains useful after current-main rebase
V1-ENT-0231,work,narrative_features,user_review,HIGH_JUDGMENT_USER_REQUIRED,V1-FCT-0551;V1-FCT-0552;V1-FCT-0553;V1-REL-0157,SRC-0182,yes,high,by field default:文学特征归纳,USER_REVIEW_BATCH,USER_REVIEW_HIGH_JUDGMENT,STILL_VALID,candidate remains useful after current-main rebase
V1-ENT-0231,work,next_reads,user_review,TEMPLATE_REWRITE_REQUIRED,V1-FCT-0551;V1-FCT-0552;V1-FCT-0553;V1-REL-0157,SRC-0182,yes,high,"同批 reason 文案复用于不同目标,属模板化而非可合并重复(REVIEWER2 勘误)",REWRITE_PIPELINE,USER_REVIEW_HIGH_JUDGMENT,STILL_VALID,candidate remains useful after current-main rebase
V1-ENT-0231,work,reading_approach,user_review,DUPLICATE_OR_REDUNDANT,V1-FCT-0551;V1-FCT-0552;V1-FCT-0553;V1-REL-0157,SRC-0182,yes,high,与reading_tips同文,DEDUP_MERGE,USER_REVIEW_HIGH_JUDGMENT,DUPLICATE,external duplicate classification retained
V1-ENT-0231,work,reading_premise,user_review,DUPLICATE_OR_REDUNDANT,V1-FCT-0551;V1-FCT-0552;V1-FCT-0553;V1-REL-0157,SRC-0182,yes,low,与story_intro同文,DEDUP_MERGE,USER_REVIEW_HIGH_JUDGMENT,DUPLICATE,external duplicate classification retained
V1-ENT-0231,work,reading_tips,user_review,TEMPLATE_REWRITE_REQUIRED,V1-FCT-0551;V1-FCT-0552;V1-FCT-0553;V1-REL-0157,SRC-0182,yes,high,模板/书目转写:先记录,REWRITE_PIPELINE,USER_REVIEW_HIGH_JUDGMENT,STILL_VALID,candidate remains useful after current-main rebase
V1-ENT-0231,work,story_intro,user_review,TEMPLATE_REWRITE_REQUIRED,V1-FCT-0551;V1-FCT-0552;V1-FCT-0553;V1-REL-0157,SRC-0182,yes,low,"模板句标记:本批,不把",REWRITE_PIPELINE,USER_REVIEW_HIGH_JUDGMENT,STILL_VALID,candidate remains useful after current-main rebase
V1-ENT-0231,work,theme_explanations,user_review,DUPLICATE_OR_REDUNDANT,V1-FCT-0551;V1-FCT-0552;V1-FCT-0553;V1-REL-0157,SRC-0182,yes,high,与narrative_features同文,DEDUP_MERGE,USER_REVIEW_HIGH_JUDGMENT,DUPLICATE,external duplicate classification retained
V1-ENT-0231,work,why_read,user_review,TEMPLATE_REWRITE_REQUIRED,V1-FCT-0551;V1-FCT-0552;V1-FCT-0553;V1-REL-0157,SRC-0182,yes,high,"模板/书目转写:书目定位,当作问题来读",REWRITE_PIPELINE,USER_REVIEW_HIGH_JUDGMENT,STILL_VALID,candidate remains useful after current-main rebase
V1-ENT-0232,work,guiding_question,user_review,TEMPLATE_REWRITE_REQUIRED,V1-FCT-0554;V1-FCT-0555;V1-FCT-0556;V1-REL-0158,SRC-0183;SRC-0187,yes,high,模板/书目转写:书目位置,REWRITE_PIPELINE,USER_REVIEW_HIGH_JUDGMENT,STILL_VALID,candidate remains useful after current-main rebase
V1-ENT-0232,work,literary_significance,user_review,TEMPLATE_REWRITE_REQUIRED,V1-FCT-0554;V1-FCT-0555;V1-FCT-0556;V1-REL-0158,SRC-0183;SRC-0187,yes,high,模板句标记:可回溯,REWRITE_PIPELINE,USER_REVIEW_HIGH_JUDGMENT,STILL_VALID,candidate remains useful after current-main rebase
V1-ENT-0232,work,location_note,user_review,TEMPLATE_REWRITE_REQUIRED,V1-FCT-0554;V1-FCT-0555;V1-FCT-0556;V1-REL-0158,SRC-0183;SRC-0187,yes,low,"模板/书目转写:研究层,补造",REWRITE_PIPELINE,USER_REVIEW_HIGH_JUDGMENT,STILL_VALID,candidate remains useful after current-main rebase
V1-ENT-0232,work,narrative_features,user_review,HIGH_JUDGMENT_USER_REQUIRED,V1-FCT-0554;V1-FCT-0555;V1-FCT-0556;V1-REL-0158,SRC-0183;SRC-0187,yes,high,by field default:文学特征归纳,USER_REVIEW_BATCH,USER_REVIEW_HIGH_JUDGMENT,STILL_VALID,candidate remains useful after current-main rebase
V1-ENT-0232,work,next_reads,user_review,TEMPLATE_REWRITE_REQUIRED,V1-FCT-0554;V1-FCT-0555;V1-FCT-0556;V1-REL-0158,SRC-0183;SRC-0187,yes,high,"同批 reason 文案复用于不同目标,属模板化而非可合并重复(REVIEWER2 勘误)",REWRITE_PIPELINE,USER_REVIEW_HIGH_JUDGMENT,STILL_VALID,candidate remains useful after current-main rebase
V1-ENT-0232,work,reading_approach,user_review,DUPLICATE_OR_REDUNDANT,V1-FCT-0554;V1-FCT-0555;V1-FCT-0556;V1-REL-0158,SRC-0183;SRC-0187,yes,high,与reading_tips同文,DEDUP_MERGE,USER_REVIEW_HIGH_JUDGMENT,DUPLICATE,external duplicate classification retained
V1-ENT-0232,work,reading_premise,user_review,DUPLICATE_OR_REDUNDANT,V1-FCT-0554;V1-FCT-0555;V1-FCT-0556;V1-REL-0158,SRC-0183;SRC-0187,yes,low,与story_intro同文,DEDUP_MERGE,USER_REVIEW_HIGH_JUDGMENT,DUPLICATE,external duplicate classification retained
V1-ENT-0232,work,reading_tips,user_review,TEMPLATE_REWRITE_REQUIRED,V1-FCT-0554;V1-FCT-0555;V1-FCT-0556;V1-REL-0158,SRC-0183;SRC-0187,yes,high,模板/书目转写:先记录,REWRITE_PIPELINE,USER_REVIEW_HIGH_JUDGMENT,STILL_VALID,candidate remains useful after current-main rebase
V1-ENT-0232,work,story_intro,user_review,TEMPLATE_REWRITE_REQUIRED,V1-FCT-0554;V1-FCT-0555;V1-FCT-0556;V1-REL-0158,SRC-0183;SRC-0187,yes,low,模板/书目转写:书目转写句式,REWRITE_PIPELINE,USER_REVIEW_HIGH_JUDGMENT,STILL_VALID,candidate remains useful after current-main rebase
V1-ENT-0232,work,theme_explanations,user_review,DUPLICATE_OR_REDUNDANT,V1-FCT-0554;V1-FCT-0555;V1-FCT-0556;V1-REL-0158,SRC-0183;SRC-0187,yes,high,与narrative_features同文,DEDUP_MERGE,USER_REVIEW_HIGH_JUDGMENT,DUPLICATE,external duplicate classification retained
V1-ENT-0232,work,why_read,user_review,TEMPLATE_REWRITE_REQUIRED,V1-FCT-0554;V1-FCT-0555;V1-FCT-0556;V1-REL-0158,SRC-0183;SRC-0187,yes,high,"模板/书目转写:书目定位,当作问题来读",REWRITE_PIPELINE,USER_REVIEW_HIGH_JUDGMENT,STILL_VALID,candidate remains useful after current-main rebase
V1-ENT-0233,work,guiding_question,user_review,TEMPLATE_REWRITE_REQUIRED,V1-FCT-0557;V1-FCT-0558;V1-FCT-0559;V1-REL-0159,SRC-0183;SRC-0185,yes,high,模板/书目转写:书目位置,REWRITE_PIPELINE,USER_REVIEW_HIGH_JUDGMENT,STILL_VALID,candidate remains useful after current-main rebase
V1-ENT-0233,work,literary_significance,user_review,TEMPLATE_REWRITE_REQUIRED,V1-FCT-0557;V1-FCT-0558;V1-FCT-0559;V1-REL-0159,SRC-0183;SRC-0185,yes,high,模板句标记:可回溯,REWRITE_PIPELINE,USER_REVIEW_HIGH_JUDGMENT,STILL_VALID,candidate remains useful after current-main rebase
V1-ENT-0233,work,location_note,user_review,TEMPLATE_REWRITE_REQUIRED,V1-FCT-0557;V1-FCT-0558;V1-FCT-0559;V1-REL-0159,SRC-0183;SRC-0185,yes,low,"模板/书目转写:研究层,补造",REWRITE_PIPELINE,USER_REVIEW_HIGH_JUDGMENT,STILL_VALID,candidate remains useful after current-main rebase
V1-ENT-0233,work,narrative_features,user_review,HIGH_JUDGMENT_USER_REQUIRED,V1-FCT-0557;V1-FCT-0558;V1-FCT-0559;V1-REL-0159,SRC-0183;SRC-0185,yes,high,by field default:文学特征归纳,USER_REVIEW_BATCH,USER_REVIEW_HIGH_JUDGMENT,STILL_VALID,candidate remains useful after current-main rebase
V1-ENT-0233,work,next_reads,user_review,TEMPLATE_REWRITE_REQUIRED,V1-FCT-0557;V1-FCT-0558;V1-FCT-0559;V1-REL-0159,SRC-0183;SRC-0185,yes,high,"同批 reason 文案复用于不同目标,属模板化而非可合并重复(REVIEWER2 勘误)",REWRITE_PIPELINE,USER_REVIEW_HIGH_JUDGMENT,STILL_VALID,candidate remains useful after current-main rebase
V1-ENT-0233,work,reading_approach,user_review,DUPLICATE_OR_REDUNDANT,V1-FCT-0557;V1-FCT-0558;V1-FCT-0559;V1-REL-0159,SRC-0183;SRC-0185,yes,high,与reading_tips同文,DEDUP_MERGE,USER_REVIEW_HIGH_JUDGMENT,DUPLICATE,external duplicate classification retained
V1-ENT-0233,work,reading_premise,user_review,DUPLICATE_OR_REDUNDANT,V1-FCT-0557;V1-FCT-0558;V1-FCT-0559;V1-REL-0159,SRC-0183;SRC-0185,yes,low,与story_intro同文,DEDUP_MERGE,USER_REVIEW_HIGH_JUDGMENT,DUPLICATE,external duplicate classification retained
V1-ENT-0233,work,reading_tips,user_review,TEMPLATE_REWRITE_REQUIRED,V1-FCT-0557;V1-FCT-0558;V1-FCT-0559;V1-REL-0159,SRC-0183;SRC-0185,yes,high,模板/书目转写:先记录,REWRITE_PIPELINE,USER_REVIEW_HIGH_JUDGMENT,STILL_VALID,candidate remains useful after current-main rebase
V1-ENT-0233,work,story_intro,user_review,TEMPLATE_REWRITE_REQUIRED,V1-FCT-0557;V1-FCT-0558;V1-FCT-0559;V1-REL-0159,SRC-0183;SRC-0185,yes,low,"模板句标记:并读,不把",REWRITE_PIPELINE,USER_REVIEW_HIGH_JUDGMENT,STILL_VALID,candidate remains useful after current-main rebase
V1-ENT-0233,work,theme_explanations,user_review,DUPLICATE_OR_REDUNDANT,V1-FCT-0557;V1-FCT-0558;V1-FCT-0559;V1-REL-0159,SRC-0183;SRC-0185,yes,high,与narrative_features同文,DEDUP_MERGE,USER_REVIEW_HIGH_JUDGMENT,DUPLICATE,external duplicate classification retained
V1-ENT-0233,work,why_read,user_review,TEMPLATE_REWRITE_REQUIRED,V1-FCT-0557;V1-FCT-0558;V1-FCT-0559;V1-REL-0159,SRC-0183;SRC-0185,yes,high,"模板/书目转写:书目定位,当作问题来读",REWRITE_PIPELINE,USER_REVIEW_HIGH_JUDGMENT,STILL_VALID,candidate remains useful after current-main rebase
V1-ENT-0234,work,guiding_question,user_review,TEMPLATE_REWRITE_REQUIRED,V1-FCT-0560;V1-FCT-0561;V1-FCT-0562;V1-REL-0160,SRC-0183;SRC-0185,yes,high,模板/书目转写:书目位置,REWRITE_PIPELINE,USER_REVIEW_HIGH_JUDGMENT,STILL_VALID,candidate remains useful after current-main rebase
V1-ENT-0234,work,literary_significance,user_review,TEMPLATE_REWRITE_REQUIRED,V1-FCT-0560;V1-FCT-0561;V1-FCT-0562;V1-REL-0160,SRC-0183;SRC-0185,yes,high,模板句标记:可回溯,REWRITE_PIPELINE,USER_REVIEW_HIGH_JUDGMENT,STILL_VALID,candidate remains useful after current-main rebase
V1-ENT-0234,work,location_note,user_review,TEMPLATE_REWRITE_REQUIRED,V1-FCT-0560;V1-FCT-0561;V1-FCT-0562;V1-REL-0160,SRC-0183;SRC-0185,yes,low,"模板/书目转写:研究层,补造",REWRITE_PIPELINE,USER_REVIEW_HIGH_JUDGMENT,STILL_VALID,candidate remains useful after current-main rebase
V1-ENT-0234,work,narrative_features,user_review,HIGH_JUDGMENT_USER_REQUIRED,V1-FCT-0560;V1-FCT-0561;V1-FCT-0562;V1-REL-0160,SRC-0183;SRC-0185,yes,high,by field default:文学特征归纳,USER_REVIEW_BATCH,USER_REVIEW_HIGH_JUDGMENT,STILL_VALID,candidate remains useful after current-main rebase
V1-ENT-0234,work,next_reads,user_review,TEMPLATE_REWRITE_REQUIRED,V1-FCT-0560;V1-FCT-0561;V1-FCT-0562;V1-REL-0160,SRC-0183;SRC-0185,yes,high,"同批 reason 文案复用于不同目标,属模板化而非可合并重复(REVIEWER2 勘误)",REWRITE_PIPELINE,USER_REVIEW_HIGH_JUDGMENT,STILL_VALID,candidate remains useful after current-main rebase
V1-ENT-0234,work,reading_approach,user_review,DUPLICATE_OR_REDUNDANT,V1-FCT-0560;V1-FCT-0561;V1-FCT-0562;V1-REL-0160,SRC-0183;SRC-0185,yes,high,与reading_tips同文,DEDUP_MERGE,USER_REVIEW_HIGH_JUDGMENT,DUPLICATE,external duplicate classification retained
V1-ENT-0234,work,reading_premise,user_review,DUPLICATE_OR_REDUNDANT,V1-FCT-0560;V1-FCT-0561;V1-FCT-0562;V1-REL-0160,SRC-0183;SRC-0185,yes,low,与story_intro同文,DEDUP_MERGE,USER_REVIEW_HIGH_JUDGMENT,DUPLICATE,external duplicate classification retained
V1-ENT-0234,work,reading_tips,user_review,TEMPLATE_REWRITE_REQUIRED,V1-FCT-0560;V1-FCT-0561;V1-FCT-0562;V1-REL-0160,SRC-0183;SRC-0185,yes,high,模板/书目转写:先记录,REWRITE_PIPELINE,USER_REVIEW_HIGH_JUDGMENT,STILL_VALID,candidate remains useful after current-main rebase
V1-ENT-0234,work,story_intro,user_review,TEMPLATE_REWRITE_REQUIRED,V1-FCT-0560;V1-FCT-0561;V1-FCT-0562;V1-REL-0160,SRC-0183;SRC-0185,yes,low,"模板句标记:本批,不把",REWRITE_PIPELINE,USER_REVIEW_HIGH_JUDGMENT,STILL_VALID,candidate remains useful after current-main rebase
V1-ENT-0234,work,theme_explanations,user_review,DUPLICATE_OR_REDUNDANT,V1-FCT-0560;V1-FCT-0561;V1-FCT-0562;V1-REL-0160,SRC-0183;SRC-0185,yes,high,与narrative_features同文,DEDUP_MERGE,USER_REVIEW_HIGH_JUDGMENT,DUPLICATE,external duplicate classification retained
V1-ENT-0234,work,why_read,user_review,TEMPLATE_REWRITE_REQUIRED,V1-FCT-0560;V1-FCT-0561;V1-FCT-0562;V1-REL-0160,SRC-0183;SRC-0185,yes,high,"模板/书目转写:书目定位,当作问题来读",REWRITE_PIPELINE,USER_REVIEW_HIGH_JUDGMENT,STILL_VALID,candidate remains useful after current-main rebase
V1-ENT-0239,work,guiding_question,user_review,TEMPLATE_REWRITE_REQUIRED,V1-FCT-0578;V1-FCT-0579;V1-FCT-0580;V1-REL-0164,SRC-0188;SRC-0189,yes,high,模板/书目转写:书目位置,REWRITE_PIPELINE,USER_REVIEW_HIGH_JUDGMENT,STILL_VALID,candidate remains useful after current-main rebase
V1-ENT-0239,work,location_note,user_review,TEMPLATE_REWRITE_REQUIRED,V1-REL-0173,SRC-0188,yes,low,"模板/书目转写:研究层,补造",REWRITE_PIPELINE,USER_REVIEW_HIGH_JUDGMENT,STILL_VALID,candidate remains useful after current-main rebase
V1-ENT-0239,work,next_reads,user_review,HIGH_JUDGMENT_USER_REQUIRED,V1-FCT-0578;V1-FCT-0579;V1-FCT-0580;V1-REL-0164,SRC-0188;SRC-0189,yes,high,by field default:延伸阅读推荐,USER_REVIEW_BATCH,USER_REVIEW_HIGH_JUDGMENT,STILL_VALID,candidate remains useful after current-main rebase
V1-ENT-0239,work,reading_approach,user_review,TEMPLATE_REWRITE_REQUIRED,V1-FCT-0578;V1-FCT-0579;V1-FCT-0580;V1-REL-0164,SRC-0188;SRC-0189,yes,high,模板/书目转写:先记录,REWRITE_PIPELINE,USER_REVIEW_HIGH_JUDGMENT,STILL_VALID,candidate remains useful after current-main rebase
V1-ENT-0239,work,story_intro,user_review,TEMPLATE_REWRITE_REQUIRED,V1-FCT-0578;V1-FCT-0579;V1-FCT-0580;V1-REL-0164,SRC-0188;SRC-0189,yes,low,模板句标记:可回溯,REWRITE_PIPELINE,USER_REVIEW_HIGH_JUDGMENT,STILL_VALID,candidate remains useful after current-main rebase
V1-ENT-0239,work,theme_explanations,user_review,TEMPLATE_REWRITE_REQUIRED,V1-FCT-0578;V1-FCT-0579;V1-FCT-0580;V1-REL-0164,SRC-0188;SRC-0189,yes,high,模板/书目转写:书目式标签,REWRITE_PIPELINE,USER_REVIEW_HIGH_JUDGMENT,STILL_VALID,candidate remains useful after current-main rebase
V1-ENT-0239,work,why_read,user_review,TEMPLATE_REWRITE_REQUIRED,V1-FCT-0578;V1-FCT-0579;V1-FCT-0580;V1-REL-0164,SRC-0188;SRC-0189,yes,high,"模板/书目转写:书目位置,先核对",REWRITE_PIPELINE,USER_REVIEW_HIGH_JUDGMENT,STILL_VALID,candidate remains useful after current-main rebase
V1-ENT-0240,work,guiding_question,user_review,HIGH_JUDGMENT_USER_REQUIRED,V1-FCT-0581;V1-FCT-0582;V1-FCT-0583;V1-REL-0165,SRC-0188;SRC-0189,yes,high,by field default:引导问题阐释框架,USER_REVIEW_BATCH,USER_REVIEW_HIGH_JUDGMENT,STILL_VALID,candidate remains useful after current-main rebase
V1-ENT-0240,work,location_note,user_review,TEMPLATE_REWRITE_REQUIRED,V1-REL-0173,SRC-0188,yes,low,"模板句标记:本批,不把",REWRITE_PIPELINE,USER_REVIEW_HIGH_JUDGMENT,STILL_VALID,candidate remains useful after current-main rebase
V1-ENT-0240,work,next_reads,user_review,TEMPLATE_REWRITE_REQUIRED,V1-FCT-0581;V1-FCT-0582;V1-FCT-0583;V1-REL-0165,SRC-0188;SRC-0189,yes,high,模板/书目转写:继续到,REWRITE_PIPELINE,USER_REVIEW_HIGH_JUDGMENT,STILL_VALID,candidate remains useful after current-main rebase
V1-ENT-0240,work,reading_approach,user_review,TEMPLATE_REWRITE_REQUIRED,V1-FCT-0581;V1-FCT-0582;V1-FCT-0583;V1-REL-0165,SRC-0188;SRC-0189,yes,high,"模板/书目转写:书目位置,先核对",REWRITE_PIPELINE,USER_REVIEW_HIGH_JUDGMENT,STILL_VALID,candidate remains useful after current-main rebase
V1-ENT-0240,work,story_intro,user_review,TEMPLATE_REWRITE_REQUIRED,V1-FCT-0581;V1-FCT-0582;V1-FCT-0583;V1-REL-0165,SRC-0188;SRC-0189,yes,low,"模板/书目转写:本卡,书目节点",REWRITE_PIPELINE,USER_REVIEW_HIGH_JUDGMENT,STILL_VALID,candidate remains useful after current-main rebase
V1-ENT-0240,work,theme_explanations,user_review,TEMPLATE_REWRITE_REQUIRED,V1-FCT-0581;V1-FCT-0582;V1-FCT-0583;V1-REL-0165,SRC-0188;SRC-0189,yes,high,模板/书目转写:书目式标签,REWRITE_PIPELINE,USER_REVIEW_HIGH_JUDGMENT,STILL_VALID,candidate remains useful after current-main rebase
V1-ENT-0240,work,why_read,user_review,TEMPLATE_REWRITE_REQUIRED,V1-FCT-0581;V1-FCT-0582;V1-FCT-0583;V1-REL-0165,SRC-0188;SRC-0189,yes,high,模板句标记:不把,REWRITE_PIPELINE,USER_REVIEW_HIGH_JUDGMENT,STILL_VALID,candidate remains useful after current-main rebase
V1-ENT-0241,work,guiding_question,user_review,TEMPLATE_REWRITE_REQUIRED,V1-FCT-0584;V1-FCT-0585;V1-FCT-0586;V1-REL-0166,SRC-0189;SRC-0190,yes,high,模板/书目转写:书目转写句式,REWRITE_PIPELINE,USER_REVIEW_HIGH_JUDGMENT,STILL_VALID,candidate remains useful after current-main rebase
V1-ENT-0241,work,location_note,user_review,TEMPLATE_REWRITE_REQUIRED,V1-REL-0173,SRC-0188,yes,low,模板句标记:本批,REWRITE_PIPELINE,USER_REVIEW_HIGH_JUDGMENT,STILL_VALID,candidate remains useful after current-main rebase
V1-ENT-0241,work,next_reads,user_review,HIGH_JUDGMENT_USER_REQUIRED,V1-FCT-0584;V1-FCT-0585;V1-FCT-0586;V1-REL-0166,SRC-0189;SRC-0190,yes,high,by field default:延伸阅读推荐,USER_REVIEW_BATCH,USER_REVIEW_HIGH_JUDGMENT,STILL_VALID,candidate remains useful after current-main rebase
V1-ENT-0241,work,reading_approach,user_review,TEMPLATE_REWRITE_REQUIRED,V1-FCT-0584;V1-FCT-0585;V1-FCT-0586;V1-REL-0166,SRC-0189;SRC-0190,yes,high,模板/书目转写:先记录,REWRITE_PIPELINE,USER_REVIEW_HIGH_JUDGMENT,STILL_VALID,candidate remains useful after current-main rebase
V1-ENT-0241,work,story_intro,user_review,TEMPLATE_REWRITE_REQUIRED,V1-FCT-0584;V1-FCT-0585;V1-FCT-0586;V1-REL-0166,SRC-0189;SRC-0190,yes,low,模板/书目转写:本卡,REWRITE_PIPELINE,USER_REVIEW_HIGH_JUDGMENT,STILL_VALID,candidate remains useful after current-main rebase
V1-ENT-0241,work,theme_explanations,user_review,TEMPLATE_REWRITE_REQUIRED,V1-FCT-0584;V1-FCT-0585;V1-FCT-0586;V1-REL-0166,SRC-0189;SRC-0190,yes,high,模板/书目转写:书目式标签,REWRITE_PIPELINE,USER_REVIEW_HIGH_JUDGMENT,STILL_VALID,candidate remains useful after current-main rebase
V1-ENT-0241,work,why_read,user_review,TEMPLATE_REWRITE_REQUIRED,V1-FCT-0584;V1-FCT-0585;V1-FCT-0586;V1-REL-0166,SRC-0189;SRC-0190,yes,high,模板/书目转写:书目转写句式,REWRITE_PIPELINE,USER_REVIEW_HIGH_JUDGMENT,STILL_VALID,candidate remains useful after current-main rebase
V1-ENT-0242,work,guiding_question,user_review,TEMPLATE_REWRITE_REQUIRED,V1-FCT-0587;V1-FCT-0588;V1-FCT-0589;V1-REL-0167,SRC-0192;SRC-0193,yes,high,模板/书目转写:书目位置,REWRITE_PIPELINE,USER_REVIEW_HIGH_JUDGMENT,STILL_VALID,candidate remains useful after current-main rebase
V1-ENT-0242,work,location_note,user_review,TEMPLATE_REWRITE_REQUIRED,V1-REL-0174,SRC-0191,yes,low,"模板/书目转写:研究层,补造",REWRITE_PIPELINE,USER_REVIEW_HIGH_JUDGMENT,STILL_VALID,candidate remains useful after current-main rebase
V1-ENT-0242,work,next_reads,user_review,TEMPLATE_REWRITE_REQUIRED,V1-FCT-0587;V1-FCT-0588;V1-FCT-0589;V1-REL-0167,SRC-0192;SRC-0193,yes,high,模板/书目转写:继续到,REWRITE_PIPELINE,USER_REVIEW_HIGH_JUDGMENT,STILL_VALID,candidate remains useful after current-main rebase
V1-ENT-0242,work,reading_approach,user_review,TEMPLATE_REWRITE_REQUIRED,V1-FCT-0587;V1-FCT-0588;V1-FCT-0589;V1-REL-0167,SRC-0192;SRC-0193,yes,high,"模板/书目转写:书目位置,先记录",REWRITE_PIPELINE,USER_REVIEW_HIGH_JUDGMENT,STILL_VALID,candidate remains useful after current-main rebase
V1-ENT-0242,work,story_intro,user_review,TEMPLATE_REWRITE_REQUIRED,V1-FCT-0587;V1-FCT-0588;V1-FCT-0589;V1-REL-0167,SRC-0192;SRC-0193,yes,low,模板/书目转写:书目转写句式,REWRITE_PIPELINE,USER_REVIEW_HIGH_JUDGMENT,STILL_VALID,candidate remains useful after current-main rebase
V1-ENT-0242,work,theme_explanations,user_review,TEMPLATE_REWRITE_REQUIRED,V1-FCT-0587;V1-FCT-0588;V1-FCT-0589;V1-REL-0167,SRC-0192;SRC-0193,yes,high,模板/书目转写:书目式标签,REWRITE_PIPELINE,USER_REVIEW_HIGH_JUDGMENT,STILL_VALID,candidate remains useful after current-main rebase
V1-ENT-0242,work,why_read,user_review,TEMPLATE_REWRITE_REQUIRED,V1-FCT-0587;V1-FCT-0588;V1-FCT-0589;V1-REL-0167,SRC-0192;SRC-0193,yes,high,模板/书目转写:书目转写句式,REWRITE_PIPELINE,USER_REVIEW_HIGH_JUDGMENT,STILL_VALID,candidate remains useful after current-main rebase
V1-ENT-0243,work,guiding_question,user_review,HIGH_JUDGMENT_USER_REQUIRED,V1-FCT-0590;V1-FCT-0591;V1-FCT-0592;V1-REL-0168,SRC-0192;SRC-0193,yes,high,by field default:引导问题阐释框架,USER_REVIEW_BATCH,USER_REVIEW_HIGH_JUDGMENT,STILL_VALID,candidate remains useful after current-main rebase
V1-ENT-0243,work,location_note,user_review,TEMPLATE_REWRITE_REQUIRED,V1-REL-0174,SRC-0191,yes,low,模板句标记:不把,REWRITE_PIPELINE,USER_REVIEW_HIGH_JUDGMENT,STILL_VALID,candidate remains useful after current-main rebase
V1-ENT-0243,work,next_reads,user_review,TEMPLATE_REWRITE_REQUIRED,V1-FCT-0590;V1-FCT-0591;V1-FCT-0592;V1-REL-0168,SRC-0192;SRC-0193,yes,high,模板/书目转写:继续到,REWRITE_PIPELINE,USER_REVIEW_HIGH_JUDGMENT,STILL_VALID,candidate remains useful after current-main rebase
V1-ENT-0243,work,reading_approach,user_review,HIGH_JUDGMENT_USER_REQUIRED,V1-FCT-0590;V1-FCT-0591;V1-FCT-0592;V1-REL-0168,SRC-0192;SRC-0193,yes,high,by field default:阅读方法推荐,USER_REVIEW_BATCH,USER_REVIEW_HIGH_JUDGMENT,STILL_VALID,candidate remains useful after current-main rebase
V1-ENT-0243,work,story_intro,user_review,TEMPLATE_REWRITE_REQUIRED,V1-FCT-0590;V1-FCT-0591;V1-FCT-0592;V1-REL-0168,SRC-0192;SRC-0193,yes,low,模板/书目转写:书目转写句式,REWRITE_PIPELINE,USER_REVIEW_HIGH_JUDGMENT,STILL_VALID,candidate remains useful after current-main rebase
V1-ENT-0243,work,theme_explanations,user_review,TEMPLATE_REWRITE_REQUIRED,V1-FCT-0590;V1-FCT-0591;V1-FCT-0592;V1-REL-0168,SRC-0192;SRC-0193,yes,high,模板/书目转写:书目式标签,REWRITE_PIPELINE,USER_REVIEW_HIGH_JUDGMENT,STILL_VALID,candidate remains useful after current-main rebase
V1-ENT-0243,work,why_read,user_review,TEMPLATE_REWRITE_REQUIRED,V1-FCT-0590;V1-FCT-0591;V1-FCT-0592;V1-REL-0168,SRC-0192;SRC-0193,yes,high,"模板/书目转写:书目节点,保留为",REWRITE_PIPELINE,USER_REVIEW_HIGH_JUDGMENT,STILL_VALID,candidate remains useful after current-main rebase
V1-ENT-0244,work,guiding_question,user_review,TEMPLATE_REWRITE_REQUIRED,V1-FCT-0593;V1-FCT-0594;V1-FCT-0595;V1-REL-0169,SRC-0192;SRC-0193,yes,high,模板/书目转写:书目转写句式,REWRITE_PIPELINE,USER_REVIEW_HIGH_JUDGMENT,STILL_VALID,candidate remains useful after current-main rebase
V1-ENT-0244,work,location_note,user_review,TEMPLATE_REWRITE_REQUIRED,V1-REL-0174,SRC-0191,yes,low,模板/书目转写:研究层,REWRITE_PIPELINE,USER_REVIEW_HIGH_JUDGMENT,STILL_VALID,candidate remains useful after current-main rebase
V1-ENT-0244,work,next_reads,user_review,HIGH_JUDGMENT_USER_REQUIRED,V1-FCT-0593;V1-FCT-0594;V1-FCT-0595;V1-REL-0169,SRC-0192;SRC-0193,yes,high,by field default:延伸阅读推荐,USER_REVIEW_BATCH,USER_REVIEW_HIGH_JUDGMENT,STILL_VALID,candidate remains useful after current-main rebase
V1-ENT-0244,work,reading_approach,user_review,TEMPLATE_REWRITE_REQUIRED,V1-FCT-0593;V1-FCT-0594;V1-FCT-0595;V1-REL-0169,SRC-0192;SRC-0193,yes,high,模板/书目转写:先记录,REWRITE_PIPELINE,USER_REVIEW_HIGH_JUDGMENT,STILL_VALID,candidate remains useful after current-main rebase
V1-ENT-0244,work,story_intro,user_review,TEMPLATE_REWRITE_REQUIRED,V1-FCT-0593;V1-FCT-0594;V1-FCT-0595;V1-REL-0169,SRC-0192;SRC-0193,yes,low,模板/书目转写:书目转写句式,REWRITE_PIPELINE,USER_REVIEW_HIGH_JUDGMENT,STILL_VALID,candidate remains useful after current-main rebase
V1-ENT-0244,work,theme_explanations,user_review,TEMPLATE_REWRITE_REQUIRED,V1-FCT-0593;V1-FCT-0594;V1-FCT-0595;V1-REL-0169,SRC-0192;SRC-0193,yes,high,模板/书目转写:书目式标签,REWRITE_PIPELINE,USER_REVIEW_HIGH_JUDGMENT,STILL_VALID,candidate remains useful after current-main rebase
V1-ENT-0244,work,why_read,user_review,TEMPLATE_REWRITE_REQUIRED,V1-FCT-0593;V1-FCT-0594;V1-FCT-0595;V1-REL-0169,SRC-0192;SRC-0193,yes,high,模板/书目转写:先核对,REWRITE_PIPELINE,USER_REVIEW_HIGH_JUDGMENT,STILL_VALID,candidate remains useful after current-main rebase
V1-ENT-0245,work,guiding_question,user_review,HIGH_JUDGMENT_USER_REQUIRED,V1-FCT-0596;V1-FCT-0597;V1-FCT-0598;V1-REL-0170,SRC-0195,yes,high,by field default:引导问题阐释框架,USER_REVIEW_BATCH,USER_REVIEW_HIGH_JUDGMENT,STILL_VALID,candidate remains useful after current-main rebase
V1-ENT-0245,work,location_note,user_review,TEMPLATE_REWRITE_REQUIRED,V1-REL-0175,SRC-0194,yes,low,模板句标记:不把,REWRITE_PIPELINE,USER_REVIEW_HIGH_JUDGMENT,STILL_VALID,candidate remains useful after current-main rebase
V1-ENT-0245,work,next_reads,user_review,HIGH_JUDGMENT_USER_REQUIRED,V1-FCT-0596;V1-FCT-0597;V1-FCT-0598;V1-REL-0170,SRC-0195,yes,high,by field default:延伸阅读推荐,USER_REVIEW_BATCH,USER_REVIEW_HIGH_JUDGMENT,STILL_VALID,candidate remains useful after current-main rebase
V1-ENT-0245,work,reading_approach,user_review,TEMPLATE_REWRITE_REQUIRED,V1-FCT-0596;V1-FCT-0597;V1-FCT-0598;V1-REL-0170,SRC-0195,yes,high,模板/书目转写:先核对,REWRITE_PIPELINE,USER_REVIEW_HIGH_JUDGMENT,STILL_VALID,candidate remains useful after current-main rebase
V1-ENT-0245,work,story_intro,user_review,TEMPLATE_REWRITE_REQUIRED,V1-FCT-0596;V1-FCT-0597;V1-FCT-0598;V1-REL-0170,SRC-0195,yes,low,模板/书目转写:书目转写句式,REWRITE_PIPELINE,USER_REVIEW_HIGH_JUDGMENT,STILL_VALID,candidate remains useful after current-main rebase
V1-ENT-0245,work,theme_explanations,user_review,TEMPLATE_REWRITE_REQUIRED,V1-FCT-0596;V1-FCT-0597;V1-FCT-0598;V1-REL-0170,SRC-0195,yes,high,模板/书目转写:书目式标签,REWRITE_PIPELINE,USER_REVIEW_HIGH_JUDGMENT,STILL_VALID,candidate remains useful after current-main rebase
V1-ENT-0245,work,why_read,user_review,TEMPLATE_REWRITE_REQUIRED,V1-FCT-0596;V1-FCT-0597;V1-FCT-0598;V1-REL-0170,SRC-0195,yes,high,模板/书目转写:书目转写句式,REWRITE_PIPELINE,USER_REVIEW_HIGH_JUDGMENT,STILL_VALID,candidate remains useful after current-main rebase
V1-ENT-0246,work,guiding_question,user_review,TEMPLATE_REWRITE_REQUIRED,V1-FCT-0599;V1-FCT-0600;V1-FCT-0601;V1-REL-0171,SRC-0195,yes,high,模板/书目转写:出版节点,REWRITE_PIPELINE,USER_REVIEW_HIGH_JUDGMENT,STILL_VALID,candidate remains useful after current-main rebase
V1-ENT-0246,work,location_note,user_review,TEMPLATE_REWRITE_REQUIRED,V1-REL-0175,SRC-0194,yes,low,模板句标记:本批,REWRITE_PIPELINE,USER_REVIEW_HIGH_JUDGMENT,STILL_VALID,candidate remains useful after current-main rebase
V1-ENT-0246,work,next_reads,user_review,HIGH_JUDGMENT_USER_REQUIRED,V1-FCT-0599;V1-FCT-0600;V1-FCT-0601;V1-REL-0171,SRC-0195,yes,high,by field default:延伸阅读推荐,USER_REVIEW_BATCH,USER_REVIEW_HIGH_JUDGMENT,STILL_VALID,candidate remains useful after current-main rebase
V1-ENT-0246,work,reading_approach,user_review,TEMPLATE_REWRITE_REQUIRED,V1-FCT-0599;V1-FCT-0600;V1-FCT-0601;V1-REL-0171,SRC-0195,yes,high,模板/书目转写:先记录,REWRITE_PIPELINE,USER_REVIEW_HIGH_JUDGMENT,STILL_VALID,candidate remains useful after current-main rebase
V1-ENT-0246,work,story_intro,user_review,TEMPLATE_REWRITE_REQUIRED,V1-FCT-0599;V1-FCT-0600;V1-FCT-0601;V1-REL-0171,SRC-0195,yes,low,模板/书目转写:印行,REWRITE_PIPELINE,USER_REVIEW_HIGH_JUDGMENT,STILL_VALID,candidate remains useful after current-main rebase
V1-ENT-0246,work,theme_explanations,user_review,TEMPLATE_REWRITE_REQUIRED,V1-FCT-0599;V1-FCT-0600;V1-FCT-0601;V1-REL-0171,SRC-0195,yes,high,模板/书目转写:书目式标签,REWRITE_PIPELINE,USER_REVIEW_HIGH_JUDGMENT,STILL_VALID,candidate remains useful after current-main rebase
V1-ENT-0246,work,why_read,user_review,HIGH_JUDGMENT_USER_REQUIRED,V1-FCT-0599;V1-FCT-0600;V1-FCT-0601;V1-REL-0171,SRC-0195,yes,high,by field default:阅读价值判断,USER_REVIEW_BATCH,USER_REVIEW_HIGH_JUDGMENT,STILL_VALID,candidate remains useful after current-main rebase
V1-ENT-0247,work,guiding_question,user_review,HIGH_JUDGMENT_USER_REQUIRED,V1-FCT-0602;V1-FCT-0603;V1-FCT-0604;V1-REL-0172,SRC-0195;SRC-0196,yes,high,by field default:引导问题阐释框架,USER_REVIEW_BATCH,USER_REVIEW_HIGH_JUDGMENT,STILL_VALID,candidate remains useful after current-main rebase
V1-ENT-0247,work,location_note,user_review,TEMPLATE_REWRITE_REQUIRED,V1-REL-0175,SRC-0194,yes,low,模板句标记:不把,REWRITE_PIPELINE,USER_REVIEW_HIGH_JUDGMENT,STILL_VALID,candidate remains useful after current-main rebase
V1-ENT-0247,work,next_reads,user_review,TEMPLATE_REWRITE_REQUIRED,V1-FCT-0602;V1-FCT-0603;V1-FCT-0604;V1-REL-0172,SRC-0195;SRC-0196,yes,high,模板/书目转写:继续到,REWRITE_PIPELINE,USER_REVIEW_HIGH_JUDGMENT,STILL_VALID,candidate remains useful after current-main rebase
V1-ENT-0247,work,reading_approach,user_review,TEMPLATE_REWRITE_REQUIRED,V1-FCT-0602;V1-FCT-0603;V1-FCT-0604;V1-REL-0172,SRC-0195;SRC-0196,yes,high,模板/书目转写:先核对,REWRITE_PIPELINE,USER_REVIEW_HIGH_JUDGMENT,STILL_VALID,candidate remains useful after current-main rebase
V1-ENT-0247,work,story_intro,user_review,TEMPLATE_REWRITE_REQUIRED,V1-FCT-0602;V1-FCT-0603;V1-FCT-0604;V1-REL-0172,SRC-0195;SRC-0196,yes,low,模板/书目转写:书目转写句式,REWRITE_PIPELINE,USER_REVIEW_HIGH_JUDGMENT,STILL_VALID,candidate remains useful after current-main rebase
V1-ENT-0247,work,theme_explanations,user_review,TEMPLATE_REWRITE_REQUIRED,V1-FCT-0602;V1-FCT-0603;V1-FCT-0604;V1-REL-0172,SRC-0195;SRC-0196,yes,high,模板/书目转写:书目入口,REWRITE_PIPELINE,USER_REVIEW_HIGH_JUDGMENT,STILL_VALID,candidate remains useful after current-main rebase
V1-ENT-0247,work,why_read,user_review,TEMPLATE_REWRITE_REQUIRED,V1-FCT-0602;V1-FCT-0603;V1-FCT-0604;V1-REL-0172,SRC-0195;SRC-0196,yes,high,模板/书目转写:书目位置,REWRITE_PIPELINE,USER_REVIEW_HIGH_JUDGMENT,STILL_VALID,candidate remains useful after current-main rebase
V1-ENT-0251,work,guiding_question,user_review,TEMPLATE_REWRITE_REQUIRED,V1-FCT-0620;V1-FCT-0621;V1-FCT-0622;V1-REL-0176,SRC-0198,yes,high,模板/书目转写:书目位置,REWRITE_PIPELINE,USER_REVIEW_HIGH_JUDGMENT,STILL_VALID,candidate remains useful after current-main rebase
V1-ENT-0251,work,location_note,user_review,TEMPLATE_REWRITE_REQUIRED,V1-REL-0176,SRC-0197,yes,low,模板句标记:本批,REWRITE_PIPELINE,USER_REVIEW_HIGH_JUDGMENT,STILL_VALID,candidate remains useful after current-main rebase
V1-ENT-0251,work,next_reads,user_review,TEMPLATE_REWRITE_REQUIRED,V1-FCT-0620;V1-FCT-0621;V1-FCT-0622;V1-REL-0176,SRC-0198,yes,high,模板/书目转写:继续到,REWRITE_PIPELINE,USER_REVIEW_HIGH_JUDGMENT,STILL_VALID,candidate remains useful after current-main rebase
V1-ENT-0251,work,reading_approach,user_review,TEMPLATE_REWRITE_REQUIRED,V1-FCT-0620;V1-FCT-0621;V1-FCT-0622;V1-REL-0176,SRC-0198,yes,high,模板/书目转写:先记录,REWRITE_PIPELINE,USER_REVIEW_HIGH_JUDGMENT,STILL_VALID,candidate remains useful after current-main rebase
V1-ENT-0251,work,story_intro,user_review,TEMPLATE_REWRITE_REQUIRED,V1-FCT-0620;V1-FCT-0621;V1-FCT-0622;V1-REL-0176,SRC-0198,yes,low,模板/书目转写:书目入口,REWRITE_PIPELINE,USER_REVIEW_HIGH_JUDGMENT,STILL_VALID,candidate remains useful after current-main rebase
V1-ENT-0251,work,theme_explanations,user_review,TEMPLATE_REWRITE_REQUIRED,V1-FCT-0620;V1-FCT-0621;V1-FCT-0622;V1-REL-0176,SRC-0198,yes,high,模板/书目转写:书目入口,REWRITE_PIPELINE,USER_REVIEW_HIGH_JUDGMENT,STILL_VALID,candidate remains useful after current-main rebase
V1-ENT-0251,work,why_read,user_review,TEMPLATE_REWRITE_REQUIRED,V1-FCT-0620;V1-FCT-0621;V1-FCT-0622;V1-REL-0176,SRC-0198,yes,high,模板/书目转写:先核对,REWRITE_PIPELINE,USER_REVIEW_HIGH_JUDGMENT,STILL_VALID,candidate remains useful after current-main rebase
V1-ENT-0252,work,guiding_question,user_review,TEMPLATE_REWRITE_REQUIRED,V1-FCT-0623;V1-FCT-0624;V1-FCT-0625;V1-REL-0177,SRC-0198;SRC-0199,yes,high,模板/书目转写:出版节点,REWRITE_PIPELINE,USER_REVIEW_HIGH_JUDGMENT,STILL_VALID,candidate remains useful after current-main rebase
V1-ENT-0252,work,location_note,user_review,TEMPLATE_REWRITE_REQUIRED,V1-REL-0177,SRC-0199,yes,low,模板句标记:本批,REWRITE_PIPELINE,USER_REVIEW_HIGH_JUDGMENT,STILL_VALID,candidate remains useful after current-main rebase
V1-ENT-0252,work,next_reads,user_review,TEMPLATE_REWRITE_REQUIRED,V1-FCT-0623;V1-FCT-0624;V1-FCT-0625;V1-REL-0177,SRC-0198;SRC-0199,yes,high,模板/书目转写:继续到,REWRITE_PIPELINE,USER_REVIEW_HIGH_JUDGMENT,STILL_VALID,candidate remains useful after current-main rebase
V1-ENT-0252,work,reading_approach,user_review,TEMPLATE_REWRITE_REQUIRED,V1-FCT-0623;V1-FCT-0624;V1-FCT-0625;V1-REL-0177,SRC-0198;SRC-0199,yes,high,模板/书目转写:先核对,REWRITE_PIPELINE,USER_REVIEW_HIGH_JUDGMENT,STILL_VALID,candidate remains useful after current-main rebase
V1-ENT-0252,work,story_intro,user_review,TEMPLATE_REWRITE_REQUIRED,V1-FCT-0623;V1-FCT-0624;V1-FCT-0625;V1-REL-0177,SRC-0198;SRC-0199,yes,low,模板/书目转写:书目转写句式,REWRITE_PIPELINE,USER_REVIEW_HIGH_JUDGMENT,STILL_VALID,candidate remains useful after current-main rebase
V1-ENT-0252,work,theme_explanations,user_review,TEMPLATE_REWRITE_REQUIRED,V1-FCT-0623;V1-FCT-0624;V1-FCT-0625;V1-REL-0177,SRC-0199,yes,high,模板/书目转写:书目式标签,REWRITE_PIPELINE,USER_REVIEW_HIGH_JUDGMENT,STILL_VALID,candidate remains useful after current-main rebase
V1-ENT-0252,work,why_read,user_review,HIGH_JUDGMENT_USER_REQUIRED,V1-FCT-0623;V1-FCT-0624;V1-FCT-0625;V1-REL-0177,SRC-0198;SRC-0199,yes,high,by field default:阅读价值判断,USER_REVIEW_BATCH,USER_REVIEW_HIGH_JUDGMENT,STILL_VALID,candidate remains useful after current-main rebase
V1-ENT-0253,work,guiding_question,user_review,HIGH_JUDGMENT_USER_REQUIRED,V1-FCT-0626;V1-FCT-0627;V1-FCT-0628;V1-REL-0178,SRC-0198,yes,high,by field default:引导问题阐释框架,USER_REVIEW_BATCH,USER_REVIEW_HIGH_JUDGMENT,STILL_VALID,candidate remains useful after current-main rebase
V1-ENT-0253,work,location_note,user_review,TEMPLATE_REWRITE_REQUIRED,V1-REL-0178,SRC-0197,yes,low,"模板句标记:本批,不把",REWRITE_PIPELINE,USER_REVIEW_HIGH_JUDGMENT,STILL_VALID,candidate remains useful after current-main rebase
V1-ENT-0253,work,next_reads,user_review,TEMPLATE_REWRITE_REQUIRED,V1-FCT-0626;V1-FCT-0627;V1-FCT-0628;V1-REL-0178,SRC-0198,yes,high,模板/书目转写:继续到,REWRITE_PIPELINE,USER_REVIEW_HIGH_JUDGMENT,STILL_VALID,candidate remains useful after current-main rebase
V1-ENT-0253,work,reading_approach,user_review,TEMPLATE_REWRITE_REQUIRED,V1-FCT-0626;V1-FCT-0627;V1-FCT-0628;V1-REL-0178,SRC-0198,yes,high,模板/书目转写:书目定位,REWRITE_PIPELINE,USER_REVIEW_HIGH_JUDGMENT,STILL_VALID,candidate remains useful after current-main rebase
V1-ENT-0253,work,story_intro,user_review,TEMPLATE_REWRITE_REQUIRED,V1-FCT-0626;V1-FCT-0627;V1-FCT-0628;V1-REL-0178,SRC-0198,yes,low,模板/书目转写:书目节点,REWRITE_PIPELINE,USER_REVIEW_HIGH_JUDGMENT,STILL_VALID,candidate remains useful after current-main rebase
V1-ENT-0253,work,theme_explanations,user_review,TEMPLATE_REWRITE_REQUIRED,V1-FCT-0626;V1-FCT-0627;V1-FCT-0628;V1-REL-0178,SRC-0198,yes,high,模板/书目转写:出版序列,REWRITE_PIPELINE,USER_REVIEW_HIGH_JUDGMENT,STILL_VALID,candidate remains useful after current-main rebase
V1-ENT-0253,work,why_read,user_review,TEMPLATE_REWRITE_REQUIRED,V1-FCT-0626;V1-FCT-0627;V1-FCT-0628;V1-REL-0178,SRC-0198,yes,high,模板句标记:不把,REWRITE_PIPELINE,USER_REVIEW_HIGH_JUDGMENT,STILL_VALID,candidate remains useful after current-main rebase
V1-ENT-0254,work,guiding_question,user_review,HIGH_JUDGMENT_USER_REQUIRED,V1-FCT-0629;V1-FCT-0630;V1-FCT-0631;V1-REL-0179,SRC-0200;SRC-0201,yes,high,by field default:引导问题阐释框架,USER_REVIEW_BATCH,USER_REVIEW_HIGH_JUDGMENT,STILL_VALID,candidate remains useful after current-main rebase
V1-ENT-0254,work,location_note,user_review,TEMPLATE_REWRITE_REQUIRED,V1-REL-0179,SRC-0200,yes,low,模板句标记:本批,REWRITE_PIPELINE,USER_REVIEW_HIGH_JUDGMENT,STILL_VALID,candidate remains useful after current-main rebase
V1-ENT-0254,work,next_reads,user_review,TEMPLATE_REWRITE_REQUIRED,V1-FCT-0629;V1-FCT-0630;V1-FCT-0631;V1-REL-0179,SRC-0200;SRC-0201,yes,high,模板/书目转写:继续到,REWRITE_PIPELINE,USER_REVIEW_HIGH_JUDGMENT,STILL_VALID,candidate remains useful after current-main rebase
V1-ENT-0254,work,reading_approach,user_review,TEMPLATE_REWRITE_REQUIRED,V1-FCT-0629;V1-FCT-0630;V1-FCT-0631;V1-REL-0179,SRC-0200;SRC-0201,yes,high,模板/书目转写:先记录,REWRITE_PIPELINE,USER_REVIEW_HIGH_JUDGMENT,STILL_VALID,candidate remains useful after current-main rebase
V1-ENT-0254,work,story_intro,user_review,LOW_JUDGMENT_EVIDENCE_SUFFICIENT,V1-FCT-0629;V1-FCT-0630;V1-FCT-0631;V1-REL-0179,SRC-0200;SRC-0201,yes,low,保守事实介绍,USER_REVIEW_BATCH,USER_REVIEW_HIGH_JUDGMENT,CONFLICT_WITH_WCD04_ROUTING,page-level route identifies bibliographic copy; rewrite required
V1-ENT-0254,work,theme_explanations,user_review,TEMPLATE_REWRITE_REQUIRED,V1-FCT-0629;V1-FCT-0630;V1-FCT-0631;V1-REL-0179,SRC-0200;SRC-0201,yes,high,模板/书目转写:书目式标签,REWRITE_PIPELINE,USER_REVIEW_HIGH_JUDGMENT,STILL_VALID,candidate remains useful after current-main rebase
V1-ENT-0254,work,why_read,user_review,TEMPLATE_REWRITE_REQUIRED,V1-FCT-0629;V1-FCT-0630;V1-FCT-0631;V1-REL-0179,SRC-0200;SRC-0201,yes,high,模板/书目转写:先核对,REWRITE_PIPELINE,USER_REVIEW_HIGH_JUDGMENT,STILL_VALID,candidate remains useful after current-main rebase
V1-ENT-0255,work,guiding_question,user_review,HIGH_JUDGMENT_USER_REQUIRED,V1-FCT-0632;V1-FCT-0633;V1-FCT-0634;V1-REL-0180,SRC-0200;SRC-0201,yes,high,by field default:引导问题阐释框架,USER_REVIEW_BATCH,USER_REVIEW_HIGH_JUDGMENT,STILL_VALID,candidate remains useful after current-main rebase
V1-ENT-0255,work,location_note,user_review,TEMPLATE_REWRITE_REQUIRED,V1-REL-0180,SRC-0200,yes,low,模板句标记:本批,REWRITE_PIPELINE,USER_REVIEW_HIGH_JUDGMENT,STILL_VALID,candidate remains useful after current-main rebase
V1-ENT-0255,work,next_reads,user_review,TEMPLATE_REWRITE_REQUIRED,V1-FCT-0632;V1-FCT-0633;V1-FCT-0634;V1-REL-0180,SRC-0200;SRC-0201,yes,high,模板/书目转写:继续到,REWRITE_PIPELINE,USER_REVIEW_HIGH_JUDGMENT,STILL_VALID,candidate remains useful after current-main rebase
V1-ENT-0255,work,reading_approach,user_review,TEMPLATE_REWRITE_REQUIRED,V1-FCT-0632;V1-FCT-0633;V1-FCT-0634;V1-REL-0180,SRC-0200;SRC-0201,yes,high,模板/书目转写:先核对,REWRITE_PIPELINE,USER_REVIEW_HIGH_JUDGMENT,STILL_VALID,candidate remains useful after current-main rebase
V1-ENT-0255,work,story_intro,user_review,LOW_JUDGMENT_EVIDENCE_SUFFICIENT,V1-FCT-0632;V1-FCT-0633;V1-FCT-0634;V1-REL-0180,SRC-0200;SRC-0201,yes,low,保守事实介绍,USER_REVIEW_BATCH,USER_REVIEW_HIGH_JUDGMENT,CONFLICT_WITH_WCD04_ROUTING,page-level route identifies bibliographic copy; rewrite required
V1-ENT-0255,work,theme_explanations,user_review,HIGH_JUDGMENT_USER_REQUIRED,V1-FCT-0632;V1-FCT-0633;V1-FCT-0634;V1-REL-0180,SRC-0200;SRC-0201,yes,high,by field default:主题解释判断,USER_REVIEW_BATCH,USER_REVIEW_HIGH_JUDGMENT,STILL_VALID,candidate remains useful after current-main rebase
V1-ENT-0255,work,why_read,user_review,TEMPLATE_REWRITE_REQUIRED,V1-FCT-0632;V1-FCT-0633;V1-FCT-0634;V1-REL-0180,SRC-0200;SRC-0201,yes,high,"模板/书目转写:书目位置,先确认",REWRITE_PIPELINE,USER_REVIEW_HIGH_JUDGMENT,STILL_VALID,candidate remains useful after current-main rebase
V1-ENT-0256,work,guiding_question,user_review,HIGH_JUDGMENT_USER_REQUIRED,V1-FCT-0635;V1-FCT-0636;V1-FCT-0637;V1-REL-0181,SRC-0200;SRC-0201,yes,high,by field default:引导问题阐释框架,USER_REVIEW_BATCH,USER_REVIEW_HIGH_JUDGMENT,STILL_VALID,candidate remains useful after current-main rebase
V1-ENT-0256,work,location_note,user_review,TEMPLATE_REWRITE_REQUIRED,V1-REL-0181,SRC-0200,yes,low,模板/书目转写:研究层,REWRITE_PIPELINE,USER_REVIEW_HIGH_JUDGMENT,STILL_VALID,candidate remains useful after current-main rebase
V1-ENT-0256,work,next_reads,user_review,HIGH_JUDGMENT_USER_REQUIRED,V1-FCT-0635;V1-FCT-0636;V1-FCT-0637;V1-REL-0181,SRC-0200;SRC-0201,yes,high,by field default:延伸阅读推荐,USER_REVIEW_BATCH,USER_REVIEW_HIGH_JUDGMENT,STILL_VALID,candidate remains useful after current-main rebase
V1-ENT-0256,work,reading_approach,user_review,TEMPLATE_REWRITE_REQUIRED,V1-FCT-0635;V1-FCT-0636;V1-FCT-0637;V1-REL-0181,SRC-0200;SRC-0201,yes,high,"模板/书目转写:书目位置,先记录",REWRITE_PIPELINE,USER_REVIEW_HIGH_JUDGMENT,STILL_VALID,candidate remains useful after current-main rebase
V1-ENT-0256,work,story_intro,user_review,LOW_JUDGMENT_EVIDENCE_SUFFICIENT,V1-FCT-0635;V1-FCT-0636;V1-FCT-0637;V1-REL-0181,SRC-0200;SRC-0201,yes,low,保守事实介绍,USER_REVIEW_BATCH,USER_REVIEW_HIGH_JUDGMENT,CONFLICT_WITH_WCD04_ROUTING,page-level route identifies bibliographic copy; rewrite required
V1-ENT-0256,work,theme_explanations,user_review,TEMPLATE_REWRITE_REQUIRED,V1-FCT-0635;V1-FCT-0636;V1-FCT-0637;V1-REL-0181,SRC-0200;SRC-0201,yes,high,模板/书目转写:书目式标签,REWRITE_PIPELINE,USER_REVIEW_HIGH_JUDGMENT,STILL_VALID,candidate remains useful after current-main rebase
V1-ENT-0256,work,why_read,user_review,TEMPLATE_REWRITE_REQUIRED,V1-FCT-0635;V1-FCT-0636;V1-FCT-0637;V1-REL-0181,SRC-0200;SRC-0201,yes,high,模板句标记:不把,REWRITE_PIPELINE,USER_REVIEW_HIGH_JUDGMENT,STILL_VALID,candidate remains useful after current-main rebase
V1-ENT-0257,work,guiding_question,user_review,HIGH_JUDGMENT_USER_REQUIRED,V1-FCT-0638;V1-FCT-0639;V1-FCT-0640;V1-REL-0182,SRC-0202;SRC-0203,yes,high,by field default:引导问题阐释框架,USER_REVIEW_BATCH,USER_REVIEW_HIGH_JUDGMENT,STILL_VALID,candidate remains useful after current-main rebase
V1-ENT-0257,work,location_note,user_review,TEMPLATE_REWRITE_REQUIRED,V1-REL-0182,SRC-0202,yes,low,模板句标记:本批,REWRITE_PIPELINE,USER_REVIEW_HIGH_JUDGMENT,STILL_VALID,candidate remains useful after current-main rebase
V1-ENT-0257,work,next_reads,user_review,TEMPLATE_REWRITE_REQUIRED,V1-FCT-0638;V1-FCT-0639;V1-FCT-0640;V1-REL-0182,SRC-0202;SRC-0203,yes,high,模板/书目转写:继续到,REWRITE_PIPELINE,USER_REVIEW_HIGH_JUDGMENT,STILL_VALID,candidate remains useful after current-main rebase
V1-ENT-0257,work,reading_approach,user_review,TEMPLATE_REWRITE_REQUIRED,V1-FCT-0638;V1-FCT-0639;V1-FCT-0640;V1-REL-0182,SRC-0202;SRC-0203,yes,high,模板/书目转写:先记录,REWRITE_PIPELINE,USER_REVIEW_HIGH_JUDGMENT,STILL_VALID,candidate remains useful after current-main rebase
V1-ENT-0257,work,story_intro,user_review,LOW_JUDGMENT_EVIDENCE_SUFFICIENT,V1-FCT-0638;V1-FCT-0639;V1-FCT-0640;V1-REL-0182,SRC-0202;SRC-0203,yes,low,保守事实介绍,USER_REVIEW_BATCH,USER_REVIEW_HIGH_JUDGMENT,CONFLICT_WITH_WCD04_ROUTING,page-level route identifies bibliographic copy; rewrite required
V1-ENT-0257,work,theme_explanations,user_review,TEMPLATE_REWRITE_REQUIRED,V1-FCT-0638;V1-FCT-0639;V1-FCT-0640;V1-REL-0182,SRC-0202;SRC-0203,yes,high,模板/书目转写:书目式标签,REWRITE_PIPELINE,USER_REVIEW_HIGH_JUDGMENT,STILL_VALID,candidate remains useful after current-main rebase
V1-ENT-0257,work,why_read,user_review,TEMPLATE_REWRITE_REQUIRED,V1-FCT-0638;V1-FCT-0639;V1-FCT-0640;V1-REL-0182,SRC-0202;SRC-0203,yes,high,模板/书目转写:先核对,REWRITE_PIPELINE,USER_REVIEW_HIGH_JUDGMENT,STILL_VALID,candidate remains useful after current-main rebase
V1-ENT-0258,work,guiding_question,user_review,HIGH_JUDGMENT_USER_REQUIRED,V1-FCT-0641;V1-FCT-0642;V1-FCT-0643;V1-REL-0183,SRC-0202;SRC-0203,yes,high,by field default:引导问题阐释框架,USER_REVIEW_BATCH,USER_REVIEW_HIGH_JUDGMENT,STILL_VALID,candidate remains useful after current-main rebase
V1-ENT-0258,work,location_note,user_review,TEMPLATE_REWRITE_REQUIRED,V1-REL-0183,SRC-0202,yes,low,模板句标记:本批,REWRITE_PIPELINE,USER_REVIEW_HIGH_JUDGMENT,STILL_VALID,candidate remains useful after current-main rebase
V1-ENT-0258,work,next_reads,user_review,HIGH_JUDGMENT_USER_REQUIRED,V1-FCT-0641;V1-FCT-0642;V1-FCT-0643;V1-REL-0183,SRC-0202;SRC-0203,yes,high,by field default:延伸阅读推荐,USER_REVIEW_BATCH,USER_REVIEW_HIGH_JUDGMENT,STILL_VALID,candidate remains useful after current-main rebase
V1-ENT-0258,work,reading_approach,user_review,TEMPLATE_REWRITE_REQUIRED,V1-FCT-0641;V1-FCT-0642;V1-FCT-0643;V1-REL-0183,SRC-0202;SRC-0203,yes,high,模板/书目转写:先核对,REWRITE_PIPELINE,USER_REVIEW_HIGH_JUDGMENT,STILL_VALID,candidate remains useful after current-main rebase
V1-ENT-0258,work,story_intro,user_review,TEMPLATE_REWRITE_REQUIRED,V1-FCT-0641;V1-FCT-0642;V1-FCT-0643;V1-REL-0183,SRC-0202;SRC-0203,yes,low,模板/书目转写:master 中,REWRITE_PIPELINE,USER_REVIEW_HIGH_JUDGMENT,STILL_VALID,candidate remains useful after current-main rebase
V1-ENT-0258,work,theme_explanations,user_review,TEMPLATE_REWRITE_REQUIRED,V1-FCT-0641;V1-FCT-0642;V1-FCT-0643;V1-REL-0183,SRC-0202;SRC-0203,yes,high,模板/书目转写:书目式标签,REWRITE_PIPELINE,USER_REVIEW_HIGH_JUDGMENT,STILL_VALID,candidate remains useful after current-main rebase
V1-ENT-0258,work,why_read,user_review,TEMPLATE_REWRITE_REQUIRED,V1-FCT-0641;V1-FCT-0642;V1-FCT-0643;V1-REL-0183,SRC-0202;SRC-0203,yes,high,模板/书目转写:先核对,REWRITE_PIPELINE,USER_REVIEW_HIGH_JUDGMENT,STILL_VALID,candidate remains useful after current-main rebase
V1-ENT-0259,work,guiding_question,user_review,HIGH_JUDGMENT_USER_REQUIRED,V1-FCT-0644;V1-FCT-0645;V1-FCT-0646;V1-REL-0184,SRC-0202;SRC-0203,yes,high,by field default:引导问题阐释框架,USER_REVIEW_BATCH,USER_REVIEW_HIGH_JUDGMENT,STILL_VALID,candidate remains useful after current-main rebase
V1-ENT-0259,work,location_note,user_review,TEMPLATE_REWRITE_REQUIRED,V1-REL-0184,SRC-0202,yes,low,模板/书目转写:不进入,REWRITE_PIPELINE,USER_REVIEW_HIGH_JUDGMENT,STILL_VALID,candidate remains useful after current-main rebase
V1-ENT-0259,work,next_reads,user_review,HIGH_JUDGMENT_USER_REQUIRED,V1-FCT-0644;V1-FCT-0645;V1-FCT-0646;V1-REL-0184,SRC-0202;SRC-0203,yes,high,by field default:延伸阅读推荐,USER_REVIEW_BATCH,USER_REVIEW_HIGH_JUDGMENT,STILL_VALID,candidate remains useful after current-main rebase
V1-ENT-0259,work,reading_approach,user_review,TEMPLATE_REWRITE_REQUIRED,V1-FCT-0644;V1-FCT-0645;V1-FCT-0646;V1-REL-0184,SRC-0202;SRC-0203,yes,high,模板/书目转写:先核对,REWRITE_PIPELINE,USER_REVIEW_HIGH_JUDGMENT,STILL_VALID,candidate remains useful after current-main rebase
V1-ENT-0259,work,story_intro,user_review,LOW_JUDGMENT_EVIDENCE_SUFFICIENT,V1-FCT-0644;V1-FCT-0645;V1-FCT-0646;V1-REL-0184,SRC-0202;SRC-0203,yes,low,保守事实介绍,USER_REVIEW_BATCH,USER_REVIEW_HIGH_JUDGMENT,CONFLICT_WITH_WCD04_ROUTING,page-level route identifies bibliographic copy; rewrite required
V1-ENT-0259,work,theme_explanations,user_review,TEMPLATE_REWRITE_REQUIRED,V1-FCT-0644;V1-FCT-0645;V1-FCT-0646;V1-REL-0184,SRC-0202;SRC-0203,yes,high,模板/书目转写:出版节点,REWRITE_PIPELINE,USER_REVIEW_HIGH_JUDGMENT,STILL_VALID,candidate remains useful after current-main rebase
V1-ENT-0259,work,why_read,user_review,TEMPLATE_REWRITE_REQUIRED,V1-FCT-0644;V1-FCT-0645;V1-FCT-0646;V1-REL-0184,SRC-0202;SRC-0203,yes,high,模板句标记:不把,REWRITE_PIPELINE,USER_REVIEW_HIGH_JUDGMENT,STILL_VALID,candidate remains useful after current-main rebase
V1-ENT-0263,work,guiding_question,user_review,HIGH_JUDGMENT_USER_REQUIRED,V1-FCT-0652;V1-FCT-0654,SRC-0206,yes,high,by field default:引导问题阐释框架,USER_REVIEW_BATCH,USER_REVIEW_HIGH_JUDGMENT,STILL_VALID,candidate remains useful after current-main rebase
V1-ENT-0263,work,location_note,user_review,TEMPLATE_REWRITE_REQUIRED,V1-REL-0197,SRC-0207,yes,low,"模板/书目转写:研究层,补造",REWRITE_PIPELINE,USER_REVIEW_HIGH_JUDGMENT,STILL_VALID,candidate remains useful after current-main rebase
V1-ENT-0263,work,next_reads,user_review,HIGH_JUDGMENT_USER_REQUIRED,V1-REL-0189;V1-REL-0190,SRC-0205;SRC-0206,yes,high,by field default:延伸阅读推荐,USER_REVIEW_BATCH,USER_REVIEW_HIGH_JUDGMENT,STILL_VALID,candidate remains useful after current-main rebase
V1-ENT-0263,work,reading_approach,user_review,TEMPLATE_REWRITE_REQUIRED,V1-FCT-0653;V1-FCT-0654,SRC-0206;SRC-0207,yes,high,"模板/书目转写:先记录,分开阅读",REWRITE_PIPELINE,USER_REVIEW_HIGH_JUDGMENT,STILL_VALID,candidate remains useful after current-main rebase
V1-ENT-0263,work,story_intro,user_review,TEMPLATE_REWRITE_REQUIRED,V1-FCT-0652;V1-FCT-0653;V1-FCT-0654,SRC-0206;SRC-0207,yes,low,模板/书目转写:书目转写句式,REWRITE_PIPELINE,USER_REVIEW_HIGH_JUDGMENT,STILL_VALID,candidate remains useful after current-main rebase
V1-ENT-0263,work,theme_explanations,user_review,TEMPLATE_REWRITE_REQUIRED,V1-FCT-0654,SRC-0206;SRC-0207,yes,high,模板/书目转写:书目式标签,REWRITE_PIPELINE,USER_REVIEW_HIGH_JUDGMENT,STILL_VALID,candidate remains useful after current-main rebase
V1-ENT-0263,work,why_read,user_review,TEMPLATE_REWRITE_REQUIRED,V1-FCT-0653;V1-FCT-0654,SRC-0207,yes,high,"模板/书目转写:书目位置,先核对",REWRITE_PIPELINE,USER_REVIEW_HIGH_JUDGMENT,STILL_VALID,candidate remains useful after current-main rebase
V1-ENT-0264,work,guiding_question,user_review,HIGH_JUDGMENT_USER_REQUIRED,V1-FCT-0655;V1-FCT-0657,SRC-0205;SRC-0206,yes,high,by field default:引导问题阐释框架,USER_REVIEW_BATCH,USER_REVIEW_HIGH_JUDGMENT,STILL_VALID,candidate remains useful after current-main rebase
V1-ENT-0264,work,location_note,user_review,TEMPLATE_REWRITE_REQUIRED,V1-REL-0197,SRC-0207,yes,low,模板句标记:不把,REWRITE_PIPELINE,USER_REVIEW_HIGH_JUDGMENT,STILL_VALID,candidate remains useful after current-main rebase
V1-ENT-0264,work,next_reads,user_review,TEMPLATE_REWRITE_REQUIRED,V1-REL-0188;V1-REL-0190,SRC-0205;SRC-0206,yes,high,模板/书目转写:继续到,REWRITE_PIPELINE,USER_REVIEW_HIGH_JUDGMENT,STILL_VALID,candidate remains useful after current-main rebase
V1-ENT-0264,work,reading_approach,user_review,TEMPLATE_REWRITE_REQUIRED,V1-FCT-0656;V1-FCT-0657,SRC-0205;SRC-0206,yes,high,模板/书目转写:先核对,REWRITE_PIPELINE,USER_REVIEW_HIGH_JUDGMENT,STILL_VALID,candidate remains useful after current-main rebase
V1-ENT-0264,work,story_intro,user_review,TEMPLATE_REWRITE_REQUIRED,V1-FCT-0655;V1-FCT-0656;V1-FCT-0657,SRC-0205;SRC-0206,yes,low,模板/书目转写:书目转写句式,REWRITE_PIPELINE,USER_REVIEW_HIGH_JUDGMENT,STILL_VALID,candidate remains useful after current-main rebase
V1-ENT-0264,work,theme_explanations,user_review,TEMPLATE_REWRITE_REQUIRED,V1-FCT-0657,SRC-0206,yes,high,模板/书目转写:书目式标签,REWRITE_PIPELINE,USER_REVIEW_HIGH_JUDGMENT,STILL_VALID,candidate remains useful after current-main rebase
V1-ENT-0264,work,why_read,user_review,HIGH_JUDGMENT_USER_REQUIRED,V1-FCT-0656;V1-FCT-0657,SRC-0206,yes,high,by field default:阅读价值判断,USER_REVIEW_BATCH,USER_REVIEW_HIGH_JUDGMENT,STILL_VALID,candidate remains useful after current-main rebase
V1-ENT-0265,work,guiding_question,user_review,HIGH_JUDGMENT_USER_REQUIRED,V1-FCT-0659;V1-FCT-0660,SRC-0206;SRC-0207,yes,high,by field default:引导问题阐释框架,USER_REVIEW_BATCH,USER_REVIEW_HIGH_JUDGMENT,STILL_VALID,candidate remains useful after current-main rebase
V1-ENT-0265,work,location_note,user_review,TEMPLATE_REWRITE_REQUIRED,V1-REL-0197,SRC-0207,yes,low,模板/书目转写:研究层,REWRITE_PIPELINE,USER_REVIEW_HIGH_JUDGMENT,STILL_VALID,candidate remains useful after current-main rebase
V1-ENT-0265,work,next_reads,user_review,HIGH_JUDGMENT_USER_REQUIRED,V1-REL-0188;V1-REL-0189,SRC-0205;SRC-0206,yes,high,by field default:延伸阅读推荐,USER_REVIEW_BATCH,USER_REVIEW_HIGH_JUDGMENT,STILL_VALID,candidate remains useful after current-main rebase
V1-ENT-0265,work,reading_approach,user_review,TEMPLATE_REWRITE_REQUIRED,V1-FCT-0659;V1-FCT-0660,SRC-0206;SRC-0207,yes,high,模板/书目转写:先记录,REWRITE_PIPELINE,USER_REVIEW_HIGH_JUDGMENT,STILL_VALID,candidate remains useful after current-main rebase
V1-ENT-0265,work,story_intro,user_review,TEMPLATE_REWRITE_REQUIRED,V1-FCT-0658;V1-FCT-0659;V1-FCT-0660,SRC-0205;SRC-0206;SRC-0207,yes,low,模板/书目转写:书目转写句式,REWRITE_PIPELINE,USER_REVIEW_HIGH_JUDGMENT,STILL_VALID,candidate remains useful after current-main rebase
V1-ENT-0265,work,theme_explanations,user_review,TEMPLATE_REWRITE_REQUIRED,V1-FCT-0660,SRC-0206;SRC-0207,yes,high,模板/书目转写:书目式标签,REWRITE_PIPELINE,USER_REVIEW_HIGH_JUDGMENT,STILL_VALID,candidate remains useful after current-main rebase
V1-ENT-0265,work,why_read,user_review,TEMPLATE_REWRITE_REQUIRED,V1-FCT-0659;V1-FCT-0660,SRC-0206;SRC-0207,yes,high,模板/书目转写:先查看,REWRITE_PIPELINE,USER_REVIEW_HIGH_JUDGMENT,STILL_VALID,candidate remains useful after current-main rebase
V1-ENT-0266,work,guiding_question,user_review,HIGH_JUDGMENT_USER_REQUIRED,V1-FCT-0666;V1-FCT-0668,SRC-0208;SRC-0209,yes,high,by field default:引导问题阐释框架,USER_REVIEW_BATCH,USER_REVIEW_HIGH_JUDGMENT,STILL_VALID,candidate remains useful after current-main rebase
V1-ENT-0266,work,location_note,user_review,TEMPLATE_REWRITE_REQUIRED,V1-REL-0198,SRC-0209,yes,low,模板句标记:不把,REWRITE_PIPELINE,USER_REVIEW_HIGH_JUDGMENT,STILL_VALID,candidate remains useful after current-main rebase
V1-ENT-0266,work,next_reads,user_review,HIGH_JUDGMENT_USER_REQUIRED,V1-REL-0192;V1-REL-0193,SRC-0208;SRC-0209,yes,high,by field default:延伸阅读推荐,USER_REVIEW_BATCH,USER_REVIEW_HIGH_JUDGMENT,STILL_VALID,candidate remains useful after current-main rebase
V1-ENT-0266,work,reading_approach,user_review,TEMPLATE_REWRITE_REQUIRED,V1-FCT-0667;V1-FCT-0668,SRC-0208;SRC-0210,yes,high,模板/书目转写:先核对,REWRITE_PIPELINE,USER_REVIEW_HIGH_JUDGMENT,STILL_VALID,candidate remains useful after current-main rebase
V1-ENT-0266,work,story_intro,user_review,TEMPLATE_REWRITE_REQUIRED,V1-FCT-0666;V1-FCT-0667;V1-FCT-0668,SRC-0208;SRC-0209;SRC-0210,yes,low,模板/书目转写:书目转写句式,REWRITE_PIPELINE,USER_REVIEW_HIGH_JUDGMENT,STILL_VALID,candidate remains useful after current-main rebase
V1-ENT-0266,work,theme_explanations,user_review,TEMPLATE_REWRITE_REQUIRED,V1-FCT-0668,SRC-0208;SRC-0209,yes,high,模板/书目转写:书目位置,REWRITE_PIPELINE,USER_REVIEW_HIGH_JUDGMENT,STILL_VALID,candidate remains useful after current-main rebase
V1-ENT-0266,work,why_read,user_review,HIGH_JUDGMENT_USER_REQUIRED,V1-FCT-0667;V1-FCT-0668,SRC-0208;SRC-0209,yes,high,by field default:阅读价值判断,USER_REVIEW_BATCH,USER_REVIEW_HIGH_JUDGMENT,STILL_VALID,candidate remains useful after current-main rebase
V1-ENT-0267,work,guiding_question,user_review,HIGH_JUDGMENT_USER_REQUIRED,V1-FCT-0669;V1-FCT-0671,SRC-0208;SRC-0209,yes,high,by field default:引导问题阐释框架,USER_REVIEW_BATCH,USER_REVIEW_HIGH_JUDGMENT,STILL_VALID,candidate remains useful after current-main rebase
V1-ENT-0267,work,location_note,user_review,TEMPLATE_REWRITE_REQUIRED,V1-REL-0198,SRC-0209,yes,low,模板/书目转写:研究层,REWRITE_PIPELINE,USER_REVIEW_HIGH_JUDGMENT,STILL_VALID,candidate remains useful after current-main rebase
V1-ENT-0267,work,next_reads,user_review,TEMPLATE_REWRITE_REQUIRED,V1-REL-0191;V1-REL-0193,SRC-0208;SRC-0209,yes,high,模板/书目转写:继续到,REWRITE_PIPELINE,USER_REVIEW_HIGH_JUDGMENT,STILL_VALID,candidate remains useful after current-main rebase
V1-ENT-0267,work,reading_approach,user_review,TEMPLATE_REWRITE_REQUIRED,V1-FCT-0670;V1-FCT-0671,SRC-0208;SRC-0210,yes,high,模板/书目转写:先记录,REWRITE_PIPELINE,USER_REVIEW_HIGH_JUDGMENT,STILL_VALID,candidate remains useful after current-main rebase
V1-ENT-0267,work,story_intro,user_review,TEMPLATE_REWRITE_REQUIRED,V1-FCT-0669;V1-FCT-0670;V1-FCT-0671,SRC-0208;SRC-0209;SRC-0210,yes,low,模板/书目转写:书目转写句式,REWRITE_PIPELINE,USER_REVIEW_HIGH_JUDGMENT,STILL_VALID,candidate remains useful after current-main rebase
V1-ENT-0267,work,theme_explanations,user_review,TEMPLATE_REWRITE_REQUIRED,V1-FCT-0671,SRC-0208;SRC-0209,yes,high,模板/书目转写:书目式标签,REWRITE_PIPELINE,USER_REVIEW_HIGH_JUDGMENT,STILL_VALID,candidate remains useful after current-main rebase
V1-ENT-0267,work,why_read,user_review,HIGH_JUDGMENT_USER_REQUIRED,V1-FCT-0670;V1-FCT-0671,SRC-0208;SRC-0209,yes,high,by field default:阅读价值判断,USER_REVIEW_BATCH,USER_REVIEW_HIGH_JUDGMENT,STILL_VALID,candidate remains useful after current-main rebase
V1-ENT-0268,work,guiding_question,user_review,HIGH_JUDGMENT_USER_REQUIRED,V1-FCT-0672;V1-FCT-0674,SRC-0208;SRC-0209,yes,high,by field default:引导问题阐释框架,USER_REVIEW_BATCH,USER_REVIEW_HIGH_JUDGMENT,STILL_VALID,candidate remains useful after current-main rebase
V1-ENT-0268,work,location_note,user_review,TEMPLATE_REWRITE_REQUIRED,V1-REL-0198,SRC-0209,yes,low,模板句标记:不把,REWRITE_PIPELINE,USER_REVIEW_HIGH_JUDGMENT,STILL_VALID,candidate remains useful after current-main rebase
V1-ENT-0268,work,next_reads,user_review,HIGH_JUDGMENT_USER_REQUIRED,V1-REL-0191;V1-REL-0192,SRC-0208;SRC-0209,yes,high,by field default:延伸阅读推荐,USER_REVIEW_BATCH,USER_REVIEW_HIGH_JUDGMENT,STILL_VALID,candidate remains useful after current-main rebase
V1-ENT-0268,work,reading_approach,user_review,TEMPLATE_REWRITE_REQUIRED,V1-FCT-0673;V1-FCT-0674,SRC-0208;SRC-0210,yes,high,模板/书目转写:书目转写句式,REWRITE_PIPELINE,USER_REVIEW_HIGH_JUDGMENT,STILL_VALID,candidate remains useful after current-main rebase
V1-ENT-0268,work,story_intro,user_review,TEMPLATE_REWRITE_REQUIRED,V1-FCT-0672;V1-FCT-0673;V1-FCT-0674,SRC-0208;SRC-0209;SRC-0210,yes,low,模板/书目转写:书目位置,REWRITE_PIPELINE,USER_REVIEW_HIGH_JUDGMENT,STILL_VALID,candidate remains useful after current-main rebase
V1-ENT-0268,work,theme_explanations,user_review,TEMPLATE_REWRITE_REQUIRED,V1-FCT-0674,SRC-0208;SRC-0209,yes,high,模板/书目转写:书目式标签,REWRITE_PIPELINE,USER_REVIEW_HIGH_JUDGMENT,STILL_VALID,candidate remains useful after current-main rebase
V1-ENT-0268,work,why_read,user_review,TEMPLATE_REWRITE_REQUIRED,V1-FCT-0673;V1-FCT-0674,SRC-0208;SRC-0210,yes,high,模板/书目转写:先核对,REWRITE_PIPELINE,USER_REVIEW_HIGH_JUDGMENT,STILL_VALID,candidate remains useful after current-main rebase
V1-ENT-0269,work,guiding_question,user_review,HIGH_JUDGMENT_USER_REQUIRED,V1-FCT-0680;V1-FCT-0682,SRC-0211;SRC-0212,yes,high,by field default:引导问题阐释框架,USER_REVIEW_BATCH,USER_REVIEW_HIGH_JUDGMENT,STILL_VALID,candidate remains useful after current-main rebase
V1-ENT-0269,work,location_note,user_review,TEMPLATE_REWRITE_REQUIRED,V1-REL-0199,SRC-0211;SRC-0212,yes,low,模板/书目转写:研究层,REWRITE_PIPELINE,USER_REVIEW_HIGH_JUDGMENT,STILL_VALID,candidate remains useful after current-main rebase
V1-ENT-0269,work,next_reads,user_review,HIGH_JUDGMENT_USER_REQUIRED,V1-REL-0196;V1-REL-0195,SRC-0211;SRC-0213,yes,high,by field default:延伸阅读推荐,USER_REVIEW_BATCH,USER_REVIEW_HIGH_JUDGMENT,STILL_VALID,candidate remains useful after current-main rebase
V1-ENT-0269,work,reading_approach,user_review,TEMPLATE_REWRITE_REQUIRED,V1-FCT-0681;V1-FCT-0682,SRC-0212,yes,high,模板/书目转写:先记录,REWRITE_PIPELINE,USER_REVIEW_HIGH_JUDGMENT,STILL_VALID,candidate remains useful after current-main rebase
V1-ENT-0269,work,story_intro,user_review,TEMPLATE_REWRITE_REQUIRED,V1-FCT-0680;V1-FCT-0681;V1-FCT-0682,SRC-0211;SRC-0212,yes,low,模板/书目转写:书目转写句式,REWRITE_PIPELINE,USER_REVIEW_HIGH_JUDGMENT,STILL_VALID,candidate remains useful after current-main rebase
V1-ENT-0269,work,theme_explanations,user_review,TEMPLATE_REWRITE_REQUIRED,V1-FCT-0682,SRC-0212,yes,high,模板/书目转写:书目式标签,REWRITE_PIPELINE,USER_REVIEW_HIGH_JUDGMENT,STILL_VALID,candidate remains useful after current-main rebase
V1-ENT-0269,work,why_read,user_review,TEMPLATE_REWRITE_REQUIRED,V1-FCT-0681;V1-FCT-0682,SRC-0211;SRC-0212,yes,high,模板/书目转写:书目转写句式,REWRITE_PIPELINE,USER_REVIEW_HIGH_JUDGMENT,STILL_VALID,candidate remains useful after current-main rebase
V1-ENT-0270,work,guiding_question,user_review,HIGH_JUDGMENT_USER_REQUIRED,V1-FCT-0683;V1-FCT-0685,SRC-0211;SRC-0213,yes,high,by field default:引导问题阐释框架,USER_REVIEW_BATCH,USER_REVIEW_HIGH_JUDGMENT,STILL_VALID,candidate remains useful after current-main rebase
V1-ENT-0270,work,location_note,user_review,TEMPLATE_REWRITE_REQUIRED,V1-REL-0199,SRC-0211,yes,low,模板句标记:不把,REWRITE_PIPELINE,USER_REVIEW_HIGH_JUDGMENT,STILL_VALID,candidate remains useful after current-main rebase
V1-ENT-0270,work,next_reads,user_review,HIGH_JUDGMENT_USER_REQUIRED,V1-REL-0194;V1-REL-0196,SRC-0211;SRC-0212,yes,high,by field default:延伸阅读推荐,USER_REVIEW_BATCH,USER_REVIEW_HIGH_JUDGMENT,STILL_VALID,candidate remains useful after current-main rebase
V1-ENT-0270,work,reading_approach,user_review,TEMPLATE_REWRITE_REQUIRED,V1-FCT-0684;V1-FCT-0685,SRC-0211;SRC-0213,yes,high,模板/书目转写:先定位,REWRITE_PIPELINE,USER_REVIEW_HIGH_JUDGMENT,STILL_VALID,candidate remains useful after current-main rebase
V1-ENT-0270,work,story_intro,user_review,LOW_JUDGMENT_EVIDENCE_SUFFICIENT,V1-FCT-0683;V1-FCT-0684;V1-FCT-0685,SRC-0211;SRC-0213,yes,low,保守事实介绍,USER_REVIEW_BATCH,USER_REVIEW_HIGH_JUDGMENT,CONFLICT_WITH_WCD04_ROUTING,page-level route identifies bibliographic copy; rewrite required
V1-ENT-0270,work,theme_explanations,user_review,TEMPLATE_REWRITE_REQUIRED,V1-FCT-0685,SRC-0211;SRC-0213,yes,high,模板/书目转写:书目式标签,REWRITE_PIPELINE,USER_REVIEW_HIGH_JUDGMENT,STILL_VALID,candidate remains useful after current-main rebase
V1-ENT-0270,work,why_read,user_review,TEMPLATE_REWRITE_REQUIRED,V1-FCT-0684;V1-FCT-0685,SRC-0211;SRC-0213,yes,high,"模板/书目转写:先核对,分开阅读",REWRITE_PIPELINE,USER_REVIEW_HIGH_JUDGMENT,STILL_VALID,candidate remains useful after current-main rebase
V1-ENT-0271,work,guiding_question,user_review,TEMPLATE_REWRITE_REQUIRED,V1-FCT-0686;V1-FCT-0688,SRC-0211;SRC-0212,yes,high,模板/书目转写:书目转写句式,REWRITE_PIPELINE,USER_REVIEW_HIGH_JUDGMENT,STILL_VALID,candidate remains useful after current-main rebase
V1-ENT-0271,work,location_note,user_review,TEMPLATE_REWRITE_REQUIRED,V1-REL-0199,SRC-0211,yes,low,模板句标记:不把,REWRITE_PIPELINE,USER_REVIEW_HIGH_JUDGMENT,STILL_VALID,candidate remains useful after current-main rebase
V1-ENT-0271,work,next_reads,user_review,HIGH_JUDGMENT_USER_REQUIRED,V1-REL-0194;V1-REL-0195,SRC-0211;SRC-0213,yes,high,by field default:延伸阅读推荐,USER_REVIEW_BATCH,USER_REVIEW_HIGH_JUDGMENT,STILL_VALID,candidate remains useful after current-main rebase
V1-ENT-0271,work,reading_approach,user_review,TEMPLATE_REWRITE_REQUIRED,V1-FCT-0687;V1-FCT-0688,SRC-0211;SRC-0212,yes,high,模板/书目转写:先核对,REWRITE_PIPELINE,USER_REVIEW_HIGH_JUDGMENT,STILL_VALID,candidate remains useful after current-main rebase
V1-ENT-0271,work,story_intro,user_review,TEMPLATE_REWRITE_REQUIRED,V1-FCT-0686;V1-FCT-0687;V1-FCT-0688,SRC-0211;SRC-0212,yes,low,模板/书目转写:书目转写句式,REWRITE_PIPELINE,USER_REVIEW_HIGH_JUDGMENT,STILL_VALID,candidate remains useful after current-main rebase
V1-ENT-0271,work,theme_explanations,user_review,TEMPLATE_REWRITE_REQUIRED,V1-FCT-0688,SRC-0211;SRC-0212,yes,high,模板/书目转写:书目式标签,REWRITE_PIPELINE,USER_REVIEW_HIGH_JUDGMENT,STILL_VALID,candidate remains useful after current-main rebase
V1-ENT-0271,work,why_read,user_review,TEMPLATE_REWRITE_REQUIRED,V1-FCT-0687;V1-FCT-0688,SRC-0211;SRC-0212,yes,high,模板/书目转写:书目转写句式,REWRITE_PIPELINE,USER_REVIEW_HIGH_JUDGMENT,STILL_VALID,candidate remains useful after current-main rebase
V1-ENT-0275,work,guiding_question,user_review,HIGH_JUDGMENT_USER_REQUIRED,V1-FCT-0694;V1-FCT-0696,SRC-0215,yes,high,by field default:引导问题阐释框架,USER_REVIEW_BATCH,USER_REVIEW_HIGH_JUDGMENT,STILL_VALID,candidate remains useful after current-main rebase
V1-ENT-0275,work,location_note,user_review,TEMPLATE_REWRITE_REQUIRED,V1-REL-0209,SRC-0215,yes,low,模板句标记:不把,REWRITE_PIPELINE,USER_REVIEW_HIGH_JUDGMENT,STILL_VALID,candidate remains useful after current-main rebase
V1-ENT-0275,work,next_reads,user_review,HIGH_JUDGMENT_USER_REQUIRED,V1-REL-0200;V1-REL-0201,SRC-0214,yes,high,by field default:延伸阅读推荐,USER_REVIEW_BATCH,USER_REVIEW_HIGH_JUDGMENT,STILL_VALID,candidate remains useful after current-main rebase
V1-ENT-0275,work,reading_approach,user_review,TEMPLATE_REWRITE_REQUIRED,V1-FCT-0694;V1-FCT-0696,SRC-0214;SRC-0215,yes,high,模板/书目转写:先记录,REWRITE_PIPELINE,USER_REVIEW_HIGH_JUDGMENT,STILL_VALID,candidate remains useful after current-main rebase
V1-ENT-0275,work,story_intro,user_review,TEMPLATE_REWRITE_REQUIRED,V1-FCT-0694;V1-FCT-0695;V1-FCT-0696,SRC-0214;SRC-0215,yes,low,模板/书目转写:书目转写句式,REWRITE_PIPELINE,USER_REVIEW_HIGH_JUDGMENT,STILL_VALID,candidate remains useful after current-main rebase
V1-ENT-0275,work,theme_explanations,user_review,HIGH_JUDGMENT_USER_REQUIRED,V1-FCT-0696,SRC-0215,yes,high,by field default:主题解释判断,USER_REVIEW_BATCH,USER_REVIEW_HIGH_JUDGMENT,STILL_VALID,candidate remains useful after current-main rebase
V1-ENT-0275,work,why_read,user_review,TEMPLATE_REWRITE_REQUIRED,V1-FCT-0694;V1-FCT-0696,SRC-0214;SRC-0215,yes,high,"模板/书目转写:书目位置,先核对",REWRITE_PIPELINE,USER_REVIEW_HIGH_JUDGMENT,STILL_VALID,candidate remains useful after current-main rebase
V1-ENT-0276,work,guiding_question,user_review,HIGH_JUDGMENT_USER_REQUIRED,V1-FCT-0697;V1-FCT-0699,SRC-0214,yes,high,by field default:引导问题阐释框架,USER_REVIEW_BATCH,USER_REVIEW_HIGH_JUDGMENT,STILL_VALID,candidate remains useful after current-main rebase
V1-ENT-0276,work,location_note,user_review,TEMPLATE_REWRITE_REQUIRED,V1-REL-0209,SRC-0214,yes,low,模板/书目转写:不新增,REWRITE_PIPELINE,USER_REVIEW_HIGH_JUDGMENT,STILL_VALID,candidate remains useful after current-main rebase
V1-ENT-0276,work,next_reads,user_review,HIGH_JUDGMENT_USER_REQUIRED,V1-REL-0201;V1-REL-0202,SRC-0214,yes,high,by field default:延伸阅读推荐,USER_REVIEW_BATCH,USER_REVIEW_HIGH_JUDGMENT,STILL_VALID,candidate remains useful after current-main rebase
V1-ENT-0276,work,reading_approach,user_review,TEMPLATE_REWRITE_REQUIRED,V1-FCT-0697;V1-FCT-0699,SRC-0214;SRC-0216,yes,high,模板/书目转写:先核对,REWRITE_PIPELINE,USER_REVIEW_HIGH_JUDGMENT,STILL_VALID,candidate remains useful after current-main rebase
V1-ENT-0276,work,story_intro,user_review,TEMPLATE_REWRITE_REQUIRED,V1-FCT-0697;V1-FCT-0698;V1-FCT-0699,SRC-0214;SRC-0216,yes,low,模板/书目转写:书目转写句式,REWRITE_PIPELINE,USER_REVIEW_HIGH_JUDGMENT,STILL_VALID,candidate remains useful after current-main rebase
V1-ENT-0276,work,theme_explanations,user_review,HIGH_JUDGMENT_USER_REQUIRED,V1-FCT-0699,SRC-0216,yes,high,by field default:主题解释判断,USER_REVIEW_BATCH,USER_REVIEW_HIGH_JUDGMENT,STILL_VALID,candidate remains useful after current-main rebase
V1-ENT-0276,work,why_read,user_review,TEMPLATE_REWRITE_REQUIRED,V1-FCT-0697;V1-FCT-0699,SRC-0214;SRC-0216,yes,high,模板/书目转写:分开阅读,REWRITE_PIPELINE,USER_REVIEW_HIGH_JUDGMENT,STILL_VALID,candidate remains useful after current-main rebase
V1-ENT-0277,work,guiding_question,user_review,HIGH_JUDGMENT_USER_REQUIRED,V1-FCT-0700;V1-FCT-0702,SRC-0214,yes,high,by field default:引导问题阐释框架,USER_REVIEW_BATCH,USER_REVIEW_HIGH_JUDGMENT,STILL_VALID,candidate remains useful after current-main rebase
V1-ENT-0277,work,location_note,user_review,LOW_JUDGMENT_EVIDENCE_SUFFICIENT,V1-REL-0209,SRC-0216,yes,low,保守空间事实说明,USER_REVIEW_BATCH,USER_REVIEW_HIGH_JUDGMENT,NEEDS_REVIEW,negative/meta copy is not promoted as reader description
V1-ENT-0277,work,next_reads,user_review,HIGH_JUDGMENT_USER_REQUIRED,V1-REL-0202;V1-REL-0203,SRC-0214,yes,high,by field default:延伸阅读推荐,USER_REVIEW_BATCH,USER_REVIEW_HIGH_JUDGMENT,STILL_VALID,candidate remains useful after current-main rebase
V1-ENT-0277,work,reading_approach,user_review,TEMPLATE_REWRITE_REQUIRED,V1-FCT-0700;V1-FCT-0702,SRC-0214;SRC-0216,yes,high,模板/书目转写:书目定位,REWRITE_PIPELINE,USER_REVIEW_HIGH_JUDGMENT,STILL_VALID,candidate remains useful after current-main rebase
V1-ENT-0277,work,story_intro,user_review,TEMPLATE_REWRITE_REQUIRED,V1-FCT-0700;V1-FCT-0701;V1-FCT-0702,SRC-0214;SRC-0216,yes,low,模板/书目转写:书目转写句式,REWRITE_PIPELINE,USER_REVIEW_HIGH_JUDGMENT,STILL_VALID,candidate remains useful after current-main rebase
V1-ENT-0277,work,theme_explanations,user_review,HIGH_JUDGMENT_USER_REQUIRED,V1-FCT-0702,SRC-0214,yes,high,by field default:主题解释判断,USER_REVIEW_BATCH,USER_REVIEW_HIGH_JUDGMENT,STILL_VALID,candidate remains useful after current-main rebase
V1-ENT-0277,work,why_read,user_review,TEMPLATE_REWRITE_REQUIRED,V1-FCT-0700;V1-FCT-0702,SRC-0214;SRC-0216,yes,high,"模板/书目转写:书目位置,先确认",REWRITE_PIPELINE,USER_REVIEW_HIGH_JUDGMENT,STILL_VALID,candidate remains useful after current-main rebase
V1-ENT-0278,work,guiding_question,user_review,HIGH_JUDGMENT_USER_REQUIRED,V1-FCT-0708;V1-FCT-0710,SRC-0219,yes,high,by field default:引导问题阐释框架,USER_REVIEW_BATCH,USER_REVIEW_HIGH_JUDGMENT,STILL_VALID,candidate remains useful after current-main rebase
V1-ENT-0278,work,location_note,user_review,TEMPLATE_REWRITE_REQUIRED,V1-REL-0210,SRC-0218,yes,low,模板/书目转写:研究层,REWRITE_PIPELINE,USER_REVIEW_HIGH_JUDGMENT,STILL_VALID,candidate remains useful after current-main rebase
V1-ENT-0278,work,next_reads,user_review,HIGH_JUDGMENT_USER_REQUIRED,V1-REL-0203;V1-REL-0204,SRC-0217,yes,high,by field default:延伸阅读推荐,USER_REVIEW_BATCH,USER_REVIEW_HIGH_JUDGMENT,STILL_VALID,candidate remains useful after current-main rebase
V1-ENT-0278,work,reading_approach,user_review,TEMPLATE_REWRITE_REQUIRED,V1-FCT-0708;V1-FCT-0710,SRC-0217;SRC-0219,yes,high,模板/书目转写:先核对,REWRITE_PIPELINE,USER_REVIEW_HIGH_JUDGMENT,STILL_VALID,candidate remains useful after current-main rebase
V1-ENT-0278,work,story_intro,user_review,TEMPLATE_REWRITE_REQUIRED,V1-FCT-0708;V1-FCT-0709;V1-FCT-0710,SRC-0217;SRC-0219,yes,low,模板句标记:本批,REWRITE_PIPELINE,USER_REVIEW_HIGH_JUDGMENT,STILL_VALID,candidate remains useful after current-main rebase
V1-ENT-0278,work,theme_explanations,user_review,HIGH_JUDGMENT_USER_REQUIRED,V1-FCT-0710,SRC-0219,yes,high,by field default:主题解释判断,USER_REVIEW_BATCH,USER_REVIEW_HIGH_JUDGMENT,STILL_VALID,candidate remains useful after current-main rebase
V1-ENT-0278,work,why_read,user_review,TEMPLATE_REWRITE_REQUIRED,V1-FCT-0708;V1-FCT-0710,SRC-0217;SRC-0219,yes,high,模板/书目转写:先记录,REWRITE_PIPELINE,USER_REVIEW_HIGH_JUDGMENT,STILL_VALID,candidate remains useful after current-main rebase
V1-ENT-0279,work,guiding_question,user_review,HIGH_JUDGMENT_USER_REQUIRED,V1-FCT-0711;V1-FCT-0713,SRC-0219,yes,high,by field default:引导问题阐释框架,USER_REVIEW_BATCH,USER_REVIEW_HIGH_JUDGMENT,STILL_VALID,candidate remains useful after current-main rebase
V1-ENT-0279,work,location_note,user_review,TEMPLATE_REWRITE_REQUIRED,V1-REL-0210,SRC-0218,yes,low,模板/书目转写:不新增,REWRITE_PIPELINE,USER_REVIEW_HIGH_JUDGMENT,STILL_VALID,candidate remains useful after current-main rebase
V1-ENT-0279,work,next_reads,user_review,TEMPLATE_REWRITE_REQUIRED,V1-REL-0204;V1-REL-0205,SRC-0217,yes,high,"模板/书目转写:小说坐标,继续到",REWRITE_PIPELINE,USER_REVIEW_HIGH_JUDGMENT,STILL_VALID,candidate remains useful after current-main rebase
V1-ENT-0279,work,reading_approach,user_review,TEMPLATE_REWRITE_REQUIRED,V1-FCT-0711;V1-FCT-0713,SRC-0217;SRC-0219,yes,high,"模板/书目转写:先记录,分开阅读",REWRITE_PIPELINE,USER_REVIEW_HIGH_JUDGMENT,STILL_VALID,candidate remains useful after current-main rebase
V1-ENT-0279,work,story_intro,user_review,TEMPLATE_REWRITE_REQUIRED,V1-FCT-0711;V1-FCT-0712;V1-FCT-0713,SRC-0217;SRC-0219,yes,low,模板/书目转写:书目转写句式,REWRITE_PIPELINE,USER_REVIEW_HIGH_JUDGMENT,STILL_VALID,candidate remains useful after current-main rebase
V1-ENT-0279,work,theme_explanations,user_review,HIGH_JUDGMENT_USER_REQUIRED,V1-FCT-0713,SRC-0219,yes,high,by field default:主题解释判断,USER_REVIEW_BATCH,USER_REVIEW_HIGH_JUDGMENT,STILL_VALID,candidate remains useful after current-main rebase
V1-ENT-0279,work,why_read,user_review,TEMPLATE_REWRITE_REQUIRED,V1-FCT-0711;V1-FCT-0713,SRC-0217;SRC-0219,yes,high,模板/书目转写:书目位置,REWRITE_PIPELINE,USER_REVIEW_HIGH_JUDGMENT,STILL_VALID,candidate remains useful after current-main rebase
V1-ENT-0280,work,guiding_question,user_review,HIGH_JUDGMENT_USER_REQUIRED,V1-FCT-0714;V1-FCT-0716,SRC-0219,yes,high,by field default:引导问题阐释框架,USER_REVIEW_BATCH,USER_REVIEW_HIGH_JUDGMENT,STILL_VALID,candidate remains useful after current-main rebase
V1-ENT-0280,work,location_note,user_review,TEMPLATE_REWRITE_REQUIRED,V1-REL-0210,SRC-0218,yes,low,模板/书目转写:不增加,REWRITE_PIPELINE,USER_REVIEW_HIGH_JUDGMENT,STILL_VALID,candidate remains useful after current-main rebase
V1-ENT-0280,work,next_reads,user_review,HIGH_JUDGMENT_USER_REQUIRED,V1-REL-0205;V1-REL-0206,SRC-0217,yes,high,by field default:延伸阅读推荐,USER_REVIEW_BATCH,USER_REVIEW_HIGH_JUDGMENT,STILL_VALID,candidate remains useful after current-main rebase
V1-ENT-0280,work,reading_approach,user_review,TEMPLATE_REWRITE_REQUIRED,V1-FCT-0714;V1-FCT-0716,SRC-0217;SRC-0219,yes,high,模板/书目转写:书目转写句式,REWRITE_PIPELINE,USER_REVIEW_HIGH_JUDGMENT,STILL_VALID,candidate remains useful after current-main rebase
V1-ENT-0280,work,story_intro,user_review,TEMPLATE_REWRITE_REQUIRED,V1-FCT-0714;V1-FCT-0715;V1-FCT-0716,SRC-0217;SRC-0219,yes,low,模板/书目转写:书目转写句式,REWRITE_PIPELINE,USER_REVIEW_HIGH_JUDGMENT,STILL_VALID,candidate remains useful after current-main rebase
V1-ENT-0280,work,theme_explanations,user_review,HIGH_JUDGMENT_USER_REQUIRED,V1-FCT-0716,SRC-0219,yes,high,by field default:主题解释判断,USER_REVIEW_BATCH,USER_REVIEW_HIGH_JUDGMENT,STILL_VALID,candidate remains useful after current-main rebase
V1-ENT-0280,work,why_read,user_review,TEMPLATE_REWRITE_REQUIRED,V1-FCT-0714;V1-FCT-0716,SRC-0217;SRC-0219,yes,high,"模板/书目转写:出版节点,先定位",REWRITE_PIPELINE,USER_REVIEW_HIGH_JUDGMENT,STILL_VALID,candidate remains useful after current-main rebase
V1-ENT-0281,work,guiding_question,user_review,HIGH_JUDGMENT_USER_REQUIRED,V1-FCT-0722;V1-FCT-0723,SRC-0223,yes,high,by field default:引导问题阐释框架,USER_REVIEW_BATCH,USER_REVIEW_HIGH_JUDGMENT,STILL_VALID,candidate remains useful after current-main rebase
V1-ENT-0281,work,location_note,user_review,TEMPLATE_REWRITE_REQUIRED,V1-REL-0211,SRC-0220,yes,low,模板句标记:不把,REWRITE_PIPELINE,USER_REVIEW_HIGH_JUDGMENT,STILL_VALID,candidate remains useful after current-main rebase
V1-ENT-0281,work,next_reads,user_review,HIGH_JUDGMENT_USER_REQUIRED,V1-REL-0206;V1-REL-0207,SRC-0221,yes,high,by field default:延伸阅读推荐,USER_REVIEW_BATCH,USER_REVIEW_HIGH_JUDGMENT,STILL_VALID,candidate remains useful after current-main rebase
V1-ENT-0281,work,reading_approach,user_review,TEMPLATE_REWRITE_REQUIRED,V1-FCT-0722;V1-FCT-0723,SRC-0221;SRC-0223,yes,high,模板/书目转写:先记下,REWRITE_PIPELINE,USER_REVIEW_HIGH_JUDGMENT,STILL_VALID,candidate remains useful after current-main rebase
V1-ENT-0281,work,story_intro,user_review,TEMPLATE_REWRITE_REQUIRED,V1-FCT-0722;V1-FCT-0723;V1-FCT-0724,SRC-0221;SRC-0223,yes,low,模板/书目转写:书目转写句式,REWRITE_PIPELINE,USER_REVIEW_HIGH_JUDGMENT,STILL_VALID,candidate remains useful after current-main rebase
V1-ENT-0281,work,theme_explanations,user_review,HIGH_JUDGMENT_USER_REQUIRED,V1-FCT-0723,SRC-0223,yes,high,by field default:主题解释判断,USER_REVIEW_BATCH,USER_REVIEW_HIGH_JUDGMENT,STILL_VALID,candidate remains useful after current-main rebase
V1-ENT-0281,work,why_read,user_review,TEMPLATE_REWRITE_REQUIRED,V1-FCT-0721;V1-FCT-0723,SRC-0223,yes,high,模板/书目转写:先核对,REWRITE_PIPELINE,USER_REVIEW_HIGH_JUDGMENT,STILL_VALID,candidate remains useful after current-main rebase
V1-ENT-0282,work,guiding_question,user_review,HIGH_JUDGMENT_USER_REQUIRED,V1-FCT-0725;V1-FCT-0726,SRC-0222,yes,high,by field default:引导问题阐释框架,USER_REVIEW_BATCH,USER_REVIEW_HIGH_JUDGMENT,STILL_VALID,candidate remains useful after current-main rebase
V1-ENT-0282,work,location_note,user_review,TEMPLATE_REWRITE_REQUIRED,V1-REL-0211,SRC-0220,yes,low,模板/书目转写:不新增,REWRITE_PIPELINE,USER_REVIEW_HIGH_JUDGMENT,STILL_VALID,candidate remains useful after current-main rebase
V1-ENT-0282,work,next_reads,user_review,TEMPLATE_REWRITE_REQUIRED,V1-REL-0207;V1-REL-0208,SRC-0221;SRC-0222,yes,high,模板/书目转写:继续到,REWRITE_PIPELINE,USER_REVIEW_HIGH_JUDGMENT,STILL_VALID,candidate remains useful after current-main rebase
V1-ENT-0282,work,reading_approach,user_review,TEMPLATE_REWRITE_REQUIRED,V1-FCT-0725;V1-FCT-0726,SRC-0221;SRC-0222,yes,high,模板/书目转写:分开阅读,REWRITE_PIPELINE,USER_REVIEW_HIGH_JUDGMENT,STILL_VALID,candidate remains useful after current-main rebase
V1-ENT-0282,work,story_intro,user_review,TEMPLATE_REWRITE_REQUIRED,V1-FCT-0725;V1-FCT-0726;V1-FCT-0727,SRC-0221;SRC-0222,yes,low,模板/书目转写:书目转写句式,REWRITE_PIPELINE,USER_REVIEW_HIGH_JUDGMENT,STILL_VALID,candidate remains useful after current-main rebase
V1-ENT-0282,work,theme_explanations,user_review,HIGH_JUDGMENT_USER_REQUIRED,V1-FCT-0726,SRC-0222,yes,high,by field default:主题解释判断,USER_REVIEW_BATCH,USER_REVIEW_HIGH_JUDGMENT,STILL_VALID,candidate remains useful after current-main rebase
V1-ENT-0282,work,why_read,user_review,TEMPLATE_REWRITE_REQUIRED,V1-FCT-0725;V1-FCT-0726,SRC-0222,yes,high,"模板/书目转写:书目位置,先记录",REWRITE_PIPELINE,USER_REVIEW_HIGH_JUDGMENT,STILL_VALID,candidate remains useful after current-main rebase
V1-ENT-0283,work,guiding_question,user_review,HIGH_JUDGMENT_USER_REQUIRED,V1-FCT-0728;V1-FCT-0729,SRC-0224,yes,high,by field default:引导问题阐释框架,USER_REVIEW_BATCH,USER_REVIEW_HIGH_JUDGMENT,STILL_VALID,candidate remains useful after current-main rebase
V1-ENT-0283,work,location_note,user_review,TEMPLATE_REWRITE_REQUIRED,V1-FCT-0728;V1-REL-0211,SRC-0224;SRC-0220,yes,low,模板句标记:本批,REWRITE_PIPELINE,USER_REVIEW_HIGH_JUDGMENT,STILL_VALID,candidate remains useful after current-main rebase
V1-ENT-0283,work,next_reads,user_review,HIGH_JUDGMENT_USER_REQUIRED,V1-REL-0208;V1-REL-0203,SRC-0224;SRC-0217,yes,high,by field default:延伸阅读推荐,USER_REVIEW_BATCH,USER_REVIEW_HIGH_JUDGMENT,STILL_VALID,candidate remains useful after current-main rebase
V1-ENT-0283,work,reading_approach,user_review,TEMPLATE_REWRITE_REQUIRED,V1-FCT-0728;V1-FCT-0729,SRC-0224,yes,high,模板/书目转写:先记下,REWRITE_PIPELINE,USER_REVIEW_HIGH_JUDGMENT,STILL_VALID,candidate remains useful after current-main rebase
V1-ENT-0283,work,story_intro,user_review,LOW_JUDGMENT_EVIDENCE_SUFFICIENT,V1-FCT-0728;V1-FCT-0729;V1-FCT-0730,SRC-0221;SRC-0224,yes,low,保守事实介绍,USER_REVIEW_BATCH,USER_REVIEW_HIGH_JUDGMENT,CONFLICT_WITH_WCD04_ROUTING,page-level route identifies bibliographic copy; rewrite required
V1-ENT-0283,work,theme_explanations,user_review,HIGH_JUDGMENT_USER_REQUIRED,V1-FCT-0729,SRC-0224,yes,high,by field default:主题解释判断,USER_REVIEW_BATCH,USER_REVIEW_HIGH_JUDGMENT,STILL_VALID,candidate remains useful after current-main rebase
V1-ENT-0283,work,why_read,user_review,TEMPLATE_REWRITE_REQUIRED,V1-FCT-0728;V1-FCT-0729,SRC-0224,yes,high,模板/书目转写:先核对,REWRITE_PIPELINE,USER_REVIEW_HIGH_JUDGMENT,STILL_VALID,candidate remains useful after current-main rebase
V1-ENT-0287,work,guiding_question,user_review,HIGH_JUDGMENT_USER_REQUIRED,V1-FCT-0738;V1-FCT-0739,SRC-0225,yes,high,by field default:引导问题阐释框架,USER_REVIEW_BATCH,USER_REVIEW_HIGH_JUDGMENT,STILL_VALID,candidate remains useful after current-main rebase
V1-ENT-0287,work,location_note,user_review,TEMPLATE_REWRITE_REQUIRED,V1-REL-0221,SRC-0225,yes,low,模板句标记:本批,REWRITE_PIPELINE,USER_REVIEW_HIGH_JUDGMENT,STILL_VALID,candidate remains useful after current-main rebase
V1-ENT-0287,work,next_reads,user_review,HIGH_JUDGMENT_USER_REQUIRED,V1-REL-0212;V1-REL-0218,SRC-0225,yes,high,by field default:延伸阅读推荐,USER_REVIEW_BATCH,USER_REVIEW_HIGH_JUDGMENT,STILL_VALID,candidate remains useful after current-main rebase
V1-ENT-0287,work,reading_approach,user_review,TEMPLATE_REWRITE_REQUIRED,V1-FCT-0738;V1-FCT-0739,SRC-0225;SRC-0226,yes,high,模板/书目转写:先记录,REWRITE_PIPELINE,USER_REVIEW_HIGH_JUDGMENT,STILL_VALID,candidate remains useful after current-main rebase
V1-ENT-0287,work,story_intro,user_review,TEMPLATE_REWRITE_REQUIRED,V1-FCT-0738;V1-FCT-0739;V1-FCT-0741,SRC-0225;SRC-0226,yes,low,模板/书目转写:书目转写句式,REWRITE_PIPELINE,USER_REVIEW_HIGH_JUDGMENT,STILL_VALID,candidate remains useful after current-main rebase
V1-ENT-0287,work,theme_explanations,user_review,HIGH_JUDGMENT_USER_REQUIRED,V1-FCT-0736;V1-FCT-0738,SRC-0225,yes,high,by field default:主题解释判断,USER_REVIEW_BATCH,USER_REVIEW_HIGH_JUDGMENT,STILL_VALID,candidate remains useful after current-main rebase
V1-ENT-0287,work,why_read,user_review,TEMPLATE_REWRITE_REQUIRED,V1-FCT-0738;V1-FCT-0739,SRC-0225;SRC-0226,yes,high,"模板/书目转写:书目位置,先核对",REWRITE_PIPELINE,USER_REVIEW_HIGH_JUDGMENT,STILL_VALID,candidate remains useful after current-main rebase
V1-ENT-0288,work,guiding_question,user_review,TEMPLATE_REWRITE_REQUIRED,V1-FCT-0740;V1-FCT-0741,SRC-0225,yes,high,模板/书目转写:书目位置,REWRITE_PIPELINE,USER_REVIEW_HIGH_JUDGMENT,STILL_VALID,candidate remains useful after current-main rebase
V1-ENT-0288,work,location_note,user_review,TEMPLATE_REWRITE_REQUIRED,V1-REL-0221,SRC-0225,yes,low,模板/书目转写:SET_IN,REWRITE_PIPELINE,USER_REVIEW_HIGH_JUDGMENT,STILL_VALID,candidate remains useful after current-main rebase
V1-ENT-0288,work,next_reads,user_review,TEMPLATE_REWRITE_REQUIRED,V1-REL-0213;V1-REL-0212,SRC-0225,yes,high,模板/书目转写:继续到,REWRITE_PIPELINE,USER_REVIEW_HIGH_JUDGMENT,STILL_VALID,candidate remains useful after current-main rebase
V1-ENT-0288,work,reading_approach,user_review,TEMPLATE_REWRITE_REQUIRED,V1-FCT-0740;V1-FCT-0741,SRC-0225;SRC-0226,yes,high,模板/书目转写:先确认,REWRITE_PIPELINE,USER_REVIEW_HIGH_JUDGMENT,STILL_VALID,candidate remains useful after current-main rebase
V1-ENT-0288,work,story_intro,user_review,TEMPLATE_REWRITE_REQUIRED,V1-FCT-0740;V1-FCT-0741;V1-FCT-0742,SRC-0225;SRC-0226,yes,low,模板/书目转写:书目转写句式,REWRITE_PIPELINE,USER_REVIEW_HIGH_JUDGMENT,STILL_VALID,candidate remains useful after current-main rebase
V1-ENT-0288,work,theme_explanations,user_review,TEMPLATE_REWRITE_REQUIRED,V1-FCT-0740,SRC-0225,yes,high,模板/书目转写:书目式标签,REWRITE_PIPELINE,USER_REVIEW_HIGH_JUDGMENT,STILL_VALID,candidate remains useful after current-main rebase
V1-ENT-0288,work,why_read,user_review,TEMPLATE_REWRITE_REQUIRED,V1-FCT-0740;V1-FCT-0741,SRC-0225;SRC-0226,yes,high,"模板/书目转写:出版节点,先定位",REWRITE_PIPELINE,USER_REVIEW_HIGH_JUDGMENT,STILL_VALID,candidate remains useful after current-main rebase
V1-ENT-0289,work,guiding_question,user_review,HIGH_JUDGMENT_USER_REQUIRED,V1-FCT-0744;V1-FCT-0745,SRC-0225,yes,high,by field default:引导问题阐释框架,USER_REVIEW_BATCH,USER_REVIEW_HIGH_JUDGMENT,STILL_VALID,candidate remains useful after current-main rebase
V1-ENT-0289,work,location_note,user_review,TEMPLATE_REWRITE_REQUIRED,V1-REL-0221,SRC-0225,yes,low,模板/书目转写:不新增,REWRITE_PIPELINE,USER_REVIEW_HIGH_JUDGMENT,STILL_VALID,candidate remains useful after current-main rebase
V1-ENT-0289,work,next_reads,user_review,HIGH_JUDGMENT_USER_REQUIRED,V1-REL-0214;V1-REL-0215,SRC-0225;SRC-0227,yes,high,by field default:延伸阅读推荐,USER_REVIEW_BATCH,USER_REVIEW_HIGH_JUDGMENT,STILL_VALID,candidate remains useful after current-main rebase
V1-ENT-0289,work,reading_approach,user_review,TEMPLATE_REWRITE_REQUIRED,V1-FCT-0744;V1-FCT-0745,SRC-0225;SRC-0226,yes,high,模板/书目转写:出版节点,REWRITE_PIPELINE,USER_REVIEW_HIGH_JUDGMENT,STILL_VALID,candidate remains useful after current-main rebase
V1-ENT-0289,work,story_intro,user_review,TEMPLATE_REWRITE_REQUIRED,V1-FCT-0744;V1-FCT-0745;V1-FCT-0746,SRC-0225;SRC-0226,yes,low,模板/书目转写:书目转写句式,REWRITE_PIPELINE,USER_REVIEW_HIGH_JUDGMENT,STILL_VALID,candidate remains useful after current-main rebase
V1-ENT-0289,work,theme_explanations,user_review,TEMPLATE_REWRITE_REQUIRED,V1-FCT-0744,SRC-0225,yes,high,模板/书目转写:书目式标签,REWRITE_PIPELINE,USER_REVIEW_HIGH_JUDGMENT,STILL_VALID,candidate remains useful after current-main rebase
V1-ENT-0289,work,why_read,user_review,TEMPLATE_REWRITE_REQUIRED,V1-FCT-0744;V1-FCT-0745,SRC-0225;SRC-0226,yes,high,模板/书目转写:先核对,REWRITE_PIPELINE,USER_REVIEW_HIGH_JUDGMENT,STILL_VALID,candidate remains useful after current-main rebase
V1-ENT-0290,work,guiding_question,user_review,TEMPLATE_REWRITE_REQUIRED,V1-FCT-0759;V1-FCT-0760,SRC-0227,yes,high,模板/书目转写:书目位置,REWRITE_PIPELINE,USER_REVIEW_HIGH_JUDGMENT,STILL_VALID,candidate remains useful after current-main rebase
V1-ENT-0290,work,location_note,user_review,TEMPLATE_REWRITE_REQUIRED,V1-REL-0222,SRC-0227,yes,low,"模板/书目转写:研究层,不增加",REWRITE_PIPELINE,USER_REVIEW_HIGH_JUDGMENT,STILL_VALID,candidate remains useful after current-main rebase
V1-ENT-0290,work,next_reads,user_review,TEMPLATE_REWRITE_REQUIRED,V1-REL-0215;V1-REL-0218,SRC-0227;SRC-0229,yes,high,模板/书目转写:继续到,REWRITE_PIPELINE,USER_REVIEW_HIGH_JUDGMENT,STILL_VALID,candidate remains useful after current-main rebase
V1-ENT-0290,work,reading_approach,user_review,TEMPLATE_REWRITE_REQUIRED,V1-FCT-0759;V1-FCT-0760,SRC-0227,yes,high,模板/书目转写:书目转写句式,REWRITE_PIPELINE,USER_REVIEW_HIGH_JUDGMENT,STILL_VALID,candidate remains useful after current-main rebase
V1-ENT-0290,work,story_intro,user_review,TEMPLATE_REWRITE_REQUIRED,V1-FCT-0759;V1-FCT-0760;V1-FCT-0761,SRC-0227;SRC-0228,yes,low,模板/书目转写:书目位置,REWRITE_PIPELINE,USER_REVIEW_HIGH_JUDGMENT,STILL_VALID,candidate remains useful after current-main rebase
V1-ENT-0290,work,theme_explanations,user_review,TEMPLATE_REWRITE_REQUIRED,V1-FCT-0759,SRC-0227,yes,high,模板/书目转写:书目入口,REWRITE_PIPELINE,USER_REVIEW_HIGH_JUDGMENT,STILL_VALID,candidate remains useful after current-main rebase
V1-ENT-0290,work,why_read,user_review,TEMPLATE_REWRITE_REQUIRED,V1-FCT-0759;V1-FCT-0760,SRC-0227;SRC-0228,yes,high,模板句标记:并读,REWRITE_PIPELINE,USER_REVIEW_HIGH_JUDGMENT,STILL_VALID,candidate remains useful after current-main rebase
V1-ENT-0291,work,guiding_question,user_review,HIGH_JUDGMENT_USER_REQUIRED,V1-FCT-0763;V1-FCT-0764,SRC-0227,yes,high,by field default:引导问题阐释框架,USER_REVIEW_BATCH,USER_REVIEW_HIGH_JUDGMENT,STILL_VALID,candidate remains useful after current-main rebase
V1-ENT-0291,work,location_note,user_review,TEMPLATE_REWRITE_REQUIRED,V1-REL-0222,SRC-0228,yes,low,模板/书目转写:不进入,REWRITE_PIPELINE,USER_REVIEW_HIGH_JUDGMENT,STILL_VALID,candidate remains useful after current-main rebase
V1-ENT-0291,work,next_reads,user_review,TEMPLATE_REWRITE_REQUIRED,V1-REL-0216;V1-REL-0217,SRC-0227;SRC-0228,yes,high,模板/书目转写:继续到,REWRITE_PIPELINE,USER_REVIEW_HIGH_JUDGMENT,STILL_VALID,candidate remains useful after current-main rebase
V1-ENT-0291,work,reading_approach,user_review,TEMPLATE_REWRITE_REQUIRED,V1-FCT-0763;V1-FCT-0764,SRC-0227;SRC-0228,yes,high,模板/书目转写:先核对,REWRITE_PIPELINE,USER_REVIEW_HIGH_JUDGMENT,STILL_VALID,candidate remains useful after current-main rebase
V1-ENT-0291,work,story_intro,user_review,TEMPLATE_REWRITE_REQUIRED,V1-FCT-0763;V1-FCT-0764;V1-FCT-0765,SRC-0227;SRC-0228,yes,low,模板/书目转写:书目转写句式,REWRITE_PIPELINE,USER_REVIEW_HIGH_JUDGMENT,STILL_VALID,candidate remains useful after current-main rebase
V1-ENT-0291,work,theme_explanations,user_review,HIGH_JUDGMENT_USER_REQUIRED,V1-FCT-0763,SRC-0227,yes,high,by field default:主题解释判断,USER_REVIEW_BATCH,USER_REVIEW_HIGH_JUDGMENT,STILL_VALID,candidate remains useful after current-main rebase
V1-ENT-0291,work,why_read,user_review,TEMPLATE_REWRITE_REQUIRED,V1-FCT-0763;V1-FCT-0764,SRC-0227;SRC-0228,yes,high,"模板/书目转写:出版节点,先定位",REWRITE_PIPELINE,USER_REVIEW_HIGH_JUDGMENT,STILL_VALID,candidate remains useful after current-main rebase
V1-ENT-0292,work,guiding_question,user_review,HIGH_JUDGMENT_USER_REQUIRED,V1-FCT-0767;V1-FCT-0768,SRC-0227,yes,high,by field default:引导问题阐释框架,USER_REVIEW_BATCH,USER_REVIEW_HIGH_JUDGMENT,STILL_VALID,candidate remains useful after current-main rebase
V1-ENT-0292,work,location_note,user_review,TEMPLATE_REWRITE_REQUIRED,V1-REL-0222,SRC-0227,yes,low,模板/书目转写:不增加,REWRITE_PIPELINE,USER_REVIEW_HIGH_JUDGMENT,STILL_VALID,candidate remains useful after current-main rebase
V1-ENT-0292,work,next_reads,user_review,HIGH_JUDGMENT_USER_REQUIRED,V1-REL-0217;V1-REL-0212,SRC-0227;SRC-0225,yes,high,by field default:延伸阅读推荐,USER_REVIEW_BATCH,USER_REVIEW_HIGH_JUDGMENT,STILL_VALID,candidate remains useful after current-main rebase
V1-ENT-0292,work,reading_approach,user_review,TEMPLATE_REWRITE_REQUIRED,V1-FCT-0767;V1-FCT-0768,SRC-0227;SRC-0228,yes,high,模板/书目转写:书目位置,REWRITE_PIPELINE,USER_REVIEW_HIGH_JUDGMENT,STILL_VALID,candidate remains useful after current-main rebase
V1-ENT-0292,work,story_intro,user_review,TEMPLATE_REWRITE_REQUIRED,V1-FCT-0767;V1-FCT-0768;V1-FCT-0769,SRC-0227;SRC-0228,yes,low,模板/书目转写:保留为,REWRITE_PIPELINE,USER_REVIEW_HIGH_JUDGMENT,STILL_VALID,candidate remains useful after current-main rebase
V1-ENT-0292,work,theme_explanations,user_review,HIGH_JUDGMENT_USER_REQUIRED,V1-FCT-0767,SRC-0227,yes,high,by field default:主题解释判断,USER_REVIEW_BATCH,USER_REVIEW_HIGH_JUDGMENT,STILL_VALID,candidate remains useful after current-main rebase
V1-ENT-0292,work,why_read,user_review,TEMPLATE_REWRITE_REQUIRED,V1-FCT-0767;V1-FCT-0768,SRC-0227;SRC-0228,yes,high,"模板/书目转写:书目位置,先确认",REWRITE_PIPELINE,USER_REVIEW_HIGH_JUDGMENT,STILL_VALID,candidate remains useful after current-main rebase
V1-ENT-0293,work,guiding_question,user_review,TEMPLATE_REWRITE_REQUIRED,V1-FCT-0782;V1-FCT-0783,SRC-0229,yes,high,模板/书目转写:出版节点,REWRITE_PIPELINE,USER_REVIEW_HIGH_JUDGMENT,STILL_VALID,candidate remains useful after current-main rebase
V1-ENT-0293,work,location_note,user_review,TEMPLATE_REWRITE_REQUIRED,V1-REL-0223,SRC-0229,yes,low,模板句标记:本批,REWRITE_PIPELINE,USER_REVIEW_HIGH_JUDGMENT,STILL_VALID,candidate remains useful after current-main rebase
V1-ENT-0293,work,next_reads,user_review,TEMPLATE_REWRITE_REQUIRED,V1-REL-0218;V1-REL-0219,SRC-0229;SRC-0230,yes,high,模板/书目转写:继续到,REWRITE_PIPELINE,USER_REVIEW_HIGH_JUDGMENT,STILL_VALID,candidate remains useful after current-main rebase
V1-ENT-0293,work,reading_approach,user_review,TEMPLATE_REWRITE_REQUIRED,V1-FCT-0782;V1-FCT-0783,SRC-0229;SRC-0230,yes,high,模板/书目转写:先记录,REWRITE_PIPELINE,USER_REVIEW_HIGH_JUDGMENT,STILL_VALID,candidate remains useful after current-main rebase
V1-ENT-0293,work,story_intro,user_review,TEMPLATE_REWRITE_REQUIRED,V1-FCT-0782;V1-FCT-0783;V1-FCT-0784,SRC-0229;SRC-0230,yes,low,模板/书目转写:书目转写句式,REWRITE_PIPELINE,USER_REVIEW_HIGH_JUDGMENT,STILL_VALID,candidate remains useful after current-main rebase
V1-ENT-0293,work,theme_explanations,user_review,TEMPLATE_REWRITE_REQUIRED,V1-FCT-0782,SRC-0229,yes,high,模板/书目转写:书目式标签,REWRITE_PIPELINE,USER_REVIEW_HIGH_JUDGMENT,STILL_VALID,candidate remains useful after current-main rebase
V1-ENT-0293,work,why_read,user_review,TEMPLATE_REWRITE_REQUIRED,V1-FCT-0782;V1-FCT-0783,SRC-0229;SRC-0230,yes,high,"模板/书目转写:出版节点,先核对",REWRITE_PIPELINE,USER_REVIEW_HIGH_JUDGMENT,STILL_VALID,candidate remains useful after current-main rebase
V1-ENT-0294,work,guiding_question,user_review,TEMPLATE_REWRITE_REQUIRED,V1-FCT-0778;V1-FCT-0781,SRC-0230,yes,high,模板/书目转写:书目转写句式,REWRITE_PIPELINE,USER_REVIEW_HIGH_JUDGMENT,STILL_VALID,candidate remains useful after current-main rebase
V1-ENT-0294,work,location_note,user_review,TEMPLATE_REWRITE_REQUIRED,V1-REL-0223,SRC-0230,yes,low,模板/书目转写:SET_IN,REWRITE_PIPELINE,USER_REVIEW_HIGH_JUDGMENT,STILL_VALID,candidate remains useful after current-main rebase
V1-ENT-0294,work,next_reads,user_review,HIGH_JUDGMENT_USER_REQUIRED,V1-REL-0219;V1-REL-0213,SRC-0230;SRC-0225,yes,high,by field default:延伸阅读推荐,USER_REVIEW_BATCH,USER_REVIEW_HIGH_JUDGMENT,STILL_VALID,candidate remains useful after current-main rebase
V1-ENT-0294,work,reading_approach,user_review,TEMPLATE_REWRITE_REQUIRED,V1-FCT-0778;V1-FCT-0779,SRC-0229;SRC-0230,yes,high,模板/书目转写:书目定位,REWRITE_PIPELINE,USER_REVIEW_HIGH_JUDGMENT,STILL_VALID,candidate remains useful after current-main rebase
V1-ENT-0294,work,story_intro,user_review,TEMPLATE_REWRITE_REQUIRED,V1-FCT-0778;V1-FCT-0779;V1-FCT-0781,SRC-0229;SRC-0230,yes,low,模板/书目转写:书目转写句式,REWRITE_PIPELINE,USER_REVIEW_HIGH_JUDGMENT,STILL_VALID,candidate remains useful after current-main rebase
V1-ENT-0294,work,theme_explanations,user_review,TEMPLATE_REWRITE_REQUIRED,V1-FCT-0778;V1-FCT-0781,SRC-0230,yes,high,模板/书目转写:书目式标签,REWRITE_PIPELINE,USER_REVIEW_HIGH_JUDGMENT,STILL_VALID,candidate remains useful after current-main rebase
V1-ENT-0294,work,why_read,user_review,TEMPLATE_REWRITE_REQUIRED,V1-FCT-0778;V1-FCT-0779,SRC-0229;SRC-0230,yes,high,模板/书目转写:先确认,REWRITE_PIPELINE,USER_REVIEW_HIGH_JUDGMENT,STILL_VALID,candidate remains useful after current-main rebase
V1-ENT-0295,work,guiding_question,user_review,HIGH_JUDGMENT_USER_REQUIRED,V1-FCT-0778;V1-FCT-0779,SRC-0229,yes,high,by field default:引导问题阐释框架,USER_REVIEW_BATCH,USER_REVIEW_HIGH_JUDGMENT,STILL_VALID,candidate remains useful after current-main rebase
V1-ENT-0295,work,location_note,user_review,TEMPLATE_REWRITE_REQUIRED,V1-REL-0223,SRC-0229,yes,low,模板/书目转写:不新增,REWRITE_PIPELINE,USER_REVIEW_HIGH_JUDGMENT,STILL_VALID,candidate remains useful after current-main rebase
V1-ENT-0295,work,next_reads,user_review,TEMPLATE_REWRITE_REQUIRED,V1-REL-0218;V1-REL-0219,SRC-0229;SRC-0230,yes,high,模板/书目转写:继续到,REWRITE_PIPELINE,USER_REVIEW_HIGH_JUDGMENT,STILL_VALID,candidate remains useful after current-main rebase
V1-ENT-0295,work,reading_approach,user_review,TEMPLATE_REWRITE_REQUIRED,V1-FCT-0778;V1-FCT-0779,SRC-0229;SRC-0230,yes,high,模板/书目转写:书目转写句式,REWRITE_PIPELINE,USER_REVIEW_HIGH_JUDGMENT,STILL_VALID,candidate remains useful after current-main rebase
V1-ENT-0295,work,story_intro,user_review,TEMPLATE_REWRITE_REQUIRED,V1-FCT-0778;V1-FCT-0779;V1-FCT-0780,SRC-0229;SRC-0230,yes,low,模板句标记:本批,REWRITE_PIPELINE,USER_REVIEW_HIGH_JUDGMENT,STILL_VALID,candidate remains useful after current-main rebase
V1-ENT-0295,work,theme_explanations,user_review,HIGH_JUDGMENT_USER_REQUIRED,V1-FCT-0778,SRC-0229,yes,high,by field default:主题解释判断,USER_REVIEW_BATCH,USER_REVIEW_HIGH_JUDGMENT,STILL_VALID,candidate remains useful after current-main rebase
V1-ENT-0295,work,why_read,user_review,TEMPLATE_REWRITE_REQUIRED,V1-FCT-0778;V1-FCT-0779,SRC-0229;SRC-0230,yes,high,模板/书目转写:先定位,REWRITE_PIPELINE,USER_REVIEW_HIGH_JUDGMENT,STILL_VALID,candidate remains useful after current-main rebase
V1-ENT-0299,work,guiding_question,user_review,HIGH_JUDGMENT_USER_REQUIRED,V1-FCT-0795;V1-FCT-0797;V1-FCT-0796,SRC-0231;SRC-0232,yes,high,by field default:引导问题阐释框架,USER_REVIEW_BATCH,USER_REVIEW_HIGH_JUDGMENT,STILL_VALID,candidate remains useful after current-main rebase
V1-ENT-0299,work,location_note,user_review,TEMPLATE_REWRITE_REQUIRED,,SRC-0231;SRC-0232,partial,low,模板句标记:本批,REWRITE_PIPELINE,USER_REVIEW_HIGH_JUDGMENT,STILL_VALID,candidate remains useful after current-main rebase
V1-ENT-0299,work,next_reads,user_review,TEMPLATE_REWRITE_REQUIRED,V1-FCT-0795;V1-FCT-0797;V1-FCT-0796,SRC-0231;SRC-0232,yes,high,模板/书目转写:同字段模板雷同×9,REWRITE_PIPELINE,USER_REVIEW_HIGH_JUDGMENT,STILL_VALID,candidate remains useful after current-main rebase
V1-ENT-0299,work,reading_approach,user_review,TEMPLATE_REWRITE_REQUIRED,V1-FCT-0795;V1-FCT-0797;V1-FCT-0796,SRC-0231;SRC-0232,yes,high,模板/书目转写:先记录,REWRITE_PIPELINE,USER_REVIEW_HIGH_JUDGMENT,STILL_VALID,candidate remains useful after current-main rebase
V1-ENT-0299,work,story_intro,user_review,TEMPLATE_REWRITE_REQUIRED,V1-FCT-0795;V1-FCT-0797;V1-FCT-0796,SRC-0231;SRC-0232,yes,low,"模板句标记:本批,可回溯",REWRITE_PIPELINE,USER_REVIEW_HIGH_JUDGMENT,STILL_VALID,candidate remains useful after current-main rebase
V1-ENT-0299,work,theme_explanations,user_review,TEMPLATE_REWRITE_REQUIRED,V1-FCT-0795;V1-FCT-0797;V1-FCT-0796,SRC-0231;SRC-0232,yes,high,模板/书目转写:书目式标签,REWRITE_PIPELINE,USER_REVIEW_HIGH_JUDGMENT,STILL_VALID,candidate remains useful after current-main rebase
V1-ENT-0299,work,why_read,user_review,TEMPLATE_REWRITE_REQUIRED,V1-FCT-0795;V1-FCT-0797;V1-FCT-0796,SRC-0231;SRC-0232,yes,high,模板句标记:并读,REWRITE_PIPELINE,USER_REVIEW_HIGH_JUDGMENT,STILL_VALID,candidate remains useful after current-main rebase
V1-ENT-0300,work,guiding_question,user_review,HIGH_JUDGMENT_USER_REQUIRED,V1-FCT-0798;V1-FCT-0799,SRC-0231;SRC-0232,yes,high,by field default:引导问题阐释框架,USER_REVIEW_BATCH,USER_REVIEW_HIGH_JUDGMENT,STILL_VALID,candidate remains useful after current-main rebase
V1-ENT-0300,work,location_note,user_review,TEMPLATE_REWRITE_REQUIRED,,SRC-0231;SRC-0232,partial,low,模板句标记:本批,REWRITE_PIPELINE,USER_REVIEW_HIGH_JUDGMENT,STILL_VALID,candidate remains useful after current-main rebase
V1-ENT-0300,work,next_reads,user_review,TEMPLATE_REWRITE_REQUIRED,V1-FCT-0798;V1-FCT-0799,SRC-0231;SRC-0232,yes,high,模板/书目转写:同字段模板雷同×9,REWRITE_PIPELINE,USER_REVIEW_HIGH_JUDGMENT,STILL_VALID,candidate remains useful after current-main rebase
V1-ENT-0300,work,reading_approach,user_review,TEMPLATE_REWRITE_REQUIRED,V1-FCT-0798;V1-FCT-0799,SRC-0231;SRC-0232,yes,high,模板/书目转写:先记录,REWRITE_PIPELINE,USER_REVIEW_HIGH_JUDGMENT,STILL_VALID,candidate remains useful after current-main rebase
V1-ENT-0300,work,story_intro,user_review,TEMPLATE_REWRITE_REQUIRED,V1-FCT-0798;V1-FCT-0799,SRC-0231;SRC-0232,yes,low,"模板句标记:本批,可回溯",REWRITE_PIPELINE,USER_REVIEW_HIGH_JUDGMENT,STILL_VALID,candidate remains useful after current-main rebase
V1-ENT-0300,work,theme_explanations,user_review,TEMPLATE_REWRITE_REQUIRED,V1-FCT-0798;V1-FCT-0799,SRC-0231;SRC-0232,yes,high,模板/书目转写:书目式标签,REWRITE_PIPELINE,USER_REVIEW_HIGH_JUDGMENT,STILL_VALID,candidate remains useful after current-main rebase
V1-ENT-0300,work,why_read,user_review,TEMPLATE_REWRITE_REQUIRED,V1-FCT-0798;V1-FCT-0799,SRC-0231;SRC-0232,yes,high,模板句标记:并读,REWRITE_PIPELINE,USER_REVIEW_HIGH_JUDGMENT,STILL_VALID,candidate remains useful after current-main rebase
V1-ENT-0301,work,guiding_question,user_review,HIGH_JUDGMENT_USER_REQUIRED,V1-FCT-0800;V1-FCT-0801,SRC-0231;SRC-0232,yes,high,by field default:引导问题阐释框架,USER_REVIEW_BATCH,USER_REVIEW_HIGH_JUDGMENT,STILL_VALID,candidate remains useful after current-main rebase
V1-ENT-0301,work,location_note,user_review,TEMPLATE_REWRITE_REQUIRED,,SRC-0231;SRC-0232,partial,low,模板句标记:本批,REWRITE_PIPELINE,USER_REVIEW_HIGH_JUDGMENT,STILL_VALID,candidate remains useful after current-main rebase
V1-ENT-0301,work,next_reads,user_review,TEMPLATE_REWRITE_REQUIRED,V1-FCT-0800;V1-FCT-0801,SRC-0231;SRC-0232,yes,high,模板/书目转写:同字段模板雷同×9,REWRITE_PIPELINE,USER_REVIEW_HIGH_JUDGMENT,STILL_VALID,candidate remains useful after current-main rebase
V1-ENT-0301,work,reading_approach,user_review,TEMPLATE_REWRITE_REQUIRED,V1-FCT-0800;V1-FCT-0801,SRC-0231;SRC-0232,yes,high,模板/书目转写:先记录,REWRITE_PIPELINE,USER_REVIEW_HIGH_JUDGMENT,STILL_VALID,candidate remains useful after current-main rebase
V1-ENT-0301,work,story_intro,user_review,TEMPLATE_REWRITE_REQUIRED,V1-FCT-0800;V1-FCT-0801,SRC-0231;SRC-0232,yes,low,"模板句标记:本批,可回溯",REWRITE_PIPELINE,USER_REVIEW_HIGH_JUDGMENT,STILL_VALID,candidate remains useful after current-main rebase
V1-ENT-0301,work,theme_explanations,user_review,TEMPLATE_REWRITE_REQUIRED,V1-FCT-0800;V1-FCT-0801,SRC-0231;SRC-0232,yes,high,模板/书目转写:书目式标签,REWRITE_PIPELINE,USER_REVIEW_HIGH_JUDGMENT,STILL_VALID,candidate remains useful after current-main rebase
V1-ENT-0301,work,why_read,user_review,TEMPLATE_REWRITE_REQUIRED,V1-FCT-0800;V1-FCT-0801,SRC-0231;SRC-0232,yes,high,模板句标记:并读,REWRITE_PIPELINE,USER_REVIEW_HIGH_JUDGMENT,STILL_VALID,candidate remains useful after current-main rebase
V1-ENT-0302,work,guiding_question,user_review,HIGH_JUDGMENT_USER_REQUIRED,V1-FCT-0802;V1-FCT-0804;V1-FCT-0803,SRC-0235;SRC-0236;SRC-0237;SRC-0238,yes,high,by field default:引导问题阐释框架,USER_REVIEW_BATCH,USER_REVIEW_HIGH_JUDGMENT,STILL_VALID,candidate remains useful after current-main rebase
V1-ENT-0302,work,location_note,user_review,TEMPLATE_REWRITE_REQUIRED,,SRC-0235;SRC-0236;SRC-0237;SRC-0238,partial,low,模板句标记:本批,REWRITE_PIPELINE,USER_REVIEW_HIGH_JUDGMENT,STILL_VALID,candidate remains useful after current-main rebase
V1-ENT-0302,work,next_reads,user_review,TEMPLATE_REWRITE_REQUIRED,V1-FCT-0802;V1-FCT-0804;V1-FCT-0803,SRC-0235;SRC-0236;SRC-0237;SRC-0238,yes,high,模板/书目转写:同字段模板雷同×9,REWRITE_PIPELINE,USER_REVIEW_HIGH_JUDGMENT,STILL_VALID,candidate remains useful after current-main rebase
V1-ENT-0302,work,reading_approach,user_review,TEMPLATE_REWRITE_REQUIRED,V1-FCT-0802;V1-FCT-0804;V1-FCT-0803,SRC-0235;SRC-0236;SRC-0237;SRC-0238,yes,high,模板/书目转写:先记录,REWRITE_PIPELINE,USER_REVIEW_HIGH_JUDGMENT,STILL_VALID,candidate remains useful after current-main rebase
V1-ENT-0302,work,story_intro,user_review,TEMPLATE_REWRITE_REQUIRED,V1-FCT-0802;V1-FCT-0804;V1-FCT-0803,SRC-0235;SRC-0236;SRC-0237;SRC-0238,yes,low,"模板句标记:本批,可回溯",REWRITE_PIPELINE,USER_REVIEW_HIGH_JUDGMENT,STILL_VALID,candidate remains useful after current-main rebase
V1-ENT-0302,work,theme_explanations,user_review,TEMPLATE_REWRITE_REQUIRED,V1-FCT-0802;V1-FCT-0804;V1-FCT-0803,SRC-0235;SRC-0236;SRC-0237;SRC-0238,yes,high,模板/书目转写:书目式标签,REWRITE_PIPELINE,USER_REVIEW_HIGH_JUDGMENT,STILL_VALID,candidate remains useful after current-main rebase
V1-ENT-0302,work,why_read,user_review,TEMPLATE_REWRITE_REQUIRED,V1-FCT-0802;V1-FCT-0804;V1-FCT-0803,SRC-0235;SRC-0236;SRC-0237;SRC-0238,yes,high,模板句标记:并读,REWRITE_PIPELINE,USER_REVIEW_HIGH_JUDGMENT,STILL_VALID,candidate remains useful after current-main rebase
V1-ENT-0303,work,guiding_question,user_review,HIGH_JUDGMENT_USER_REQUIRED,V1-FCT-0805;V1-FCT-0806;V1-FCT-0807,SRC-0235;SRC-0236;SRC-0237;SRC-0238,yes,high,by field default:引导问题阐释框架,USER_REVIEW_BATCH,USER_REVIEW_HIGH_JUDGMENT,STILL_VALID,candidate remains useful after current-main rebase
V1-ENT-0303,work,location_note,user_review,TEMPLATE_REWRITE_REQUIRED,,SRC-0235;SRC-0236;SRC-0237;SRC-0238,partial,low,模板句标记:本批,REWRITE_PIPELINE,USER_REVIEW_HIGH_JUDGMENT,STILL_VALID,candidate remains useful after current-main rebase
V1-ENT-0303,work,next_reads,user_review,TEMPLATE_REWRITE_REQUIRED,V1-FCT-0805;V1-FCT-0806;V1-FCT-0807,SRC-0235;SRC-0236;SRC-0237;SRC-0238,yes,high,模板/书目转写:同字段模板雷同×9,REWRITE_PIPELINE,USER_REVIEW_HIGH_JUDGMENT,STILL_VALID,candidate remains useful after current-main rebase
V1-ENT-0303,work,reading_approach,user_review,TEMPLATE_REWRITE_REQUIRED,V1-FCT-0805;V1-FCT-0806;V1-FCT-0807,SRC-0235;SRC-0236;SRC-0237;SRC-0238,yes,high,模板/书目转写:先记录,REWRITE_PIPELINE,USER_REVIEW_HIGH_JUDGMENT,STILL_VALID,candidate remains useful after current-main rebase
V1-ENT-0303,work,story_intro,user_review,TEMPLATE_REWRITE_REQUIRED,V1-FCT-0805;V1-FCT-0806;V1-FCT-0807,SRC-0235;SRC-0236;SRC-0237;SRC-0238,yes,low,"模板句标记:本批,可回溯",REWRITE_PIPELINE,USER_REVIEW_HIGH_JUDGMENT,STILL_VALID,candidate remains useful after current-main rebase
V1-ENT-0303,work,theme_explanations,user_review,TEMPLATE_REWRITE_REQUIRED,V1-FCT-0805;V1-FCT-0806;V1-FCT-0807,SRC-0235;SRC-0236;SRC-0237;SRC-0238,yes,high,模板/书目转写:书目式标签,REWRITE_PIPELINE,USER_REVIEW_HIGH_JUDGMENT,STILL_VALID,candidate remains useful after current-main rebase
V1-ENT-0303,work,why_read,user_review,TEMPLATE_REWRITE_REQUIRED,V1-FCT-0805;V1-FCT-0806;V1-FCT-0807,SRC-0235;SRC-0236;SRC-0237;SRC-0238,yes,high,模板句标记:并读,REWRITE_PIPELINE,USER_REVIEW_HIGH_JUDGMENT,STILL_VALID,candidate remains useful after current-main rebase
V1-ENT-0304,work,guiding_question,user_review,HIGH_JUDGMENT_USER_REQUIRED,V1-FCT-0808;V1-FCT-0809,SRC-0235;SRC-0236;SRC-0237;SRC-0238,yes,high,by field default:引导问题阐释框架,USER_REVIEW_BATCH,USER_REVIEW_HIGH_JUDGMENT,STILL_VALID,candidate remains useful after current-main rebase
V1-ENT-0304,work,location_note,user_review,TEMPLATE_REWRITE_REQUIRED,,SRC-0235;SRC-0236;SRC-0237;SRC-0238,partial,low,模板句标记:本批,REWRITE_PIPELINE,USER_REVIEW_HIGH_JUDGMENT,STILL_VALID,candidate remains useful after current-main rebase
V1-ENT-0304,work,next_reads,user_review,TEMPLATE_REWRITE_REQUIRED,V1-FCT-0808;V1-FCT-0809,SRC-0235;SRC-0236;SRC-0237;SRC-0238,yes,high,模板/书目转写:同字段模板雷同×9,REWRITE_PIPELINE,USER_REVIEW_HIGH_JUDGMENT,STILL_VALID,candidate remains useful after current-main rebase
V1-ENT-0304,work,reading_approach,user_review,TEMPLATE_REWRITE_REQUIRED,V1-FCT-0808;V1-FCT-0809,SRC-0235;SRC-0236;SRC-0237;SRC-0238,yes,high,模板/书目转写:先记录,REWRITE_PIPELINE,USER_REVIEW_HIGH_JUDGMENT,STILL_VALID,candidate remains useful after current-main rebase
V1-ENT-0304,work,story_intro,user_review,TEMPLATE_REWRITE_REQUIRED,V1-FCT-0808;V1-FCT-0809,SRC-0235;SRC-0236;SRC-0237;SRC-0238,yes,low,"模板句标记:本批,可回溯",REWRITE_PIPELINE,USER_REVIEW_HIGH_JUDGMENT,STILL_VALID,candidate remains useful after current-main rebase
V1-ENT-0304,work,theme_explanations,user_review,TEMPLATE_REWRITE_REQUIRED,V1-FCT-0808;V1-FCT-0809,SRC-0235;SRC-0236;SRC-0237;SRC-0238,yes,high,模板/书目转写:书目式标签,REWRITE_PIPELINE,USER_REVIEW_HIGH_JUDGMENT,STILL_VALID,candidate remains useful after current-main rebase
V1-ENT-0304,work,why_read,user_review,TEMPLATE_REWRITE_REQUIRED,V1-FCT-0808;V1-FCT-0809,SRC-0235;SRC-0236;SRC-0237;SRC-0238,yes,high,模板句标记:并读,REWRITE_PIPELINE,USER_REVIEW_HIGH_JUDGMENT,STILL_VALID,candidate remains useful after current-main rebase
V1-ENT-0305,work,guiding_question,user_review,HIGH_JUDGMENT_USER_REQUIRED,V1-FCT-0810;V1-FCT-0812;V1-FCT-0811,SRC-0239;SRC-0240,yes,high,by field default:引导问题阐释框架,USER_REVIEW_BATCH,USER_REVIEW_HIGH_JUDGMENT,STILL_VALID,candidate remains useful after current-main rebase
V1-ENT-0305,work,location_note,user_review,TEMPLATE_REWRITE_REQUIRED,,SRC-0239;SRC-0240,partial,low,模板句标记:本批,REWRITE_PIPELINE,USER_REVIEW_HIGH_JUDGMENT,STILL_VALID,candidate remains useful after current-main rebase
V1-ENT-0305,work,next_reads,user_review,TEMPLATE_REWRITE_REQUIRED,V1-FCT-0810;V1-FCT-0812;V1-FCT-0811,SRC-0239;SRC-0240,yes,high,模板/书目转写:同字段模板雷同×9,REWRITE_PIPELINE,USER_REVIEW_HIGH_JUDGMENT,STILL_VALID,candidate remains useful after current-main rebase
V1-ENT-0305,work,reading_approach,user_review,TEMPLATE_REWRITE_REQUIRED,V1-FCT-0810;V1-FCT-0812;V1-FCT-0811,SRC-0239;SRC-0240,yes,high,模板/书目转写:先记录,REWRITE_PIPELINE,USER_REVIEW_HIGH_JUDGMENT,STILL_VALID,candidate remains useful after current-main rebase
V1-ENT-0305,work,story_intro,user_review,TEMPLATE_REWRITE_REQUIRED,V1-FCT-0810;V1-FCT-0812;V1-FCT-0811,SRC-0239;SRC-0240,yes,low,"模板句标记:本批,可回溯",REWRITE_PIPELINE,USER_REVIEW_HIGH_JUDGMENT,STILL_VALID,candidate remains useful after current-main rebase
V1-ENT-0305,work,theme_explanations,user_review,TEMPLATE_REWRITE_REQUIRED,V1-FCT-0810;V1-FCT-0812;V1-FCT-0811,SRC-0239;SRC-0240,yes,high,模板/书目转写:书目式标签,REWRITE_PIPELINE,USER_REVIEW_HIGH_JUDGMENT,STILL_VALID,candidate remains useful after current-main rebase
V1-ENT-0305,work,why_read,user_review,TEMPLATE_REWRITE_REQUIRED,V1-FCT-0810;V1-FCT-0812;V1-FCT-0811,SRC-0239;SRC-0240,yes,high,模板句标记:并读,REWRITE_PIPELINE,USER_REVIEW_HIGH_JUDGMENT,STILL_VALID,candidate remains useful after current-main rebase
V1-ENT-0306,work,guiding_question,user_review,HIGH_JUDGMENT_USER_REQUIRED,V1-FCT-0813;V1-FCT-0815;V1-FCT-0814,SRC-0239;SRC-0240,yes,high,by field default:引导问题阐释框架,USER_REVIEW_BATCH,USER_REVIEW_HIGH_JUDGMENT,STILL_VALID,candidate remains useful after current-main rebase
V1-ENT-0306,work,location_note,user_review,TEMPLATE_REWRITE_REQUIRED,,SRC-0239;SRC-0240,partial,low,模板句标记:本批,REWRITE_PIPELINE,USER_REVIEW_HIGH_JUDGMENT,STILL_VALID,candidate remains useful after current-main rebase
V1-ENT-0306,work,next_reads,user_review,TEMPLATE_REWRITE_REQUIRED,V1-FCT-0813;V1-FCT-0815;V1-FCT-0814,SRC-0239;SRC-0240,yes,high,模板/书目转写:同字段模板雷同×9,REWRITE_PIPELINE,USER_REVIEW_HIGH_JUDGMENT,STILL_VALID,candidate remains useful after current-main rebase
V1-ENT-0306,work,reading_approach,user_review,TEMPLATE_REWRITE_REQUIRED,V1-FCT-0813;V1-FCT-0815;V1-FCT-0814,SRC-0239;SRC-0240,yes,high,模板/书目转写:先记录,REWRITE_PIPELINE,USER_REVIEW_HIGH_JUDGMENT,STILL_VALID,candidate remains useful after current-main rebase
V1-ENT-0306,work,story_intro,user_review,TEMPLATE_REWRITE_REQUIRED,V1-FCT-0813;V1-FCT-0815;V1-FCT-0814,SRC-0239;SRC-0240,yes,low,"模板句标记:本批,可回溯",REWRITE_PIPELINE,USER_REVIEW_HIGH_JUDGMENT,STILL_VALID,candidate remains useful after current-main rebase
V1-ENT-0306,work,theme_explanations,user_review,TEMPLATE_REWRITE_REQUIRED,V1-FCT-0813;V1-FCT-0815;V1-FCT-0814,SRC-0239;SRC-0240,yes,high,模板/书目转写:书目式标签,REWRITE_PIPELINE,USER_REVIEW_HIGH_JUDGMENT,STILL_VALID,candidate remains useful after current-main rebase
V1-ENT-0306,work,why_read,user_review,TEMPLATE_REWRITE_REQUIRED,V1-FCT-0813;V1-FCT-0815;V1-FCT-0814,SRC-0239;SRC-0240,yes,high,模板句标记:并读,REWRITE_PIPELINE,USER_REVIEW_HIGH_JUDGMENT,STILL_VALID,candidate remains useful after current-main rebase
V1-ENT-0307,work,guiding_question,user_review,HIGH_JUDGMENT_USER_REQUIRED,V1-FCT-0816;V1-FCT-0818;V1-FCT-0817,SRC-0239;SRC-0240,yes,high,by field default:引导问题阐释框架,USER_REVIEW_BATCH,USER_REVIEW_HIGH_JUDGMENT,STILL_VALID,candidate remains useful after current-main rebase
V1-ENT-0307,work,location_note,user_review,TEMPLATE_REWRITE_REQUIRED,,SRC-0239;SRC-0240,partial,low,模板句标记:本批,REWRITE_PIPELINE,USER_REVIEW_HIGH_JUDGMENT,STILL_VALID,candidate remains useful after current-main rebase
V1-ENT-0307,work,next_reads,user_review,TEMPLATE_REWRITE_REQUIRED,V1-FCT-0816;V1-FCT-0818;V1-FCT-0817,SRC-0239;SRC-0240,yes,high,模板/书目转写:同字段模板雷同×9,REWRITE_PIPELINE,USER_REVIEW_HIGH_JUDGMENT,STILL_VALID,candidate remains useful after current-main rebase
V1-ENT-0307,work,reading_approach,user_review,TEMPLATE_REWRITE_REQUIRED,V1-FCT-0816;V1-FCT-0818;V1-FCT-0817,SRC-0239;SRC-0240,yes,high,模板/书目转写:先记录,REWRITE_PIPELINE,USER_REVIEW_HIGH_JUDGMENT,STILL_VALID,candidate remains useful after current-main rebase
V1-ENT-0307,work,story_intro,user_review,TEMPLATE_REWRITE_REQUIRED,V1-FCT-0816;V1-FCT-0818;V1-FCT-0817,SRC-0239;SRC-0240,yes,low,"模板句标记:本批,可回溯",REWRITE_PIPELINE,USER_REVIEW_HIGH_JUDGMENT,STILL_VALID,candidate remains useful after current-main rebase
V1-ENT-0307,work,theme_explanations,user_review,TEMPLATE_REWRITE_REQUIRED,V1-FCT-0816;V1-FCT-0818;V1-FCT-0817,SRC-0239;SRC-0240,yes,high,模板/书目转写:书目式标签,REWRITE_PIPELINE,USER_REVIEW_HIGH_JUDGMENT,STILL_VALID,candidate remains useful after current-main rebase
V1-ENT-0307,work,why_read,user_review,TEMPLATE_REWRITE_REQUIRED,V1-FCT-0816;V1-FCT-0818;V1-FCT-0817,SRC-0239;SRC-0240,yes,high,模板句标记:并读,REWRITE_PIPELINE,USER_REVIEW_HIGH_JUDGMENT,STILL_VALID,candidate remains useful after current-main rebase
V1-ENT-0311,work,guiding_question,user_review,TEMPLATE_REWRITE_REQUIRED,V1-FCT-0823,SRC-0241,yes,high,模板/书目转写:书目位置,REWRITE_PIPELINE,USER_REVIEW_HIGH_JUDGMENT,STILL_VALID,candidate remains useful after current-main rebase
V1-ENT-0311,work,location_note,user_review,TEMPLATE_REWRITE_REQUIRED,V1-REL-0245,SRC-0241,yes,low,模板句标记:本批,REWRITE_PIPELINE,USER_REVIEW_HIGH_JUDGMENT,STILL_VALID,candidate remains useful after current-main rebase
V1-ENT-0311,work,next_reads,user_review,TEMPLATE_REWRITE_REQUIRED,V1-REL-0236;V1-REL-0239,SRC-0241,yes,high,模板/书目转写:书目转写句式,REWRITE_PIPELINE,USER_REVIEW_HIGH_JUDGMENT,STILL_VALID,candidate remains useful after current-main rebase
V1-ENT-0311,work,reading_approach,user_review,TEMPLATE_REWRITE_REQUIRED,V1-FCT-0823,SRC-0241,yes,high,模板/书目转写:书目定位,REWRITE_PIPELINE,USER_REVIEW_HIGH_JUDGMENT,STILL_VALID,candidate remains useful after current-main rebase
V1-ENT-0311,work,story_intro,user_review,TEMPLATE_REWRITE_REQUIRED,V1-FCT-0822;V1-FCT-0823,SRC-0241;SRC-0242,yes,low,模板句标记:不把,REWRITE_PIPELINE,USER_REVIEW_HIGH_JUDGMENT,STILL_VALID,candidate remains useful after current-main rebase
V1-ENT-0311,work,theme_explanations,user_review,TEMPLATE_REWRITE_REQUIRED,V1-FCT-0823,SRC-0241,yes,high,模板/书目转写:书目式标签,REWRITE_PIPELINE,USER_REVIEW_HIGH_JUDGMENT,STILL_VALID,candidate remains useful after current-main rebase
V1-ENT-0311,work,why_read,user_review,TEMPLATE_REWRITE_REQUIRED,V1-FCT-0822;V1-FCT-0823,SRC-0241;SRC-0242,yes,high,模板句标记:并读,REWRITE_PIPELINE,USER_REVIEW_HIGH_JUDGMENT,STILL_VALID,candidate remains useful after current-main rebase
V1-ENT-0312,work,guiding_question,user_review,TEMPLATE_REWRITE_REQUIRED,V1-FCT-0825,SRC-0241,yes,high,模板/书目转写:书目转写句式,REWRITE_PIPELINE,USER_REVIEW_HIGH_JUDGMENT,STILL_VALID,candidate remains useful after current-main rebase
V1-ENT-0312,work,location_note,user_review,TEMPLATE_REWRITE_REQUIRED,V1-REL-0245,SRC-0241,yes,low,模板/书目转写:不新增,REWRITE_PIPELINE,USER_REVIEW_HIGH_JUDGMENT,STILL_VALID,candidate remains useful after current-main rebase
V1-ENT-0312,work,next_reads,user_review,TEMPLATE_REWRITE_REQUIRED,V1-REL-0237;V1-REL-0238,SRC-0241,yes,high,模板/书目转写:继续到,REWRITE_PIPELINE,USER_REVIEW_HIGH_JUDGMENT,STILL_VALID,candidate remains useful after current-main rebase
V1-ENT-0312,work,reading_approach,user_review,TEMPLATE_REWRITE_REQUIRED,V1-FCT-0825,SRC-0241,yes,high,模板/书目转写:书目节点,REWRITE_PIPELINE,USER_REVIEW_HIGH_JUDGMENT,STILL_VALID,candidate remains useful after current-main rebase
V1-ENT-0312,work,story_intro,user_review,TEMPLATE_REWRITE_REQUIRED,V1-FCT-0824;V1-FCT-0825,SRC-0241;SRC-0242,yes,low,模板/书目转写:provisional,REWRITE_PIPELINE,USER_REVIEW_HIGH_JUDGMENT,STILL_VALID,candidate remains useful after current-main rebase
V1-ENT-0312,work,theme_explanations,user_review,TEMPLATE_REWRITE_REQUIRED,V1-FCT-0825,SRC-0241,yes,high,模板/书目转写:书目节点,REWRITE_PIPELINE,USER_REVIEW_HIGH_JUDGMENT,STILL_VALID,candidate remains useful after current-main rebase
V1-ENT-0312,work,why_read,user_review,TEMPLATE_REWRITE_REQUIRED,V1-FCT-0824;V1-FCT-0825,SRC-0241;SRC-0242,yes,high,模板/书目转写:先定位,REWRITE_PIPELINE,USER_REVIEW_HIGH_JUDGMENT,STILL_VALID,candidate remains useful after current-main rebase
V1-ENT-0313,work,guiding_question,user_review,TEMPLATE_REWRITE_REQUIRED,V1-FCT-0829,SRC-0241,yes,high,模板/书目转写:书目节点,REWRITE_PIPELINE,USER_REVIEW_HIGH_JUDGMENT,STILL_VALID,candidate remains useful after current-main rebase
V1-ENT-0313,work,location_note,user_review,TEMPLATE_REWRITE_REQUIRED,V1-REL-0245,SRC-0241,yes,low,模板/书目转写:不新增,REWRITE_PIPELINE,USER_REVIEW_HIGH_JUDGMENT,STILL_VALID,candidate remains useful after current-main rebase
V1-ENT-0313,work,next_reads,user_review,HIGH_JUDGMENT_USER_REQUIRED,V1-REL-0238;V1-REL-0240,SRC-0241,yes,high,by field default:延伸阅读推荐,USER_REVIEW_BATCH,USER_REVIEW_HIGH_JUDGMENT,STILL_VALID,candidate remains useful after current-main rebase
V1-ENT-0313,work,reading_approach,user_review,HIGH_JUDGMENT_USER_REQUIRED,V1-FCT-0829,SRC-0241,yes,high,by field default:阅读方法推荐,USER_REVIEW_BATCH,USER_REVIEW_HIGH_JUDGMENT,STILL_VALID,candidate remains useful after current-main rebase
V1-ENT-0313,work,story_intro,user_review,TEMPLATE_REWRITE_REQUIRED,V1-FCT-0828;V1-FCT-0829,SRC-0241;SRC-0242,yes,low,模板句标记:可回溯,REWRITE_PIPELINE,USER_REVIEW_HIGH_JUDGMENT,STILL_VALID,candidate remains useful after current-main rebase
V1-ENT-0313,work,theme_explanations,user_review,TEMPLATE_REWRITE_REQUIRED,V1-FCT-0829,SRC-0241,yes,high,模板/书目转写:书目式标签,REWRITE_PIPELINE,USER_REVIEW_HIGH_JUDGMENT,STILL_VALID,candidate remains useful after current-main rebase
V1-ENT-0313,work,why_read,user_review,TEMPLATE_REWRITE_REQUIRED,V1-FCT-0828;V1-FCT-0829,SRC-0241;SRC-0242,yes,high,"模板/书目转写:出版节点,先确认",REWRITE_PIPELINE,USER_REVIEW_HIGH_JUDGMENT,STILL_VALID,candidate remains useful after current-main rebase
V1-ENT-0314,work,guiding_question,user_review,HIGH_JUDGMENT_USER_REQUIRED,V1-FCT-0832,SRC-0243,yes,high,by field default:引导问题阐释框架,USER_REVIEW_BATCH,USER_REVIEW_HIGH_JUDGMENT,STILL_VALID,candidate remains useful after current-main rebase
V1-ENT-0314,work,location_note,user_review,TEMPLATE_REWRITE_REQUIRED,V1-REL-0246,SRC-0243,yes,low,模板/书目转写:不新增,REWRITE_PIPELINE,USER_REVIEW_HIGH_JUDGMENT,STILL_VALID,candidate remains useful after current-main rebase
V1-ENT-0314,work,next_reads,user_review,TEMPLATE_REWRITE_REQUIRED,V1-REL-0239;V1-REL-0240,SRC-0243,yes,high,模板/书目转写:继续到,REWRITE_PIPELINE,USER_REVIEW_HIGH_JUDGMENT,STILL_VALID,candidate remains useful after current-main rebase
V1-ENT-0314,work,reading_approach,user_review,TEMPLATE_REWRITE_REQUIRED,V1-FCT-0832;V1-FCT-0834,SRC-0243,yes,high,模板/书目转写:书目转写句式,REWRITE_PIPELINE,USER_REVIEW_HIGH_JUDGMENT,STILL_VALID,candidate remains useful after current-main rebase
V1-ENT-0314,work,story_intro,user_review,TEMPLATE_REWRITE_REQUIRED,V1-FCT-0832;V1-FCT-0833;V1-FCT-0834,SRC-0243;SRC-0244,yes,low,模板/书目转写:书目转写句式,REWRITE_PIPELINE,USER_REVIEW_HIGH_JUDGMENT,STILL_VALID,candidate remains useful after current-main rebase
V1-ENT-0314,work,theme_explanations,user_review,TEMPLATE_REWRITE_REQUIRED,V1-FCT-0832,SRC-0243,yes,high,模板/书目转写:书目式标签,REWRITE_PIPELINE,USER_REVIEW_HIGH_JUDGMENT,STILL_VALID,candidate remains useful after current-main rebase
V1-ENT-0314,work,why_read,user_review,TEMPLATE_REWRITE_REQUIRED,V1-FCT-0832;V1-FCT-0834,SRC-0243;SRC-0244,yes,high,模板/书目转写:先定位,REWRITE_PIPELINE,USER_REVIEW_HIGH_JUDGMENT,STILL_VALID,candidate remains useful after current-main rebase
V1-ENT-0315,work,guiding_question,user_review,HIGH_JUDGMENT_USER_REQUIRED,V1-FCT-0835,SRC-0243,yes,high,by field default:引导问题阐释框架,USER_REVIEW_BATCH,USER_REVIEW_HIGH_JUDGMENT,STILL_VALID,candidate remains useful after current-main rebase
V1-ENT-0315,work,location_note,user_review,TEMPLATE_REWRITE_REQUIRED,V1-REL-0246,SRC-0243,yes,low,模板/书目转写:不新增,REWRITE_PIPELINE,USER_REVIEW_HIGH_JUDGMENT,STILL_VALID,candidate remains useful after current-main rebase
V1-ENT-0315,work,next_reads,user_review,TEMPLATE_REWRITE_REQUIRED,V1-REL-0240;V1-REL-0241,SRC-0243,yes,high,模板/书目转写:继续到,REWRITE_PIPELINE,USER_REVIEW_HIGH_JUDGMENT,STILL_VALID,candidate remains useful after current-main rebase
V1-ENT-0315,work,reading_approach,user_review,HIGH_JUDGMENT_USER_REQUIRED,V1-FCT-0835,SRC-0243,yes,high,by field default:阅读方法推荐,USER_REVIEW_BATCH,USER_REVIEW_HIGH_JUDGMENT,STILL_VALID,candidate remains useful after current-main rebase
V1-ENT-0315,work,story_intro,user_review,TEMPLATE_REWRITE_REQUIRED,V1-FCT-0835;V1-FCT-0836;V1-FCT-0837,SRC-0243;SRC-0244,yes,low,模板句标记:不把,REWRITE_PIPELINE,USER_REVIEW_HIGH_JUDGMENT,STILL_VALID,candidate remains useful after current-main rebase
V1-ENT-0315,work,theme_explanations,user_review,TEMPLATE_REWRITE_REQUIRED,V1-FCT-0835,SRC-0243,yes,high,模板/书目转写:书目式标签,REWRITE_PIPELINE,USER_REVIEW_HIGH_JUDGMENT,STILL_VALID,candidate remains useful after current-main rebase
V1-ENT-0315,work,why_read,user_review,TEMPLATE_REWRITE_REQUIRED,V1-FCT-0835;V1-FCT-0837,SRC-0243;SRC-0244,yes,high,"模板/书目转写:书目位置,先确认",REWRITE_PIPELINE,USER_REVIEW_HIGH_JUDGMENT,STILL_VALID,candidate remains useful after current-main rebase
V1-ENT-0316,work,guiding_question,user_review,HIGH_JUDGMENT_USER_REQUIRED,V1-FCT-0838,SRC-0243,yes,high,by field default:引导问题阐释框架,USER_REVIEW_BATCH,USER_REVIEW_HIGH_JUDGMENT,STILL_VALID,candidate remains useful after current-main rebase
V1-ENT-0316,work,location_note,user_review,TEMPLATE_REWRITE_REQUIRED,V1-REL-0246,SRC-0243,yes,low,模板句标记:本批,REWRITE_PIPELINE,USER_REVIEW_HIGH_JUDGMENT,STILL_VALID,candidate remains useful after current-main rebase
V1-ENT-0316,work,next_reads,user_review,HIGH_JUDGMENT_USER_REQUIRED,V1-REL-0241;V1-REL-0243,SRC-0243,yes,high,by field default:延伸阅读推荐,USER_REVIEW_BATCH,USER_REVIEW_HIGH_JUDGMENT,STILL_VALID,candidate remains useful after current-main rebase
V1-ENT-0316,work,reading_approach,user_review,TEMPLATE_REWRITE_REQUIRED,V1-FCT-0838,SRC-0243,yes,high,模板/书目转写:书目转写句式,REWRITE_PIPELINE,USER_REVIEW_HIGH_JUDGMENT,STILL_VALID,candidate remains useful after current-main rebase
V1-ENT-0316,work,story_intro,user_review,TEMPLATE_REWRITE_REQUIRED,V1-FCT-0838;V1-FCT-0839;V1-FCT-0840,SRC-0243;SRC-0244,yes,low,模板/书目转写:provisional,REWRITE_PIPELINE,USER_REVIEW_HIGH_JUDGMENT,STILL_VALID,candidate remains useful after current-main rebase
V1-ENT-0316,work,theme_explanations,user_review,TEMPLATE_REWRITE_REQUIRED,V1-FCT-0838,SRC-0243,yes,high,模板/书目转写:书目位置,REWRITE_PIPELINE,USER_REVIEW_HIGH_JUDGMENT,STILL_VALID,candidate remains useful after current-main rebase
V1-ENT-0316,work,why_read,user_review,TEMPLATE_REWRITE_REQUIRED,V1-FCT-0838;V1-FCT-0840,SRC-0243;SRC-0244,yes,high,模板句标记:并读,REWRITE_PIPELINE,USER_REVIEW_HIGH_JUDGMENT,STILL_VALID,candidate remains useful after current-main rebase
V1-ENT-0317,work,guiding_question,user_review,HIGH_JUDGMENT_USER_REQUIRED,V1-FCT-0844,SRC-0245,yes,high,by field default:引导问题阐释框架,USER_REVIEW_BATCH,USER_REVIEW_HIGH_JUDGMENT,STILL_VALID,candidate remains useful after current-main rebase
V1-ENT-0317,work,location_note,user_review,LOW_JUDGMENT_EVIDENCE_SUFFICIENT,V1-REL-0247,SRC-0246,yes,low,保守空间事实说明,USER_REVIEW_BATCH,USER_REVIEW_HIGH_JUDGMENT,NEEDS_REVIEW,negative/meta copy is not promoted as reader description
V1-ENT-0317,work,next_reads,user_review,TEMPLATE_REWRITE_REQUIRED,V1-REL-0242;V1-REL-0239,SRC-0245,yes,high,模板/书目转写:继续到,REWRITE_PIPELINE,USER_REVIEW_HIGH_JUDGMENT,STILL_VALID,candidate remains useful after current-main rebase
V1-ENT-0317,work,reading_approach,user_review,TEMPLATE_REWRITE_REQUIRED,V1-FCT-0844,SRC-0245,yes,high,模板/书目转写:书目位置,REWRITE_PIPELINE,USER_REVIEW_HIGH_JUDGMENT,STILL_VALID,candidate remains useful after current-main rebase
V1-ENT-0317,work,story_intro,user_review,TEMPLATE_REWRITE_REQUIRED,V1-FCT-0844;V1-FCT-0845;V1-FCT-0846,SRC-0245;SRC-0246,yes,low,模板/书目转写:书目转写句式,REWRITE_PIPELINE,USER_REVIEW_HIGH_JUDGMENT,STILL_VALID,candidate remains useful after current-main rebase
V1-ENT-0317,work,theme_explanations,user_review,TEMPLATE_REWRITE_REQUIRED,V1-FCT-0844,SRC-0245,yes,high,模板/书目转写:书目式标签,REWRITE_PIPELINE,USER_REVIEW_HIGH_JUDGMENT,STILL_VALID,candidate remains useful after current-main rebase
V1-ENT-0317,work,why_read,user_review,TEMPLATE_REWRITE_REQUIRED,V1-FCT-0844;V1-FCT-0846,SRC-0245;SRC-0246,yes,high,模板/书目转写:先核对,REWRITE_PIPELINE,USER_REVIEW_HIGH_JUDGMENT,STILL_VALID,candidate remains useful after current-main rebase
V1-ENT-0318,work,guiding_question,user_review,HIGH_JUDGMENT_USER_REQUIRED,V1-FCT-0847,SRC-0245,yes,high,by field default:引导问题阐释框架,USER_REVIEW_BATCH,USER_REVIEW_HIGH_JUDGMENT,STILL_VALID,candidate remains useful after current-main rebase
V1-ENT-0318,work,location_note,user_review,LOW_JUDGMENT_EVIDENCE_SUFFICIENT,V1-REL-0247,SRC-0246,yes,low,保守空间事实说明,USER_REVIEW_BATCH,USER_REVIEW_HIGH_JUDGMENT,NEEDS_REVIEW,negative/meta copy is not promoted as reader description
V1-ENT-0318,work,next_reads,user_review,TEMPLATE_REWRITE_REQUIRED,V1-REL-0243;V1-REL-0244,SRC-0245,yes,high,模板/书目转写:继续到,REWRITE_PIPELINE,USER_REVIEW_HIGH_JUDGMENT,STILL_VALID,candidate remains useful after current-main rebase
V1-ENT-0318,work,reading_approach,user_review,TEMPLATE_REWRITE_REQUIRED,V1-FCT-0847,SRC-0245,yes,high,模板/书目转写:书目节点,REWRITE_PIPELINE,USER_REVIEW_HIGH_JUDGMENT,STILL_VALID,candidate remains useful after current-main rebase
V1-ENT-0318,work,story_intro,user_review,TEMPLATE_REWRITE_REQUIRED,V1-FCT-0847;V1-FCT-0848;V1-FCT-0849,SRC-0245;SRC-0246,yes,low,模板/书目转写:书目转写句式,REWRITE_PIPELINE,USER_REVIEW_HIGH_JUDGMENT,STILL_VALID,candidate remains useful after current-main rebase
V1-ENT-0318,work,theme_explanations,user_review,TEMPLATE_REWRITE_REQUIRED,V1-FCT-0847,SRC-0245,yes,high,模板/书目转写:书目式标签,REWRITE_PIPELINE,USER_REVIEW_HIGH_JUDGMENT,STILL_VALID,candidate remains useful after current-main rebase
V1-ENT-0318,work,why_read,user_review,TEMPLATE_REWRITE_REQUIRED,V1-FCT-0847;V1-FCT-0849,SRC-0245;SRC-0246,yes,high,模板/书目转写:出版序列,REWRITE_PIPELINE,USER_REVIEW_HIGH_JUDGMENT,STILL_VALID,candidate remains useful after current-main rebase
V1-ENT-0319,work,guiding_question,user_review,HIGH_JUDGMENT_USER_REQUIRED,V1-FCT-0850,SRC-0245,yes,high,by field default:引导问题阐释框架,USER_REVIEW_BATCH,USER_REVIEW_HIGH_JUDGMENT,STILL_VALID,candidate remains useful after current-main rebase
V1-ENT-0319,work,location_note,user_review,TEMPLATE_REWRITE_REQUIRED,V1-REL-0247,SRC-0246,yes,low,模板/书目转写:不增加,REWRITE_PIPELINE,USER_REVIEW_HIGH_JUDGMENT,STILL_VALID,candidate remains useful after current-main rebase
V1-ENT-0319,work,next_reads,user_review,HIGH_JUDGMENT_USER_REQUIRED,V1-REL-0244;V1-REL-0241,SRC-0245,yes,high,by field default:延伸阅读推荐,USER_REVIEW_BATCH,USER_REVIEW_HIGH_JUDGMENT,STILL_VALID,candidate remains useful after current-main rebase
V1-ENT-0319,work,reading_approach,user_review,HIGH_JUDGMENT_USER_REQUIRED,V1-FCT-0850,SRC-0245,yes,high,by field default:阅读方法推荐,USER_REVIEW_BATCH,USER_REVIEW_HIGH_JUDGMENT,STILL_VALID,candidate remains useful after current-main rebase
V1-ENT-0319,work,story_intro,user_review,TEMPLATE_REWRITE_REQUIRED,V1-FCT-0850;V1-FCT-0851;V1-FCT-0852,SRC-0245;SRC-0246,yes,low,模板/书目转写:书目转写句式,REWRITE_PIPELINE,USER_REVIEW_HIGH_JUDGMENT,STILL_VALID,candidate remains useful after current-main rebase
V1-ENT-0319,work,theme_explanations,user_review,TEMPLATE_REWRITE_REQUIRED,V1-FCT-0850,SRC-0245,yes,high,模板/书目转写:书目节点,REWRITE_PIPELINE,USER_REVIEW_HIGH_JUDGMENT,STILL_VALID,candidate remains useful after current-main rebase
V1-ENT-0319,work,why_read,user_review,TEMPLATE_REWRITE_REQUIRED,V1-FCT-0850;V1-FCT-0852,SRC-0245;SRC-0246,yes,high,模板/书目转写:先核对,REWRITE_PIPELINE,USER_REVIEW_HIGH_JUDGMENT,STILL_VALID,candidate remains useful after current-main rebase
V1-ENT-0323,work,guiding_question,user_review,HIGH_JUDGMENT_USER_REQUIRED,V1-FCT-0859,SRC-0247,yes,high,by field default:引导问题阐释框架,USER_REVIEW_BATCH,USER_REVIEW_HIGH_JUDGMENT,STILL_VALID,candidate remains useful after current-main rebase
V1-ENT-0323,work,location_note,user_review,TEMPLATE_REWRITE_REQUIRED,V1-REL-0257,SRC-0248,yes,low,模板句标记:本批,REWRITE_PIPELINE,USER_REVIEW_HIGH_JUDGMENT,STILL_VALID,candidate remains useful after current-main rebase
V1-ENT-0323,work,next_reads,user_review,HIGH_JUDGMENT_USER_REQUIRED,V1-REL-0250;V1-REL-0249,SRC-0247,yes,high,by field default:延伸阅读推荐,USER_REVIEW_BATCH,USER_REVIEW_HIGH_JUDGMENT,STILL_VALID,candidate remains useful after current-main rebase
V1-ENT-0323,work,reading_approach,user_review,TEMPLATE_REWRITE_REQUIRED,V1-FCT-0859;V1-FCT-0860,SRC-0247,yes,high,模板/书目转写:书目位置,REWRITE_PIPELINE,USER_REVIEW_HIGH_JUDGMENT,STILL_VALID,candidate remains useful after current-main rebase
V1-ENT-0323,work,story_intro,user_review,TEMPLATE_REWRITE_REQUIRED,V1-FCT-0859;V1-FCT-0860,SRC-0247,yes,low,模板/书目转写:陈列,REWRITE_PIPELINE,USER_REVIEW_HIGH_JUDGMENT,STILL_VALID,candidate remains useful after current-main rebase
V1-ENT-0323,work,theme_explanations,user_review,TEMPLATE_REWRITE_REQUIRED,V1-FCT-0860,SRC-0247,yes,high,模板/书目转写:书目式标签,REWRITE_PIPELINE,USER_REVIEW_HIGH_JUDGMENT,STILL_VALID,candidate remains useful after current-main rebase
V1-ENT-0323,work,why_read,user_review,TEMPLATE_REWRITE_REQUIRED,V1-FCT-0859;V1-FCT-0860,SRC-0247,yes,high,模板句标记:并读,REWRITE_PIPELINE,USER_REVIEW_HIGH_JUDGMENT,STILL_VALID,candidate remains useful after current-main rebase
V1-ENT-0324,work,guiding_question,user_review,HIGH_JUDGMENT_USER_REQUIRED,V1-FCT-0862;V1-REL-0249,SRC-0247,yes,high,by field default:引导问题阐释框架,USER_REVIEW_BATCH,USER_REVIEW_HIGH_JUDGMENT,STILL_VALID,candidate remains useful after current-main rebase
V1-ENT-0324,work,location_note,user_review,TEMPLATE_REWRITE_REQUIRED,V1-REL-0257,SRC-0248,yes,low,模板/书目转写:不新增,REWRITE_PIPELINE,USER_REVIEW_HIGH_JUDGMENT,STILL_VALID,candidate remains useful after current-main rebase
V1-ENT-0324,work,next_reads,user_review,HIGH_JUDGMENT_USER_REQUIRED,V1-REL-0249;V1-REL-0250,SRC-0247,yes,high,by field default:延伸阅读推荐,USER_REVIEW_BATCH,USER_REVIEW_HIGH_JUDGMENT,STILL_VALID,candidate remains useful after current-main rebase
V1-ENT-0324,work,reading_approach,user_review,HIGH_JUDGMENT_USER_REQUIRED,V1-FCT-0862,SRC-0247,yes,high,by field default:阅读方法推荐,USER_REVIEW_BATCH,USER_REVIEW_HIGH_JUDGMENT,STILL_VALID,candidate remains useful after current-main rebase
V1-ENT-0324,work,story_intro,user_review,TEMPLATE_REWRITE_REQUIRED,V1-FCT-0861;V1-FCT-0862,SRC-0247,yes,low,模板/书目转写:书目转写句式,REWRITE_PIPELINE,USER_REVIEW_HIGH_JUDGMENT,STILL_VALID,candidate remains useful after current-main rebase
V1-ENT-0324,work,theme_explanations,user_review,TEMPLATE_REWRITE_REQUIRED,V1-FCT-0863,SRC-0247,yes,high,模板/书目转写:书目式标签,REWRITE_PIPELINE,USER_REVIEW_HIGH_JUDGMENT,STILL_VALID,candidate remains useful after current-main rebase
V1-ENT-0324,work,why_read,user_review,TEMPLATE_REWRITE_REQUIRED,V1-FCT-0862;V1-FCT-0863,SRC-0247,yes,high,模板/书目转写:先确认,REWRITE_PIPELINE,USER_REVIEW_HIGH_JUDGMENT,STILL_VALID,candidate remains useful after current-main rebase
V1-ENT-0325,work,guiding_question,user_review,HIGH_JUDGMENT_USER_REQUIRED,V1-FCT-0864;V1-FCT-0865,SRC-0248,yes,high,by field default:引导问题阐释框架,USER_REVIEW_BATCH,USER_REVIEW_HIGH_JUDGMENT,STILL_VALID,candidate remains useful after current-main rebase
V1-ENT-0325,work,location_note,user_review,TEMPLATE_REWRITE_REQUIRED,V1-REL-0257,SRC-0248,yes,low,模板/书目转写:不新增,REWRITE_PIPELINE,USER_REVIEW_HIGH_JUDGMENT,STILL_VALID,candidate remains useful after current-main rebase
V1-ENT-0325,work,next_reads,user_review,HIGH_JUDGMENT_USER_REQUIRED,V1-REL-0250;V1-REL-0241,SRC-0248,yes,high,by field default:延伸阅读推荐,USER_REVIEW_BATCH,USER_REVIEW_HIGH_JUDGMENT,STILL_VALID,candidate remains useful after current-main rebase
V1-ENT-0325,work,reading_approach,user_review,HIGH_JUDGMENT_USER_REQUIRED,V1-FCT-0865;V1-FCT-0866,SRC-0248,yes,high,by field default:阅读方法推荐,USER_REVIEW_BATCH,USER_REVIEW_HIGH_JUDGMENT,STILL_VALID,candidate remains useful after current-main rebase
V1-ENT-0325,work,story_intro,user_review,TEMPLATE_REWRITE_REQUIRED,V1-FCT-0864;V1-FCT-0865;V1-FCT-0866,SRC-0248,yes,low,模板/书目转写:书目转写句式,REWRITE_PIPELINE,USER_REVIEW_HIGH_JUDGMENT,STILL_VALID,candidate remains useful after current-main rebase
V1-ENT-0325,work,theme_explanations,user_review,TEMPLATE_REWRITE_REQUIRED,V1-FCT-0866,SRC-0248,yes,high,模板/书目转写:书目式标签,REWRITE_PIPELINE,USER_REVIEW_HIGH_JUDGMENT,STILL_VALID,candidate remains useful after current-main rebase
V1-ENT-0325,work,why_read,user_review,TEMPLATE_REWRITE_REQUIRED,V1-FCT-0865;V1-FCT-0866,SRC-0248,yes,high,模板/书目转写:先定位,REWRITE_PIPELINE,USER_REVIEW_HIGH_JUDGMENT,STILL_VALID,candidate remains useful after current-main rebase
V1-ENT-0326,work,guiding_question,user_review,HIGH_JUDGMENT_USER_REQUIRED,V1-FCT-0871,SRC-0249,yes,high,by field default:引导问题阐释框架,USER_REVIEW_BATCH,USER_REVIEW_HIGH_JUDGMENT,STILL_VALID,candidate remains useful after current-main rebase
V1-ENT-0326,work,location_note,user_review,TEMPLATE_REWRITE_REQUIRED,V1-REL-0258,SRC-0249,yes,low,模板/书目转写:只复用,REWRITE_PIPELINE,USER_REVIEW_HIGH_JUDGMENT,STILL_VALID,candidate remains useful after current-main rebase
V1-ENT-0326,work,next_reads,user_review,TEMPLATE_REWRITE_REQUIRED,V1-REL-0252;V1-REL-0253,SRC-0249,yes,high,模板/书目转写:继续到,REWRITE_PIPELINE,USER_REVIEW_HIGH_JUDGMENT,STILL_VALID,candidate remains useful after current-main rebase
V1-ENT-0326,work,reading_approach,user_review,HIGH_JUDGMENT_USER_REQUIRED,V1-FCT-0871;V1-FCT-0872,SRC-0250,yes,high,by field default:阅读方法推荐,USER_REVIEW_BATCH,USER_REVIEW_HIGH_JUDGMENT,STILL_VALID,candidate remains useful after current-main rebase
V1-ENT-0326,work,story_intro,user_review,TEMPLATE_REWRITE_REQUIRED,V1-FCT-0870;V1-FCT-0871;V1-FCT-0872,SRC-0249;SRC-0250,yes,low,模板/书目转写:书目转写句式,REWRITE_PIPELINE,USER_REVIEW_HIGH_JUDGMENT,STILL_VALID,candidate remains useful after current-main rebase
V1-ENT-0326,work,theme_explanations,user_review,TEMPLATE_REWRITE_REQUIRED,V1-FCT-0872,SRC-0250,yes,high,模板/书目转写:书目式标签,REWRITE_PIPELINE,USER_REVIEW_HIGH_JUDGMENT,STILL_VALID,candidate remains useful after current-main rebase
V1-ENT-0326,work,why_read,user_review,TEMPLATE_REWRITE_REQUIRED,V1-FCT-0871;V1-FCT-0872,SRC-0249;SRC-0250,yes,high,"模板/书目转写:书目节点,先确认",REWRITE_PIPELINE,USER_REVIEW_HIGH_JUDGMENT,STILL_VALID,candidate remains useful after current-main rebase
V1-ENT-0327,work,guiding_question,user_review,HIGH_JUDGMENT_USER_REQUIRED,V1-FCT-0874,SRC-0249,yes,high,by field default:引导问题阐释框架,USER_REVIEW_BATCH,USER_REVIEW_HIGH_JUDGMENT,STILL_VALID,candidate remains useful after current-main rebase
V1-ENT-0327,work,location_note,user_review,TEMPLATE_REWRITE_REQUIRED,V1-REL-0258,SRC-0249,yes,low,模板/书目转写:不新增,REWRITE_PIPELINE,USER_REVIEW_HIGH_JUDGMENT,STILL_VALID,candidate remains useful after current-main rebase
V1-ENT-0327,work,next_reads,user_review,HIGH_JUDGMENT_USER_REQUIRED,V1-REL-0252;V1-REL-0253,SRC-0249,yes,high,by field default:延伸阅读推荐,USER_REVIEW_BATCH,USER_REVIEW_HIGH_JUDGMENT,STILL_VALID,candidate remains useful after current-main rebase
V1-ENT-0327,work,reading_approach,user_review,HIGH_JUDGMENT_USER_REQUIRED,V1-FCT-0873;V1-FCT-0874,SRC-0249,yes,high,by field default:阅读方法推荐,USER_REVIEW_BATCH,USER_REVIEW_HIGH_JUDGMENT,STILL_VALID,candidate remains useful after current-main rebase
V1-ENT-0327,work,story_intro,user_review,TEMPLATE_REWRITE_REQUIRED,V1-FCT-0873;V1-FCT-0874,SRC-0249,yes,low,模板/书目转写:书目转写句式,REWRITE_PIPELINE,USER_REVIEW_HIGH_JUDGMENT,STILL_VALID,candidate remains useful after current-main rebase
V1-ENT-0327,work,theme_explanations,user_review,TEMPLATE_REWRITE_REQUIRED,V1-FCT-0873,SRC-0249,yes,high,模板/书目转写:书目式标签,REWRITE_PIPELINE,USER_REVIEW_HIGH_JUDGMENT,STILL_VALID,candidate remains useful after current-main rebase
V1-ENT-0327,work,why_read,user_review,TEMPLATE_REWRITE_REQUIRED,V1-FCT-0874,SRC-0249,yes,high,模板/书目转写:先定位,REWRITE_PIPELINE,USER_REVIEW_HIGH_JUDGMENT,STILL_VALID,candidate remains useful after current-main rebase
V1-ENT-0328,work,guiding_question,user_review,HIGH_JUDGMENT_USER_REQUIRED,V1-FCT-0876;V1-REL-0253,SRC-0249,yes,high,by field default:引导问题阐释框架,USER_REVIEW_BATCH,USER_REVIEW_HIGH_JUDGMENT,STILL_VALID,candidate remains useful after current-main rebase
V1-ENT-0328,work,location_note,user_review,TEMPLATE_REWRITE_REQUIRED,V1-REL-0258,SRC-0249,yes,low,模板/书目转写:不增加,REWRITE_PIPELINE,USER_REVIEW_HIGH_JUDGMENT,STILL_VALID,candidate remains useful after current-main rebase
V1-ENT-0328,work,next_reads,user_review,HIGH_JUDGMENT_USER_REQUIRED,V1-REL-0253;V1-REL-0254,SRC-0249;SRC-0251,yes,high,by field default:延伸阅读推荐,USER_REVIEW_BATCH,USER_REVIEW_HIGH_JUDGMENT,STILL_VALID,candidate remains useful after current-main rebase
V1-ENT-0328,work,reading_approach,user_review,TEMPLATE_REWRITE_REQUIRED,V1-FCT-0876,SRC-0249,yes,high,模板/书目转写:书目位置,REWRITE_PIPELINE,USER_REVIEW_HIGH_JUDGMENT,STILL_VALID,candidate remains useful after current-main rebase
V1-ENT-0328,work,story_intro,user_review,TEMPLATE_REWRITE_REQUIRED,V1-FCT-0875;V1-FCT-0876,SRC-0249;SRC-0250,yes,low,模板/书目转写:书目转写句式,REWRITE_PIPELINE,USER_REVIEW_HIGH_JUDGMENT,STILL_VALID,candidate remains useful after current-main rebase
V1-ENT-0328,work,theme_explanations,user_review,TEMPLATE_REWRITE_REQUIRED,V1-FCT-0876,SRC-0250,yes,high,模板/书目转写:书目式标签,REWRITE_PIPELINE,USER_REVIEW_HIGH_JUDGMENT,STILL_VALID,candidate remains useful after current-main rebase
V1-ENT-0328,work,why_read,user_review,TEMPLATE_REWRITE_REQUIRED,V1-FCT-0876,SRC-0249;SRC-0250,yes,high,模板/书目转写:先确认,REWRITE_PIPELINE,USER_REVIEW_HIGH_JUDGMENT,STILL_VALID,candidate remains useful after current-main rebase
V1-ENT-0329,work,guiding_question,user_review,HIGH_JUDGMENT_USER_REQUIRED,V1-FCT-0882,SRC-0251,yes,high,by field default:引导问题阐释框架,USER_REVIEW_BATCH,USER_REVIEW_HIGH_JUDGMENT,STILL_VALID,candidate remains useful after current-main rebase
V1-ENT-0329,work,location_note,user_review,TEMPLATE_REWRITE_REQUIRED,V1-REL-0259,SRC-0251,yes,low,"模板/书目转写:只复用,作品级地点关系",REWRITE_PIPELINE,USER_REVIEW_HIGH_JUDGMENT,STILL_VALID,candidate remains useful after current-main rebase
V1-ENT-0329,work,next_reads,user_review,HIGH_JUDGMENT_USER_REQUIRED,V1-REL-0255;V1-REL-0256,SRC-0251;SRC-0252;SRC-0253,yes,high,by field default:延伸阅读推荐,USER_REVIEW_BATCH,USER_REVIEW_HIGH_JUDGMENT,STILL_VALID,candidate remains useful after current-main rebase
V1-ENT-0329,work,reading_approach,user_review,HIGH_JUDGMENT_USER_REQUIRED,V1-FCT-0882;V1-FCT-0883,SRC-0251,yes,high,by field default:阅读方法推荐,USER_REVIEW_BATCH,USER_REVIEW_HIGH_JUDGMENT,STILL_VALID,candidate remains useful after current-main rebase
V1-ENT-0329,work,story_intro,user_review,TEMPLATE_REWRITE_REQUIRED,V1-FCT-0881;V1-FCT-0882;V1-FCT-0883,SRC-0251,yes,low,模板/书目转写:provisional,REWRITE_PIPELINE,USER_REVIEW_HIGH_JUDGMENT,STILL_VALID,candidate remains useful after current-main rebase
V1-ENT-0329,work,theme_explanations,user_review,TEMPLATE_REWRITE_REQUIRED,V1-FCT-0883,SRC-0251,yes,high,模板/书目转写:书目式标签,REWRITE_PIPELINE,USER_REVIEW_HIGH_JUDGMENT,STILL_VALID,candidate remains useful after current-main rebase
V1-ENT-0329,work,why_read,user_review,TEMPLATE_REWRITE_REQUIRED,V1-FCT-0882;V1-FCT-0883,SRC-0251,yes,high,"模板/书目转写:出版节点,先定位",REWRITE_PIPELINE,USER_REVIEW_HIGH_JUDGMENT,STILL_VALID,candidate remains useful after current-main rebase
V1-ENT-0330,work,guiding_question,user_review,TEMPLATE_REWRITE_REQUIRED,V1-FCT-0885,SRC-0252,yes,high,模板句标记:入口连接,REWRITE_PIPELINE,USER_REVIEW_HIGH_JUDGMENT,STILL_VALID,candidate remains useful after current-main rebase
V1-ENT-0330,work,location_note,user_review,TEMPLATE_REWRITE_REQUIRED,V1-REL-0259,SRC-0252,yes,low,模板/书目转写:不新增,REWRITE_PIPELINE,USER_REVIEW_HIGH_JUDGMENT,STILL_VALID,candidate remains useful after current-main rebase
V1-ENT-0330,work,next_reads,user_review,HIGH_JUDGMENT_USER_REQUIRED,V1-REL-0255;V1-REL-0256,SRC-0252;SRC-0253,yes,high,by field default:延伸阅读推荐,USER_REVIEW_BATCH,USER_REVIEW_HIGH_JUDGMENT,STILL_VALID,candidate remains useful after current-main rebase
V1-ENT-0330,work,reading_approach,user_review,TEMPLATE_REWRITE_REQUIRED,V1-FCT-0885;V1-FCT-0886,SRC-0252,yes,high,模板句标记:并读,REWRITE_PIPELINE,USER_REVIEW_HIGH_JUDGMENT,STILL_VALID,candidate remains useful after current-main rebase
V1-ENT-0330,work,story_intro,user_review,LOW_JUDGMENT_EVIDENCE_SUFFICIENT,V1-FCT-0884;V1-FCT-0885;V1-FCT-0886,SRC-0252,yes,low,保守事实介绍,USER_REVIEW_BATCH,USER_REVIEW_HIGH_JUDGMENT,CONFLICT_WITH_WCD04_ROUTING,page-level route identifies bibliographic copy; rewrite required
V1-ENT-0330,work,theme_explanations,user_review,TEMPLATE_REWRITE_REQUIRED,V1-FCT-0886,SRC-0252,yes,high,模板/书目转写:书目式标签,REWRITE_PIPELINE,USER_REVIEW_HIGH_JUDGMENT,STILL_VALID,candidate remains useful after current-main rebase
V1-ENT-0330,work,why_read,user_review,TEMPLATE_REWRITE_REQUIRED,V1-FCT-0885;V1-FCT-0886,SRC-0252,yes,high,模板/书目转写:先确认,REWRITE_PIPELINE,USER_REVIEW_HIGH_JUDGMENT,STILL_VALID,candidate remains useful after current-main rebase
V1-ENT-0331,work,guiding_question,user_review,HIGH_JUDGMENT_USER_REQUIRED,V1-FCT-0888;V1-FCT-0889,SRC-0253,yes,high,by field default:引导问题阐释框架,USER_REVIEW_BATCH,USER_REVIEW_HIGH_JUDGMENT,STILL_VALID,candidate remains useful after current-main rebase
V1-ENT-0331,work,location_note,user_review,TEMPLATE_REWRITE_REQUIRED,V1-REL-0259,SRC-0253,yes,low,"模板/书目转写:不增加,作品级地点关系",REWRITE_PIPELINE,USER_REVIEW_HIGH_JUDGMENT,STILL_VALID,candidate remains useful after current-main rebase
V1-ENT-0331,work,next_reads,user_review,HIGH_JUDGMENT_USER_REQUIRED,V1-REL-0256;V1-REL-0255,SRC-0253;SRC-0252,yes,high,by field default:延伸阅读推荐,USER_REVIEW_BATCH,USER_REVIEW_HIGH_JUDGMENT,STILL_VALID,candidate remains useful after current-main rebase
V1-ENT-0331,work,reading_approach,user_review,HIGH_JUDGMENT_USER_REQUIRED,V1-FCT-0888;V1-FCT-0889,SRC-0253,yes,high,by field default:阅读方法推荐,USER_REVIEW_BATCH,USER_REVIEW_HIGH_JUDGMENT,STILL_VALID,candidate remains useful after current-main rebase
V1-ENT-0331,work,story_intro,user_review,TEMPLATE_REWRITE_REQUIRED,V1-FCT-0887;V1-FCT-0888;V1-FCT-0889,SRC-0253,yes,low,模板/书目转写:书目转写句式,REWRITE_PIPELINE,USER_REVIEW_HIGH_JUDGMENT,STILL_VALID,candidate remains useful after current-main rebase
V1-ENT-0331,work,theme_explanations,user_review,TEMPLATE_REWRITE_REQUIRED,V1-FCT-0889,SRC-0253,yes,high,模板/书目转写:书目式标签,REWRITE_PIPELINE,USER_REVIEW_HIGH_JUDGMENT,STILL_VALID,candidate remains useful after current-main rebase
V1-ENT-0331,work,why_read,user_review,TEMPLATE_REWRITE_REQUIRED,V1-FCT-0888;V1-FCT-0889,SRC-0253,yes,high,模板/书目转写:先定位,REWRITE_PIPELINE,USER_REVIEW_HIGH_JUDGMENT,STILL_VALID,candidate remains useful after current-main rebase
V1-ENT-0335,work,guiding_question,user_review,HIGH_JUDGMENT_USER_REQUIRED,V1-FCT-0894;V1-FCT-0895,SRC-0255,yes,high,by field default:引导问题阐释框架,USER_REVIEW_BATCH,USER_REVIEW_HIGH_JUDGMENT,STILL_VALID,candidate remains useful after current-main rebase
V1-ENT-0335,work,location_note,user_review,TEMPLATE_REWRITE_REQUIRED,V1-REL-0269,SRC-0254,yes,low,模板句标记:本批,REWRITE_PIPELINE,USER_REVIEW_HIGH_JUDGMENT,STILL_VALID,candidate remains useful after current-main rebase
V1-ENT-0335,work,next_reads,user_review,HIGH_JUDGMENT_USER_REQUIRED,V1-REL-0261;V1-REL-0262,SRC-0254,yes,high,by field default:延伸阅读推荐,USER_REVIEW_BATCH,USER_REVIEW_HIGH_JUDGMENT,STILL_VALID,candidate remains useful after current-main rebase
V1-ENT-0335,work,reading_approach,user_review,TEMPLATE_REWRITE_REQUIRED,V1-FCT-0894;V1-FCT-0895,SRC-0255,yes,high,模板/书目转写:书目位置,REWRITE_PIPELINE,USER_REVIEW_HIGH_JUDGMENT,STILL_VALID,candidate remains useful after current-main rebase
V1-ENT-0335,work,story_intro,user_review,TEMPLATE_REWRITE_REQUIRED,V1-FCT-0893;V1-FCT-0894;V1-FCT-0895,SRC-0254;SRC-0255,yes,low,模板/书目转写:陈列,REWRITE_PIPELINE,USER_REVIEW_HIGH_JUDGMENT,STILL_VALID,candidate remains useful after current-main rebase
V1-ENT-0335,work,theme_explanations,user_review,TEMPLATE_REWRITE_REQUIRED,V1-FCT-0895,SRC-0255,yes,high,模板/书目转写:书目式标签,REWRITE_PIPELINE,USER_REVIEW_HIGH_JUDGMENT,STILL_VALID,candidate remains useful after current-main rebase
V1-ENT-0335,work,why_read,user_review,TEMPLATE_REWRITE_REQUIRED,V1-FCT-0894;V1-FCT-0895,SRC-0255,yes,high,"模板/书目转写:书目节点,先定位",REWRITE_PIPELINE,USER_REVIEW_HIGH_JUDGMENT,STILL_VALID,candidate remains useful after current-main rebase
V1-ENT-0336,work,guiding_question,user_review,TEMPLATE_REWRITE_REQUIRED,V1-FCT-0897;V1-FCT-0898,SRC-0254,yes,high,模板/书目转写:本条,REWRITE_PIPELINE,USER_REVIEW_HIGH_JUDGMENT,STILL_VALID,candidate remains useful after current-main rebase
V1-ENT-0336,work,location_note,user_review,TEMPLATE_REWRITE_REQUIRED,V1-REL-0269,SRC-0254,yes,low,模板/书目转写:不新增,REWRITE_PIPELINE,USER_REVIEW_HIGH_JUDGMENT,STILL_VALID,candidate remains useful after current-main rebase
V1-ENT-0336,work,next_reads,user_review,HIGH_JUDGMENT_USER_REQUIRED,V1-REL-0261;V1-REL-0262,SRC-0254,yes,high,by field default:延伸阅读推荐,USER_REVIEW_BATCH,USER_REVIEW_HIGH_JUDGMENT,STILL_VALID,candidate remains useful after current-main rebase
V1-ENT-0336,work,reading_approach,user_review,HIGH_JUDGMENT_USER_REQUIRED,V1-FCT-0897;V1-FCT-0898,SRC-0254,yes,high,by field default:阅读方法推荐,USER_REVIEW_BATCH,USER_REVIEW_HIGH_JUDGMENT,STILL_VALID,candidate remains useful after current-main rebase
V1-ENT-0336,work,story_intro,user_review,TEMPLATE_REWRITE_REQUIRED,V1-FCT-0896;V1-FCT-0897;V1-FCT-0898,SRC-0254,yes,low,模板/书目转写:书目转写句式,REWRITE_PIPELINE,USER_REVIEW_HIGH_JUDGMENT,STILL_VALID,candidate remains useful after current-main rebase
V1-ENT-0336,work,theme_explanations,user_review,TEMPLATE_REWRITE_REQUIRED,V1-FCT-0898,SRC-0254,yes,high,模板/书目转写:书目入口,REWRITE_PIPELINE,USER_REVIEW_HIGH_JUDGMENT,STILL_VALID,candidate remains useful after current-main rebase
V1-ENT-0336,work,why_read,user_review,TEMPLATE_REWRITE_REQUIRED,V1-FCT-0897;V1-FCT-0898,SRC-0254,yes,high,模板/书目转写:先确认,REWRITE_PIPELINE,USER_REVIEW_HIGH_JUDGMENT,STILL_VALID,candidate remains useful after current-main rebase
V1-ENT-0337,work,guiding_question,user_review,HIGH_JUDGMENT_USER_REQUIRED,V1-FCT-0900;V1-FCT-0901,SRC-0254,yes,high,by field default:引导问题阐释框架,USER_REVIEW_BATCH,USER_REVIEW_HIGH_JUDGMENT,STILL_VALID,candidate remains useful after current-main rebase
V1-ENT-0337,work,location_note,user_review,TEMPLATE_REWRITE_REQUIRED,V1-REL-0269,SRC-0254,yes,low,"模板/书目转写:只复用,作品级地点关系",REWRITE_PIPELINE,USER_REVIEW_HIGH_JUDGMENT,STILL_VALID,candidate remains useful after current-main rebase
V1-ENT-0337,work,next_reads,user_review,TEMPLATE_REWRITE_REQUIRED,V1-REL-0262;V1-REL-0261,SRC-0254,yes,high,模板/书目转写:书目节点,REWRITE_PIPELINE,USER_REVIEW_HIGH_JUDGMENT,STILL_VALID,candidate remains useful after current-main rebase
V1-ENT-0337,work,reading_approach,user_review,HIGH_JUDGMENT_USER_REQUIRED,V1-FCT-0900;V1-FCT-0901,SRC-0254,yes,high,by field default:阅读方法推荐,USER_REVIEW_BATCH,USER_REVIEW_HIGH_JUDGMENT,STILL_VALID,candidate remains useful after current-main rebase
V1-ENT-0337,work,story_intro,user_review,TEMPLATE_REWRITE_REQUIRED,V1-FCT-0899;V1-FCT-0900;V1-FCT-0901,SRC-0254,yes,low,模板句标记:不把,REWRITE_PIPELINE,USER_REVIEW_HIGH_JUDGMENT,STILL_VALID,candidate remains useful after current-main rebase
V1-ENT-0337,work,theme_explanations,user_review,TEMPLATE_REWRITE_REQUIRED,V1-FCT-0901,SRC-0254,yes,high,模板/书目转写:书目式标签,REWRITE_PIPELINE,USER_REVIEW_HIGH_JUDGMENT,STILL_VALID,candidate remains useful after current-main rebase
V1-ENT-0337,work,why_read,user_review,HIGH_JUDGMENT_USER_REQUIRED,V1-FCT-0900;V1-FCT-0901,SRC-0254,yes,high,by field default:阅读价值判断,USER_REVIEW_BATCH,USER_REVIEW_HIGH_JUDGMENT,STILL_VALID,candidate remains useful after current-main rebase
V1-ENT-0338,work,guiding_question,user_review,HIGH_JUDGMENT_USER_REQUIRED,V1-FCT-0906,SRC-0256;SRC-0257,yes,high,by field default:引导问题阐释框架,USER_REVIEW_BATCH,USER_REVIEW_HIGH_JUDGMENT,STILL_VALID,candidate remains useful after current-main rebase
V1-ENT-0338,work,location_note,user_review,TEMPLATE_REWRITE_REQUIRED,V1-REL-0270,SRC-0256,yes,low,模板句标记:本批,REWRITE_PIPELINE,USER_REVIEW_HIGH_JUDGMENT,STILL_VALID,candidate remains useful after current-main rebase
V1-ENT-0338,work,next_reads,user_review,TEMPLATE_REWRITE_REQUIRED,V1-REL-0264;V1-REL-0265,SRC-0256;SRC-0257,yes,high,模板/书目转写:继续到,REWRITE_PIPELINE,USER_REVIEW_HIGH_JUDGMENT,STILL_VALID,candidate remains useful after current-main rebase
V1-ENT-0338,work,reading_approach,user_review,TEMPLATE_REWRITE_REQUIRED,V1-FCT-0906;V1-FCT-0907,SRC-0256;SRC-0257,yes,high,模板/书目转写:书目节点,REWRITE_PIPELINE,USER_REVIEW_HIGH_JUDGMENT,STILL_VALID,candidate remains useful after current-main rebase
V1-ENT-0338,work,story_intro,user_review,TEMPLATE_REWRITE_REQUIRED,V1-FCT-0905;V1-FCT-0906;V1-FCT-0907,SRC-0256;SRC-0257,yes,low,模板/书目转写:书目转写句式,REWRITE_PIPELINE,USER_REVIEW_HIGH_JUDGMENT,STILL_VALID,candidate remains useful after current-main rebase
V1-ENT-0338,work,theme_explanations,user_review,TEMPLATE_REWRITE_REQUIRED,V1-FCT-0907,SRC-0256,yes,high,模板/书目转写:书目式标签,REWRITE_PIPELINE,USER_REVIEW_HIGH_JUDGMENT,STILL_VALID,candidate remains useful after current-main rebase
V1-ENT-0338,work,why_read,user_review,TEMPLATE_REWRITE_REQUIRED,V1-FCT-0906;V1-FCT-0907,SRC-0256;SRC-0257,yes,high,模板/书目转写:先定位,REWRITE_PIPELINE,USER_REVIEW_HIGH_JUDGMENT,STILL_VALID,candidate remains useful after current-main rebase
V1-ENT-0339,work,guiding_question,user_review,TEMPLATE_REWRITE_REQUIRED,V1-FCT-0909,SRC-0256;SRC-0257,yes,high,模板/书目转写:书目转写句式,REWRITE_PIPELINE,USER_REVIEW_HIGH_JUDGMENT,STILL_VALID,candidate remains useful after current-main rebase
V1-ENT-0339,work,location_note,user_review,TEMPLATE_REWRITE_REQUIRED,V1-REL-0270,SRC-0256,yes,low,"模板/书目转写:不增加,作品级地点关系",REWRITE_PIPELINE,USER_REVIEW_HIGH_JUDGMENT,STILL_VALID,candidate remains useful after current-main rebase
V1-ENT-0339,work,next_reads,user_review,TEMPLATE_REWRITE_REQUIRED,V1-REL-0263;V1-REL-0265,SRC-0256;SRC-0257,yes,high,模板/书目转写:继续到,REWRITE_PIPELINE,USER_REVIEW_HIGH_JUDGMENT,STILL_VALID,candidate remains useful after current-main rebase
V1-ENT-0339,work,reading_approach,user_review,HIGH_JUDGMENT_USER_REQUIRED,V1-FCT-0909;V1-FCT-0910,SRC-0256;SRC-0257,yes,high,by field default:阅读方法推荐,USER_REVIEW_BATCH,USER_REVIEW_HIGH_JUDGMENT,STILL_VALID,candidate remains useful after current-main rebase
V1-ENT-0339,work,story_intro,user_review,TEMPLATE_REWRITE_REQUIRED,V1-FCT-0908;V1-FCT-0909;V1-FCT-0910,SRC-0256;SRC-0257,yes,low,模板/书目转写:书目转写句式,REWRITE_PIPELINE,USER_REVIEW_HIGH_JUDGMENT,STILL_VALID,candidate remains useful after current-main rebase
V1-ENT-0339,work,theme_explanations,user_review,TEMPLATE_REWRITE_REQUIRED,V1-FCT-0910,SRC-0256,yes,high,模板/书目转写:书目入口,REWRITE_PIPELINE,USER_REVIEW_HIGH_JUDGMENT,STILL_VALID,candidate remains useful after current-main rebase
V1-ENT-0339,work,why_read,user_review,TEMPLATE_REWRITE_REQUIRED,V1-FCT-0909;V1-FCT-0910,SRC-0256;SRC-0257,yes,high,模板/书目转写:先确认,REWRITE_PIPELINE,USER_REVIEW_HIGH_JUDGMENT,STILL_VALID,candidate remains useful after current-main rebase
V1-ENT-0340,work,guiding_question,user_review,EVIDENCE_INSUFFICIENT,V1-FCT-0912;V1-GAP-0022,SRC-0256;SRC-0257,no,high,research_refs指向gap:V1-GAP-0022,RESEARCH_GAP_PIPELINE,USER_REVIEW_HIGH_JUDGMENT,STILL_VALID,candidate remains useful after current-main rebase
V1-ENT-0340,work,location_note,user_review,TEMPLATE_REWRITE_REQUIRED,V1-REL-0270,SRC-0256,yes,low,"模板/书目转写:只复用,作品级地点关系",REWRITE_PIPELINE,USER_REVIEW_HIGH_JUDGMENT,STILL_VALID,candidate remains useful after current-main rebase
V1-ENT-0340,work,next_reads,user_review,HIGH_JUDGMENT_USER_REQUIRED,V1-REL-0263;V1-REL-0264,SRC-0256;SRC-0257,yes,high,by field default:延伸阅读推荐,USER_REVIEW_BATCH,USER_REVIEW_HIGH_JUDGMENT,STILL_VALID,candidate remains useful after current-main rebase
V1-ENT-0340,work,reading_approach,user_review,EVIDENCE_INSUFFICIENT,V1-FCT-0912;V1-GAP-0022,SRC-0256;SRC-0257,no,high,research_refs指向gap:V1-GAP-0022,RESEARCH_GAP_PIPELINE,USER_REVIEW_HIGH_JUDGMENT,STILL_VALID,candidate remains useful after current-main rebase
V1-ENT-0340,work,story_intro,user_review,EVIDENCE_INSUFFICIENT,V1-FCT-0911;V1-FCT-0912;V1-GAP-0022,SRC-0256;SRC-0257,no,low,research_refs指向gap:V1-GAP-0022,RESEARCH_GAP_PIPELINE,USER_REVIEW_HIGH_JUDGMENT,STILL_VALID,candidate remains useful after current-main rebase
V1-ENT-0340,work,theme_explanations,user_review,EVIDENCE_INSUFFICIENT,V1-FCT-0913;V1-GAP-0022,SRC-0256;SRC-0257,no,high,research_refs指向gap:V1-GAP-0022,RESEARCH_GAP_PIPELINE,USER_REVIEW_HIGH_JUDGMENT,STILL_VALID,candidate remains useful after current-main rebase
V1-ENT-0340,work,why_read,user_review,EVIDENCE_INSUFFICIENT,V1-FCT-0912;V1-GAP-0022,SRC-0256;SRC-0257,no,high,research_refs指向gap:V1-GAP-0022,RESEARCH_GAP_PIPELINE,USER_REVIEW_HIGH_JUDGMENT,STILL_VALID,candidate remains useful after current-main rebase
V1-ENT-0341,work,guiding_question,user_review,TEMPLATE_REWRITE_REQUIRED,V1-FCT-0918,SRC-0259,yes,high,模板/书目转写:书目位置,REWRITE_PIPELINE,USER_REVIEW_HIGH_JUDGMENT,STILL_VALID,candidate remains useful after current-main rebase
V1-ENT-0341,work,location_note,user_review,TEMPLATE_REWRITE_REQUIRED,V1-REL-0271,SRC-0260,yes,low,模板句标记:本批,REWRITE_PIPELINE,USER_REVIEW_HIGH_JUDGMENT,STILL_VALID,candidate remains useful after current-main rebase
V1-ENT-0341,work,next_reads,user_review,TEMPLATE_REWRITE_REQUIRED,V1-REL-0267;V1-REL-0268,SRC-0259;SRC-0260,yes,high,模板/书目转写:继续到,REWRITE_PIPELINE,USER_REVIEW_HIGH_JUDGMENT,STILL_VALID,candidate remains useful after current-main rebase
V1-ENT-0341,work,reading_approach,user_review,TEMPLATE_REWRITE_REQUIRED,V1-FCT-0918;V1-FCT-0919,SRC-0259,yes,high,模板/书目转写:书目转写句式,REWRITE_PIPELINE,USER_REVIEW_HIGH_JUDGMENT,STILL_VALID,candidate remains useful after current-main rebase
V1-ENT-0341,work,story_intro,user_review,TEMPLATE_REWRITE_REQUIRED,V1-FCT-0917;V1-FCT-0918;V1-FCT-0919,SRC-0259,yes,low,模板/书目转写:书目转写句式,REWRITE_PIPELINE,USER_REVIEW_HIGH_JUDGMENT,STILL_VALID,candidate remains useful after current-main rebase
V1-ENT-0341,work,theme_explanations,user_review,TEMPLATE_REWRITE_REQUIRED,V1-FCT-0919,SRC-0259,yes,high,模板/书目转写:书目式标签,REWRITE_PIPELINE,USER_REVIEW_HIGH_JUDGMENT,STILL_VALID,candidate remains useful after current-main rebase
V1-ENT-0341,work,why_read,user_review,TEMPLATE_REWRITE_REQUIRED,V1-FCT-0918;V1-FCT-0919,SRC-0259,yes,high,模板/书目转写:先定位,REWRITE_PIPELINE,USER_REVIEW_HIGH_JUDGMENT,STILL_VALID,candidate remains useful after current-main rebase
V1-ENT-0342,work,guiding_question,user_review,HIGH_JUDGMENT_USER_REQUIRED,V1-FCT-0918;V1-FCT-0921,SRC-0259,yes,high,by field default:引导问题阐释框架,USER_REVIEW_BATCH,USER_REVIEW_HIGH_JUDGMENT,STILL_VALID,candidate remains useful after current-main rebase
V1-ENT-0342,work,location_note,user_review,TEMPLATE_REWRITE_REQUIRED,V1-REL-0271,SRC-0260,yes,low,"模板/书目转写:不增加,作品级地点关系",REWRITE_PIPELINE,USER_REVIEW_HIGH_JUDGMENT,STILL_VALID,candidate remains useful after current-main rebase
V1-ENT-0342,work,next_reads,user_review,HIGH_JUDGMENT_USER_REQUIRED,V1-REL-0266;V1-REL-0268,SRC-0259;SRC-0260,yes,high,by field default:延伸阅读推荐,USER_REVIEW_BATCH,USER_REVIEW_HIGH_JUDGMENT,STILL_VALID,candidate remains useful after current-main rebase
V1-ENT-0342,work,reading_approach,user_review,HIGH_JUDGMENT_USER_REQUIRED,V1-FCT-0921;V1-FCT-0922,SRC-0259,yes,high,by field default:阅读方法推荐,USER_REVIEW_BATCH,USER_REVIEW_HIGH_JUDGMENT,STILL_VALID,candidate remains useful after current-main rebase
V1-ENT-0342,work,story_intro,user_review,TEMPLATE_REWRITE_REQUIRED,V1-FCT-0920;V1-FCT-0921;V1-FCT-0922,SRC-0259,yes,low,模板/书目转写:书目转写句式,REWRITE_PIPELINE,USER_REVIEW_HIGH_JUDGMENT,STILL_VALID,candidate remains useful after current-main rebase
V1-ENT-0342,work,theme_explanations,user_review,TEMPLATE_REWRITE_REQUIRED,V1-FCT-0922,SRC-0259,yes,high,模板/书目转写:书目式标签,REWRITE_PIPELINE,USER_REVIEW_HIGH_JUDGMENT,STILL_VALID,candidate remains useful after current-main rebase
V1-ENT-0342,work,why_read,user_review,TEMPLATE_REWRITE_REQUIRED,V1-FCT-0921;V1-FCT-0922,SRC-0259,yes,high,模板句标记:并读,REWRITE_PIPELINE,USER_REVIEW_HIGH_JUDGMENT,STILL_VALID,candidate remains useful after current-main rebase
V1-ENT-0343,work,guiding_question,user_review,HIGH_JUDGMENT_USER_REQUIRED,V1-FCT-0924;V1-FCT-0925,SRC-0260,yes,high,by field default:引导问题阐释框架,USER_REVIEW_BATCH,USER_REVIEW_HIGH_JUDGMENT,STILL_VALID,candidate remains useful after current-main rebase
V1-ENT-0343,work,location_note,user_review,TEMPLATE_REWRITE_REQUIRED,V1-REL-0271,SRC-0260,yes,low,"模板/书目转写:只复用,作品级地点关系",REWRITE_PIPELINE,USER_REVIEW_HIGH_JUDGMENT,STILL_VALID,candidate remains useful after current-main rebase
V1-ENT-0343,work,next_reads,user_review,HIGH_JUDGMENT_USER_REQUIRED,V1-REL-0266;V1-REL-0267,SRC-0259;SRC-0260,yes,high,by field default:延伸阅读推荐,USER_REVIEW_BATCH,USER_REVIEW_HIGH_JUDGMENT,STILL_VALID,candidate remains useful after current-main rebase
V1-ENT-0343,work,reading_approach,user_review,HIGH_JUDGMENT_USER_REQUIRED,V1-FCT-0924;V1-FCT-0925,SRC-0260,yes,high,by field default:阅读方法推荐,USER_REVIEW_BATCH,USER_REVIEW_HIGH_JUDGMENT,STILL_VALID,candidate remains useful after current-main rebase
V1-ENT-0343,work,story_intro,user_review,LOW_JUDGMENT_EVIDENCE_SUFFICIENT,V1-FCT-0923;V1-FCT-0924;V1-FCT-0925,SRC-0260,yes,low,保守事实介绍,USER_REVIEW_BATCH,USER_REVIEW_HIGH_JUDGMENT,CONFLICT_WITH_WCD04_ROUTING,page-level route identifies bibliographic copy; rewrite required
V1-ENT-0343,work,theme_explanations,user_review,TEMPLATE_REWRITE_REQUIRED,V1-FCT-0925,SRC-0260,yes,high,模板/书目转写:书目式标签,REWRITE_PIPELINE,USER_REVIEW_HIGH_JUDGMENT,STILL_VALID,candidate remains useful after current-main rebase
V1-ENT-0343,work,why_read,user_review,TEMPLATE_REWRITE_REQUIRED,V1-FCT-0924;V1-FCT-0925,SRC-0260,yes,high,模板/书目转写:先确认,REWRITE_PIPELINE,USER_REVIEW_HIGH_JUDGMENT,STILL_VALID,candidate remains useful after current-main rebase
V1-ENT-0347,work,guiding_question,user_review,TEMPLATE_REWRITE_REQUIRED,V1-FCT-0929;V1-FCT-0930;V1-FCT-0931;V1-GAP-0023,SRC-0261;SRC-0262,yes,high,模板句标记:不把,REWRITE_PIPELINE,USER_REVIEW_HIGH_JUDGMENT,STILL_VALID,candidate remains useful after current-main rebase
V1-ENT-0347,work,location_note,user_review,TEMPLATE_REWRITE_REQUIRED,V1-REL-0281,SRC-0261;SRC-0262,yes,low,模板句标记:本批,REWRITE_PIPELINE,USER_REVIEW_HIGH_JUDGMENT,STILL_VALID,candidate remains useful after current-main rebase
V1-ENT-0347,work,next_reads,user_review,TEMPLATE_REWRITE_REQUIRED,V1-REL-0272;V1-REL-0273;V1-REL-0274,SRC-0261;SRC-0262,yes,high,"同批 reason 文案复用于不同目标,属模板化而非可合并重复(REVIEWER2 勘误)",REWRITE_PIPELINE,USER_REVIEW_HIGH_JUDGMENT,STILL_VALID,candidate remains useful after current-main rebase
V1-ENT-0347,work,reading_approach,user_review,EVIDENCE_INSUFFICIENT,V1-FCT-0929;V1-FCT-0930;V1-FCT-0931;V1-GAP-0023,SRC-0261;SRC-0262,no,high,research_refs指向gap:V1-GAP-0023,RESEARCH_GAP_PIPELINE,USER_REVIEW_HIGH_JUDGMENT,STILL_VALID,candidate remains useful after current-main rebase
V1-ENT-0347,work,story_intro,user_review,EVIDENCE_INSUFFICIENT,V1-FCT-0929;V1-FCT-0930;V1-FCT-0931;V1-GAP-0023,SRC-0261;SRC-0262,no,low,research_refs指向gap:V1-GAP-0023,RESEARCH_GAP_PIPELINE,USER_REVIEW_HIGH_JUDGMENT,STILL_VALID,candidate remains useful after current-main rebase
V1-ENT-0347,work,theme_explanations,user_review,TEMPLATE_REWRITE_REQUIRED,V1-FCT-0929;V1-FCT-0930;V1-FCT-0931;V1-GAP-0023,SRC-0261;SRC-0262,yes,high,模板句标记:不把,REWRITE_PIPELINE,USER_REVIEW_HIGH_JUDGMENT,STILL_VALID,candidate remains useful after current-main rebase
V1-ENT-0347,work,why_read,user_review,EVIDENCE_INSUFFICIENT,V1-FCT-0929;V1-FCT-0930;V1-FCT-0931;V1-GAP-0023,SRC-0261;SRC-0262,no,high,research_refs指向gap:V1-GAP-0023,RESEARCH_GAP_PIPELINE,USER_REVIEW_HIGH_JUDGMENT,STILL_VALID,candidate remains useful after current-main rebase
V1-ENT-0348,work,guiding_question,user_review,TEMPLATE_REWRITE_REQUIRED,V1-FCT-0932;V1-FCT-0933;V1-FCT-0934,SRC-0262,yes,high,模板句标记:不把,REWRITE_PIPELINE,USER_REVIEW_HIGH_JUDGMENT,STILL_VALID,candidate remains useful after current-main rebase
V1-ENT-0348,work,location_note,user_review,TEMPLATE_REWRITE_REQUIRED,V1-REL-0281,SRC-0262,yes,low,模板句标记:本批,REWRITE_PIPELINE,USER_REVIEW_HIGH_JUDGMENT,STILL_VALID,candidate remains useful after current-main rebase
V1-ENT-0348,work,next_reads,user_review,TEMPLATE_REWRITE_REQUIRED,V1-REL-0273;V1-REL-0272;V1-REL-0274,SRC-0262,yes,high,"同批 reason 文案复用于不同目标,属模板化而非可合并重复(REVIEWER2 勘误)",REWRITE_PIPELINE,USER_REVIEW_HIGH_JUDGMENT,STILL_VALID,candidate remains useful after current-main rebase
V1-ENT-0348,work,reading_approach,user_review,TEMPLATE_REWRITE_REQUIRED,V1-FCT-0932;V1-FCT-0933;V1-FCT-0934,SRC-0262,yes,high,"模板/书目转写:标签进入,另外两个节点对照",REWRITE_PIPELINE,USER_REVIEW_HIGH_JUDGMENT,STILL_VALID,candidate remains useful after current-main rebase
V1-ENT-0348,work,story_intro,user_review,TEMPLATE_REWRITE_REQUIRED,V1-FCT-0932;V1-FCT-0933;V1-FCT-0934,SRC-0262,yes,low,"模板/书目转写:时间锚点,保留为",REWRITE_PIPELINE,USER_REVIEW_HIGH_JUDGMENT,STILL_VALID,candidate remains useful after current-main rebase
V1-ENT-0348,work,theme_explanations,user_review,TEMPLATE_REWRITE_REQUIRED,V1-FCT-0932;V1-FCT-0933;V1-FCT-0934,SRC-0262,yes,high,模板句标记:不把,REWRITE_PIPELINE,USER_REVIEW_HIGH_JUDGMENT,STILL_VALID,candidate remains useful after current-main rebase
V1-ENT-0348,work,why_read,user_review,TEMPLATE_REWRITE_REQUIRED,V1-FCT-0932;V1-FCT-0933;V1-FCT-0934,SRC-0262,yes,high,"模板/书目转写:先确认,西文题名",REWRITE_PIPELINE,USER_REVIEW_HIGH_JUDGMENT,STILL_VALID,candidate remains useful after current-main rebase
V1-ENT-0349,work,guiding_question,user_review,TEMPLATE_REWRITE_REQUIRED,V1-FCT-0935;V1-FCT-0936;V1-FCT-0937,SRC-0262,yes,high,模板句标记:不把,REWRITE_PIPELINE,USER_REVIEW_HIGH_JUDGMENT,STILL_VALID,candidate remains useful after current-main rebase
V1-ENT-0349,work,location_note,user_review,TEMPLATE_REWRITE_REQUIRED,V1-REL-0281,SRC-0262,yes,low,模板句标记:本批,REWRITE_PIPELINE,USER_REVIEW_HIGH_JUDGMENT,STILL_VALID,candidate remains useful after current-main rebase
V1-ENT-0349,work,next_reads,user_review,TEMPLATE_REWRITE_REQUIRED,V1-REL-0274;V1-REL-0272;V1-REL-0273,SRC-0262,yes,high,"同批 reason 文案复用于不同目标,属模板化而非可合并重复(REVIEWER2 勘误)",REWRITE_PIPELINE,USER_REVIEW_HIGH_JUDGMENT,STILL_VALID,candidate remains useful after current-main rebase
V1-ENT-0349,work,reading_approach,user_review,TEMPLATE_REWRITE_REQUIRED,V1-FCT-0935;V1-FCT-0936;V1-FCT-0937,SRC-0262,yes,high,"模板/书目转写:标签进入,另外两个节点对照",REWRITE_PIPELINE,USER_REVIEW_HIGH_JUDGMENT,STILL_VALID,candidate remains useful after current-main rebase
V1-ENT-0349,work,story_intro,user_review,TEMPLATE_REWRITE_REQUIRED,V1-FCT-0935;V1-FCT-0936;V1-FCT-0937,SRC-0262,yes,low,"模板/书目转写:时间锚点,保留为",REWRITE_PIPELINE,USER_REVIEW_HIGH_JUDGMENT,STILL_VALID,candidate remains useful after current-main rebase
V1-ENT-0349,work,theme_explanations,user_review,TEMPLATE_REWRITE_REQUIRED,V1-FCT-0935;V1-FCT-0936;V1-FCT-0937,SRC-0262,yes,high,模板句标记:不把,REWRITE_PIPELINE,USER_REVIEW_HIGH_JUDGMENT,STILL_VALID,candidate remains useful after current-main rebase
V1-ENT-0349,work,why_read,user_review,TEMPLATE_REWRITE_REQUIRED,V1-FCT-0935;V1-FCT-0936;V1-FCT-0937,SRC-0262,yes,high,"模板/书目转写:先确认,西文题名",REWRITE_PIPELINE,USER_REVIEW_HIGH_JUDGMENT,STILL_VALID,candidate remains useful after current-main rebase
V1-ENT-0350,work,guiding_question,user_review,TEMPLATE_REWRITE_REQUIRED,V1-FCT-0941;V1-FCT-0942;V1-FCT-0943,SRC-0264,yes,high,模板句标记:不把,REWRITE_PIPELINE,USER_REVIEW_HIGH_JUDGMENT,STILL_VALID,candidate remains useful after current-main rebase
V1-ENT-0350,work,location_note,user_review,TEMPLATE_REWRITE_REQUIRED,V1-REL-0282,SRC-0264,yes,low,模板句标记:本批,REWRITE_PIPELINE,USER_REVIEW_HIGH_JUDGMENT,STILL_VALID,candidate remains useful after current-main rebase
V1-ENT-0350,work,next_reads,user_review,TEMPLATE_REWRITE_REQUIRED,V1-REL-0275;V1-REL-0276;V1-REL-0277,SRC-0264,yes,high,"同批 reason 文案复用于不同目标,属模板化而非可合并重复(REVIEWER2 勘误)",REWRITE_PIPELINE,USER_REVIEW_HIGH_JUDGMENT,STILL_VALID,candidate remains useful after current-main rebase
V1-ENT-0350,work,reading_approach,user_review,TEMPLATE_REWRITE_REQUIRED,V1-FCT-0941;V1-FCT-0942;V1-FCT-0943,SRC-0264,yes,high,"模板/书目转写:标签进入,另外两个节点对照",REWRITE_PIPELINE,USER_REVIEW_HIGH_JUDGMENT,STILL_VALID,candidate remains useful after current-main rebase
V1-ENT-0350,work,story_intro,user_review,TEMPLATE_REWRITE_REQUIRED,V1-FCT-0941;V1-FCT-0942;V1-FCT-0943,SRC-0264,yes,low,"模板/书目转写:时间锚点,保留为",REWRITE_PIPELINE,USER_REVIEW_HIGH_JUDGMENT,STILL_VALID,candidate remains useful after current-main rebase
V1-ENT-0350,work,theme_explanations,user_review,TEMPLATE_REWRITE_REQUIRED,V1-FCT-0941;V1-FCT-0942;V1-FCT-0943,SRC-0264,yes,high,模板句标记:不把,REWRITE_PIPELINE,USER_REVIEW_HIGH_JUDGMENT,STILL_VALID,candidate remains useful after current-main rebase
V1-ENT-0350,work,why_read,user_review,TEMPLATE_REWRITE_REQUIRED,V1-FCT-0941;V1-FCT-0942;V1-FCT-0943,SRC-0264,yes,high,"模板/书目转写:先确认,西文题名",REWRITE_PIPELINE,USER_REVIEW_HIGH_JUDGMENT,STILL_VALID,candidate remains useful after current-main rebase
V1-ENT-0351,work,guiding_question,user_review,TEMPLATE_REWRITE_REQUIRED,V1-FCT-0944;V1-FCT-0945;V1-FCT-0946,SRC-0265,yes,high,模板句标记:不把,REWRITE_PIPELINE,USER_REVIEW_HIGH_JUDGMENT,STILL_VALID,candidate remains useful after current-main rebase
V1-ENT-0351,work,location_note,user_review,TEMPLATE_REWRITE_REQUIRED,V1-REL-0282,SRC-0265,yes,low,模板句标记:本批,REWRITE_PIPELINE,USER_REVIEW_HIGH_JUDGMENT,STILL_VALID,candidate remains useful after current-main rebase
V1-ENT-0351,work,next_reads,user_review,TEMPLATE_REWRITE_REQUIRED,V1-REL-0276;V1-REL-0275;V1-REL-0277,SRC-0265,yes,high,"同批 reason 文案复用于不同目标,属模板化而非可合并重复(REVIEWER2 勘误)",REWRITE_PIPELINE,USER_REVIEW_HIGH_JUDGMENT,STILL_VALID,candidate remains useful after current-main rebase
V1-ENT-0351,work,reading_approach,user_review,TEMPLATE_REWRITE_REQUIRED,V1-FCT-0944;V1-FCT-0945;V1-FCT-0946,SRC-0265,yes,high,"模板/书目转写:标签进入,另外两个节点对照",REWRITE_PIPELINE,USER_REVIEW_HIGH_JUDGMENT,STILL_VALID,candidate remains useful after current-main rebase
V1-ENT-0351,work,story_intro,user_review,TEMPLATE_REWRITE_REQUIRED,V1-FCT-0944;V1-FCT-0945;V1-FCT-0946,SRC-0265,yes,low,"模板/书目转写:时间锚点,保留为",REWRITE_PIPELINE,USER_REVIEW_HIGH_JUDGMENT,STILL_VALID,candidate remains useful after current-main rebase
V1-ENT-0351,work,theme_explanations,user_review,TEMPLATE_REWRITE_REQUIRED,V1-FCT-0944;V1-FCT-0945;V1-FCT-0946,SRC-0265,yes,high,模板句标记:不把,REWRITE_PIPELINE,USER_REVIEW_HIGH_JUDGMENT,STILL_VALID,candidate remains useful after current-main rebase
V1-ENT-0351,work,why_read,user_review,TEMPLATE_REWRITE_REQUIRED,V1-FCT-0944;V1-FCT-0945;V1-FCT-0946,SRC-0265,yes,high,"模板/书目转写:先确认,西文题名",REWRITE_PIPELINE,USER_REVIEW_HIGH_JUDGMENT,STILL_VALID,candidate remains useful after current-main rebase
V1-ENT-0352,work,guiding_question,user_review,TEMPLATE_REWRITE_REQUIRED,V1-FCT-0947;V1-FCT-0948;V1-FCT-0949,SRC-0266,yes,high,模板句标记:不把,REWRITE_PIPELINE,USER_REVIEW_HIGH_JUDGMENT,STILL_VALID,candidate remains useful after current-main rebase
V1-ENT-0352,work,location_note,user_review,TEMPLATE_REWRITE_REQUIRED,V1-REL-0282,SRC-0266,yes,low,模板句标记:本批,REWRITE_PIPELINE,USER_REVIEW_HIGH_JUDGMENT,STILL_VALID,candidate remains useful after current-main rebase
V1-ENT-0352,work,next_reads,user_review,TEMPLATE_REWRITE_REQUIRED,V1-REL-0277;V1-REL-0275;V1-REL-0276,SRC-0266,yes,high,"同批 reason 文案复用于不同目标,属模板化而非可合并重复(REVIEWER2 勘误)",REWRITE_PIPELINE,USER_REVIEW_HIGH_JUDGMENT,STILL_VALID,candidate remains useful after current-main rebase
V1-ENT-0352,work,reading_approach,user_review,TEMPLATE_REWRITE_REQUIRED,V1-FCT-0947;V1-FCT-0948;V1-FCT-0949,SRC-0266,yes,high,"模板/书目转写:标签进入,另外两个节点对照",REWRITE_PIPELINE,USER_REVIEW_HIGH_JUDGMENT,STILL_VALID,candidate remains useful after current-main rebase
V1-ENT-0352,work,story_intro,user_review,TEMPLATE_REWRITE_REQUIRED,V1-FCT-0947;V1-FCT-0948;V1-FCT-0949,SRC-0266,yes,low,"模板/书目转写:时间锚点,保留为",REWRITE_PIPELINE,USER_REVIEW_HIGH_JUDGMENT,STILL_VALID,candidate remains useful after current-main rebase
V1-ENT-0352,work,theme_explanations,user_review,TEMPLATE_REWRITE_REQUIRED,V1-FCT-0947;V1-FCT-0948;V1-FCT-0949,SRC-0266,yes,high,模板句标记:不把,REWRITE_PIPELINE,USER_REVIEW_HIGH_JUDGMENT,STILL_VALID,candidate remains useful after current-main rebase
V1-ENT-0352,work,why_read,user_review,TEMPLATE_REWRITE_REQUIRED,V1-FCT-0947;V1-FCT-0948;V1-FCT-0949,SRC-0266,yes,high,"模板/书目转写:先确认,西文题名",REWRITE_PIPELINE,USER_REVIEW_HIGH_JUDGMENT,STILL_VALID,candidate remains useful after current-main rebase
V1-ENT-0353,work,guiding_question,user_review,TEMPLATE_REWRITE_REQUIRED,V1-FCT-0953;V1-FCT-0954;V1-FCT-0955,SRC-0268,yes,high,模板句标记:不把,REWRITE_PIPELINE,USER_REVIEW_HIGH_JUDGMENT,STILL_VALID,candidate remains useful after current-main rebase
V1-ENT-0353,work,location_note,user_review,TEMPLATE_REWRITE_REQUIRED,V1-REL-0283,SRC-0268,yes,low,模板句标记:本批,REWRITE_PIPELINE,USER_REVIEW_HIGH_JUDGMENT,STILL_VALID,candidate remains useful after current-main rebase
V1-ENT-0353,work,next_reads,user_review,TEMPLATE_REWRITE_REQUIRED,V1-REL-0278;V1-REL-0279;V1-REL-0280,SRC-0268,yes,high,"同批 reason 文案复用于不同目标,属模板化而非可合并重复(REVIEWER2 勘误)",REWRITE_PIPELINE,USER_REVIEW_HIGH_JUDGMENT,STILL_VALID,candidate remains useful after current-main rebase
V1-ENT-0353,work,reading_approach,user_review,TEMPLATE_REWRITE_REQUIRED,V1-FCT-0953;V1-FCT-0954;V1-FCT-0955,SRC-0268,yes,high,"模板/书目转写:标签进入,另外两个节点对照",REWRITE_PIPELINE,USER_REVIEW_HIGH_JUDGMENT,STILL_VALID,candidate remains useful after current-main rebase
V1-ENT-0353,work,story_intro,user_review,TEMPLATE_REWRITE_REQUIRED,V1-FCT-0953;V1-FCT-0954;V1-FCT-0955,SRC-0268,yes,low,"模板/书目转写:时间锚点,保留为",REWRITE_PIPELINE,USER_REVIEW_HIGH_JUDGMENT,STILL_VALID,candidate remains useful after current-main rebase
V1-ENT-0353,work,theme_explanations,user_review,TEMPLATE_REWRITE_REQUIRED,V1-FCT-0953;V1-FCT-0954;V1-FCT-0955,SRC-0268,yes,high,模板句标记:不把,REWRITE_PIPELINE,USER_REVIEW_HIGH_JUDGMENT,STILL_VALID,candidate remains useful after current-main rebase
V1-ENT-0353,work,why_read,user_review,TEMPLATE_REWRITE_REQUIRED,V1-FCT-0953;V1-FCT-0954;V1-FCT-0955,SRC-0268,yes,high,"模板/书目转写:先确认,西文题名",REWRITE_PIPELINE,USER_REVIEW_HIGH_JUDGMENT,STILL_VALID,candidate remains useful after current-main rebase
V1-ENT-0354,work,guiding_question,user_review,TEMPLATE_REWRITE_REQUIRED,V1-FCT-0956;V1-FCT-0957;V1-FCT-0958,SRC-0268;SRC-0269,yes,high,模板句标记:不把,REWRITE_PIPELINE,USER_REVIEW_HIGH_JUDGMENT,STILL_VALID,candidate remains useful after current-main rebase
V1-ENT-0354,work,location_note,user_review,TEMPLATE_REWRITE_REQUIRED,V1-REL-0283,SRC-0268;SRC-0269,yes,low,模板句标记:本批,REWRITE_PIPELINE,USER_REVIEW_HIGH_JUDGMENT,STILL_VALID,candidate remains useful after current-main rebase
V1-ENT-0354,work,next_reads,user_review,TEMPLATE_REWRITE_REQUIRED,V1-REL-0279;V1-REL-0278;V1-REL-0280,SRC-0268;SRC-0269,yes,high,"同批 reason 文案复用于不同目标,属模板化而非可合并重复(REVIEWER2 勘误)",REWRITE_PIPELINE,USER_REVIEW_HIGH_JUDGMENT,STILL_VALID,candidate remains useful after current-main rebase
V1-ENT-0354,work,reading_approach,user_review,TEMPLATE_REWRITE_REQUIRED,V1-FCT-0956;V1-FCT-0957;V1-FCT-0958,SRC-0268;SRC-0269,yes,high,"模板/书目转写:标签进入,另外两个节点对照",REWRITE_PIPELINE,USER_REVIEW_HIGH_JUDGMENT,STILL_VALID,candidate remains useful after current-main rebase
V1-ENT-0354,work,story_intro,user_review,TEMPLATE_REWRITE_REQUIRED,V1-FCT-0956;V1-FCT-0957;V1-FCT-0958,SRC-0268;SRC-0269,yes,low,"模板/书目转写:时间锚点,保留为",REWRITE_PIPELINE,USER_REVIEW_HIGH_JUDGMENT,STILL_VALID,candidate remains useful after current-main rebase
V1-ENT-0354,work,theme_explanations,user_review,TEMPLATE_REWRITE_REQUIRED,V1-FCT-0956;V1-FCT-0957;V1-FCT-0958,SRC-0268;SRC-0269,yes,high,模板句标记:不把,REWRITE_PIPELINE,USER_REVIEW_HIGH_JUDGMENT,STILL_VALID,candidate remains useful after current-main rebase
V1-ENT-0354,work,why_read,user_review,TEMPLATE_REWRITE_REQUIRED,V1-FCT-0956;V1-FCT-0957;V1-FCT-0958,SRC-0268;SRC-0269,yes,high,"模板/书目转写:先确认,西文题名",REWRITE_PIPELINE,USER_REVIEW_HIGH_JUDGMENT,STILL_VALID,candidate remains useful after current-main rebase
V1-ENT-0355,work,guiding_question,user_review,TEMPLATE_REWRITE_REQUIRED,V1-FCT-0959;V1-FCT-0960;V1-FCT-0961,SRC-0268;SRC-0269,yes,high,模板句标记:不把,REWRITE_PIPELINE,USER_REVIEW_HIGH_JUDGMENT,STILL_VALID,candidate remains useful after current-main rebase
V1-ENT-0355,work,location_note,user_review,TEMPLATE_REWRITE_REQUIRED,V1-REL-0283,SRC-0268;SRC-0269,yes,low,模板句标记:本批,REWRITE_PIPELINE,USER_REVIEW_HIGH_JUDGMENT,STILL_VALID,candidate remains useful after current-main rebase
V1-ENT-0355,work,next_reads,user_review,TEMPLATE_REWRITE_REQUIRED,V1-REL-0280;V1-REL-0278;V1-REL-0279,SRC-0268;SRC-0269,yes,high,"同批 reason 文案复用于不同目标,属模板化而非可合并重复(REVIEWER2 勘误)",REWRITE_PIPELINE,USER_REVIEW_HIGH_JUDGMENT,STILL_VALID,candidate remains useful after current-main rebase
V1-ENT-0355,work,reading_approach,user_review,TEMPLATE_REWRITE_REQUIRED,V1-FCT-0959;V1-FCT-0960;V1-FCT-0961,SRC-0268;SRC-0269,yes,high,"模板/书目转写:标签进入,另外两个节点对照",REWRITE_PIPELINE,USER_REVIEW_HIGH_JUDGMENT,STILL_VALID,candidate remains useful after current-main rebase
V1-ENT-0355,work,story_intro,user_review,TEMPLATE_REWRITE_REQUIRED,V1-FCT-0959;V1-FCT-0960;V1-FCT-0961,SRC-0268;SRC-0269,yes,low,"模板/书目转写:时间锚点,保留为",REWRITE_PIPELINE,USER_REVIEW_HIGH_JUDGMENT,STILL_VALID,candidate remains useful after current-main rebase
V1-ENT-0355,work,theme_explanations,user_review,TEMPLATE_REWRITE_REQUIRED,V1-FCT-0959;V1-FCT-0960;V1-FCT-0961,SRC-0268;SRC-0269,yes,high,模板句标记:不把,REWRITE_PIPELINE,USER_REVIEW_HIGH_JUDGMENT,STILL_VALID,candidate remains useful after current-main rebase
V1-ENT-0355,work,why_read,user_review,TEMPLATE_REWRITE_REQUIRED,V1-FCT-0959;V1-FCT-0960;V1-FCT-0961,SRC-0268;SRC-0269,yes,high,"模板/书目转写:先确认,西文题名",REWRITE_PIPELINE,USER_REVIEW_HIGH_JUDGMENT,STILL_VALID,candidate remains useful after current-main rebase
V1-ENT-0361,work,guiding_question,user_review,TEMPLATE_REWRITE_REQUIRED,V1-FCT-0967;V1-FCT-0968;V1-FCT-0969,SRC-0271,yes,high,模板句标记:不把,REWRITE_PIPELINE,USER_REVIEW_HIGH_JUDGMENT,STILL_VALID,candidate remains useful after current-main rebase
V1-ENT-0361,work,location_note,user_review,TEMPLATE_REWRITE_REQUIRED,V1-REL-0293,SRC-0270;SRC-0271;SRC-0272,yes,low,模板句标记:本批,REWRITE_PIPELINE,USER_REVIEW_HIGH_JUDGMENT,STILL_VALID,candidate remains useful after current-main rebase
V1-ENT-0361,work,next_reads,user_review,HIGH_JUDGMENT_USER_REQUIRED,V1-FCT-0967;V1-FCT-0968;V1-FCT-0969;V1-REL-0293,SRC-0271,yes,high,by field default:延伸阅读推荐,USER_REVIEW_BATCH,USER_REVIEW_HIGH_JUDGMENT,STILL_VALID,candidate remains useful after current-main rebase
V1-ENT-0361,work,reading_approach,user_review,TEMPLATE_REWRITE_REQUIRED,V1-FCT-0967;V1-FCT-0968;V1-FCT-0969,SRC-0271,yes,high,模板句标记:不把,REWRITE_PIPELINE,USER_REVIEW_HIGH_JUDGMENT,STILL_VALID,candidate remains useful after current-main rebase
V1-ENT-0361,work,story_intro,user_review,TEMPLATE_REWRITE_REQUIRED,V1-FCT-0967;V1-FCT-0968;V1-FCT-0969,SRC-0271,yes,low,模板/书目转写:暂译,REWRITE_PIPELINE,USER_REVIEW_HIGH_JUDGMENT,STILL_VALID,candidate remains useful after current-main rebase
V1-ENT-0361,work,theme_explanations,user_review,TEMPLATE_REWRITE_REQUIRED,V1-FCT-0967;V1-FCT-0968;V1-FCT-0969,SRC-0271,yes,high,模板句标记:不把,REWRITE_PIPELINE,USER_REVIEW_HIGH_JUDGMENT,STILL_VALID,candidate remains useful after current-main rebase
V1-ENT-0361,work,why_read,user_review,TEMPLATE_REWRITE_REQUIRED,V1-FCT-0967;V1-FCT-0968;V1-FCT-0969,SRC-0271,yes,high,"模板/书目转写:先确认,标签进入",REWRITE_PIPELINE,USER_REVIEW_HIGH_JUDGMENT,STILL_VALID,candidate remains useful after current-main rebase
V1-ENT-0362,work,guiding_question,user_review,TEMPLATE_REWRITE_REQUIRED,V1-FCT-0970;V1-FCT-0971;V1-FCT-0972,SRC-0271,yes,high,模板句标记:不把,REWRITE_PIPELINE,USER_REVIEW_HIGH_JUDGMENT,STILL_VALID,candidate remains useful after current-main rebase
V1-ENT-0362,work,location_note,user_review,TEMPLATE_REWRITE_REQUIRED,V1-REL-0293,SRC-0270;SRC-0271;SRC-0272,yes,low,模板句标记:本批,REWRITE_PIPELINE,USER_REVIEW_HIGH_JUDGMENT,STILL_VALID,candidate remains useful after current-main rebase
V1-ENT-0362,work,next_reads,user_review,HIGH_JUDGMENT_USER_REQUIRED,V1-FCT-0970;V1-FCT-0971;V1-FCT-0972;V1-REL-0293,SRC-0271,yes,high,by field default:延伸阅读推荐,USER_REVIEW_BATCH,USER_REVIEW_HIGH_JUDGMENT,STILL_VALID,candidate remains useful after current-main rebase
V1-ENT-0362,work,reading_approach,user_review,TEMPLATE_REWRITE_REQUIRED,V1-FCT-0970;V1-FCT-0971;V1-FCT-0972,SRC-0271,yes,high,模板句标记:不把,REWRITE_PIPELINE,USER_REVIEW_HIGH_JUDGMENT,STILL_VALID,candidate remains useful after current-main rebase
V1-ENT-0362,work,story_intro,user_review,TEMPLATE_REWRITE_REQUIRED,V1-FCT-0970;V1-FCT-0971;V1-FCT-0972,SRC-0271,yes,low,模板/书目转写:暂译,REWRITE_PIPELINE,USER_REVIEW_HIGH_JUDGMENT,STILL_VALID,candidate remains useful after current-main rebase
V1-ENT-0362,work,theme_explanations,user_review,TEMPLATE_REWRITE_REQUIRED,V1-FCT-0970;V1-FCT-0971;V1-FCT-0972,SRC-0271,yes,high,模板句标记:不把,REWRITE_PIPELINE,USER_REVIEW_HIGH_JUDGMENT,STILL_VALID,candidate remains useful after current-main rebase
V1-ENT-0362,work,why_read,user_review,TEMPLATE_REWRITE_REQUIRED,V1-FCT-0970;V1-FCT-0971;V1-FCT-0972,SRC-0271,yes,high,"模板/书目转写:先确认,标签进入",REWRITE_PIPELINE,USER_REVIEW_HIGH_JUDGMENT,STILL_VALID,candidate remains useful after current-main rebase
V1-ENT-0363,work,guiding_question,user_review,TEMPLATE_REWRITE_REQUIRED,V1-FCT-0973;V1-FCT-0974;V1-FCT-0975,SRC-0271,yes,high,模板句标记:不把,REWRITE_PIPELINE,USER_REVIEW_HIGH_JUDGMENT,STILL_VALID,candidate remains useful after current-main rebase
V1-ENT-0363,work,location_note,user_review,TEMPLATE_REWRITE_REQUIRED,V1-REL-0293,SRC-0270;SRC-0271;SRC-0272,yes,low,模板句标记:本批,REWRITE_PIPELINE,USER_REVIEW_HIGH_JUDGMENT,STILL_VALID,candidate remains useful after current-main rebase
V1-ENT-0363,work,next_reads,user_review,HIGH_JUDGMENT_USER_REQUIRED,V1-FCT-0973;V1-FCT-0974;V1-FCT-0975;V1-REL-0293,SRC-0271,yes,high,by field default:延伸阅读推荐,USER_REVIEW_BATCH,USER_REVIEW_HIGH_JUDGMENT,STILL_VALID,candidate remains useful after current-main rebase
V1-ENT-0363,work,reading_approach,user_review,TEMPLATE_REWRITE_REQUIRED,V1-FCT-0973;V1-FCT-0974;V1-FCT-0975,SRC-0271,yes,high,模板句标记:不把,REWRITE_PIPELINE,USER_REVIEW_HIGH_JUDGMENT,STILL_VALID,candidate remains useful after current-main rebase
V1-ENT-0363,work,story_intro,user_review,TEMPLATE_REWRITE_REQUIRED,V1-FCT-0973;V1-FCT-0974;V1-FCT-0975,SRC-0271,yes,low,模板/书目转写:暂译,REWRITE_PIPELINE,USER_REVIEW_HIGH_JUDGMENT,STILL_VALID,candidate remains useful after current-main rebase
V1-ENT-0363,work,theme_explanations,user_review,TEMPLATE_REWRITE_REQUIRED,V1-FCT-0973;V1-FCT-0974;V1-FCT-0975,SRC-0271,yes,high,模板句标记:不把,REWRITE_PIPELINE,USER_REVIEW_HIGH_JUDGMENT,STILL_VALID,candidate remains useful after current-main rebase
V1-ENT-0363,work,why_read,user_review,TEMPLATE_REWRITE_REQUIRED,V1-FCT-0973;V1-FCT-0974;V1-FCT-0975,SRC-0271,yes,high,"模板/书目转写:先确认,标签进入",REWRITE_PIPELINE,USER_REVIEW_HIGH_JUDGMENT,STILL_VALID,candidate remains useful after current-main rebase
V1-ENT-0364,work,guiding_question,user_review,TEMPLATE_REWRITE_REQUIRED,V1-FCT-0981;V1-FCT-0982;V1-FCT-0983,SRC-0273;SRC-0274,yes,high,模板句标记:不把,REWRITE_PIPELINE,USER_REVIEW_HIGH_JUDGMENT,STILL_VALID,candidate remains useful after current-main rebase
V1-ENT-0364,work,location_note,user_review,TEMPLATE_REWRITE_REQUIRED,V1-REL-0294,SRC-0274;SRC-0273,yes,low,模板句标记:本批,REWRITE_PIPELINE,USER_REVIEW_HIGH_JUDGMENT,STILL_VALID,candidate remains useful after current-main rebase
V1-ENT-0364,work,next_reads,user_review,HIGH_JUDGMENT_USER_REQUIRED,V1-FCT-0981;V1-FCT-0982;V1-FCT-0983;V1-REL-0294,SRC-0273;SRC-0274,yes,high,by field default:延伸阅读推荐,USER_REVIEW_BATCH,USER_REVIEW_HIGH_JUDGMENT,STILL_VALID,candidate remains useful after current-main rebase
V1-ENT-0364,work,reading_approach,user_review,TEMPLATE_REWRITE_REQUIRED,V1-FCT-0981;V1-FCT-0982;V1-FCT-0983,SRC-0273;SRC-0274,yes,high,模板/书目转写:标签进入,REWRITE_PIPELINE,USER_REVIEW_HIGH_JUDGMENT,STILL_VALID,candidate remains useful after current-main rebase
V1-ENT-0364,work,story_intro,user_review,TEMPLATE_REWRITE_REQUIRED,V1-FCT-0981;V1-FCT-0982;V1-FCT-0983,SRC-0273;SRC-0274,yes,low,模板/书目转写:暂译,REWRITE_PIPELINE,USER_REVIEW_HIGH_JUDGMENT,STILL_VALID,candidate remains useful after current-main rebase
V1-ENT-0364,work,theme_explanations,user_review,TEMPLATE_REWRITE_REQUIRED,V1-FCT-0981;V1-FCT-0982;V1-FCT-0983,SRC-0273;SRC-0274,yes,high,模板句标记:不把,REWRITE_PIPELINE,USER_REVIEW_HIGH_JUDGMENT,STILL_VALID,candidate remains useful after current-main rebase
V1-ENT-0364,work,why_read,user_review,TEMPLATE_REWRITE_REQUIRED,V1-FCT-0981;V1-FCT-0982;V1-FCT-0983,SRC-0273;SRC-0274,yes,high,"模板/书目转写:先确认,标签进入",REWRITE_PIPELINE,USER_REVIEW_HIGH_JUDGMENT,STILL_VALID,candidate remains useful after current-main rebase
V1-ENT-0365,work,guiding_question,user_review,TEMPLATE_REWRITE_REQUIRED,V1-FCT-0984;V1-FCT-0985;V1-FCT-0986,SRC-0273;SRC-0274,yes,high,模板句标记:不把,REWRITE_PIPELINE,USER_REVIEW_HIGH_JUDGMENT,STILL_VALID,candidate remains useful after current-main rebase
V1-ENT-0365,work,location_note,user_review,TEMPLATE_REWRITE_REQUIRED,V1-REL-0294,SRC-0274;SRC-0273,yes,low,模板句标记:本批,REWRITE_PIPELINE,USER_REVIEW_HIGH_JUDGMENT,STILL_VALID,candidate remains useful after current-main rebase
V1-ENT-0365,work,next_reads,user_review,HIGH_JUDGMENT_USER_REQUIRED,V1-FCT-0984;V1-FCT-0985;V1-FCT-0986;V1-REL-0294,SRC-0273;SRC-0274,yes,high,by field default:延伸阅读推荐,USER_REVIEW_BATCH,USER_REVIEW_HIGH_JUDGMENT,STILL_VALID,candidate remains useful after current-main rebase
V1-ENT-0365,work,reading_approach,user_review,TEMPLATE_REWRITE_REQUIRED,V1-FCT-0984;V1-FCT-0985;V1-FCT-0986,SRC-0273;SRC-0274,yes,high,模板/书目转写:标签进入,REWRITE_PIPELINE,USER_REVIEW_HIGH_JUDGMENT,STILL_VALID,candidate remains useful after current-main rebase
V1-ENT-0365,work,story_intro,user_review,TEMPLATE_REWRITE_REQUIRED,V1-FCT-0984;V1-FCT-0985;V1-FCT-0986,SRC-0273;SRC-0274,yes,low,模板/书目转写:暂译,REWRITE_PIPELINE,USER_REVIEW_HIGH_JUDGMENT,STILL_VALID,candidate remains useful after current-main rebase
V1-ENT-0365,work,theme_explanations,user_review,TEMPLATE_REWRITE_REQUIRED,V1-FCT-0984;V1-FCT-0985;V1-FCT-0986,SRC-0273;SRC-0274,yes,high,模板句标记:不把,REWRITE_PIPELINE,USER_REVIEW_HIGH_JUDGMENT,STILL_VALID,candidate remains useful after current-main rebase
V1-ENT-0365,work,why_read,user_review,TEMPLATE_REWRITE_REQUIRED,V1-FCT-0984;V1-FCT-0985;V1-FCT-0986,SRC-0273;SRC-0274,yes,high,"模板/书目转写:先确认,标签进入",REWRITE_PIPELINE,USER_REVIEW_HIGH_JUDGMENT,STILL_VALID,candidate remains useful after current-main rebase
V1-ENT-0366,work,guiding_question,user_review,TEMPLATE_REWRITE_REQUIRED,V1-FCT-0987;V1-FCT-0988;V1-FCT-0989,SRC-0273;SRC-0274,yes,high,模板句标记:不把,REWRITE_PIPELINE,USER_REVIEW_HIGH_JUDGMENT,STILL_VALID,candidate remains useful after current-main rebase
V1-ENT-0366,work,location_note,user_review,TEMPLATE_REWRITE_REQUIRED,V1-REL-0294,SRC-0274;SRC-0273,yes,low,模板句标记:本批,REWRITE_PIPELINE,USER_REVIEW_HIGH_JUDGMENT,STILL_VALID,candidate remains useful after current-main rebase
V1-ENT-0366,work,next_reads,user_review,HIGH_JUDGMENT_USER_REQUIRED,V1-FCT-0987;V1-FCT-0988;V1-FCT-0989;V1-REL-0294,SRC-0273;SRC-0274,yes,high,by field default:延伸阅读推荐,USER_REVIEW_BATCH,USER_REVIEW_HIGH_JUDGMENT,STILL_VALID,candidate remains useful after current-main rebase
V1-ENT-0366,work,reading_approach,user_review,TEMPLATE_REWRITE_REQUIRED,V1-FCT-0987;V1-FCT-0988;V1-FCT-0989,SRC-0273;SRC-0274,yes,high,模板/书目转写:标签进入,REWRITE_PIPELINE,USER_REVIEW_HIGH_JUDGMENT,STILL_VALID,candidate remains useful after current-main rebase
V1-ENT-0366,work,story_intro,user_review,TEMPLATE_REWRITE_REQUIRED,V1-FCT-0987;V1-FCT-0988;V1-FCT-0989,SRC-0273;SRC-0274,yes,low,模板/书目转写:暂译,REWRITE_PIPELINE,USER_REVIEW_HIGH_JUDGMENT,STILL_VALID,candidate remains useful after current-main rebase
V1-ENT-0366,work,theme_explanations,user_review,TEMPLATE_REWRITE_REQUIRED,V1-FCT-0987;V1-FCT-0988;V1-FCT-0989,SRC-0273;SRC-0274,yes,high,模板句标记:不把,REWRITE_PIPELINE,USER_REVIEW_HIGH_JUDGMENT,STILL_VALID,candidate remains useful after current-main rebase
V1-ENT-0366,work,why_read,user_review,TEMPLATE_REWRITE_REQUIRED,V1-FCT-0987;V1-FCT-0988;V1-FCT-0989,SRC-0273;SRC-0274,yes,high,"模板/书目转写:先确认,标签进入",REWRITE_PIPELINE,USER_REVIEW_HIGH_JUDGMENT,STILL_VALID,candidate remains useful after current-main rebase
V1-ENT-0367,work,guiding_question,user_review,TEMPLATE_REWRITE_REQUIRED,V1-FCT-0995;V1-FCT-0996;V1-FCT-0997,SRC-0275;SRC-0276,yes,high,模板句标记:不把,REWRITE_PIPELINE,USER_REVIEW_HIGH_JUDGMENT,STILL_VALID,candidate remains useful after current-main rebase
V1-ENT-0367,work,location_note,user_review,TEMPLATE_REWRITE_REQUIRED,V1-REL-0295,SRC-0275;SRC-0276,yes,low,模板句标记:本批,REWRITE_PIPELINE,USER_REVIEW_HIGH_JUDGMENT,STILL_VALID,candidate remains useful after current-main rebase
V1-ENT-0367,work,next_reads,user_review,HIGH_JUDGMENT_USER_REQUIRED,V1-FCT-0995;V1-FCT-0996;V1-FCT-0997;V1-REL-0295,SRC-0275;SRC-0276,yes,high,by field default:延伸阅读推荐,USER_REVIEW_BATCH,USER_REVIEW_HIGH_JUDGMENT,STILL_VALID,candidate remains useful after current-main rebase
V1-ENT-0367,work,reading_approach,user_review,TEMPLATE_REWRITE_REQUIRED,V1-FCT-0995;V1-FCT-0996;V1-FCT-0997,SRC-0275;SRC-0276,yes,high,模板/书目转写:标签进入,REWRITE_PIPELINE,USER_REVIEW_HIGH_JUDGMENT,STILL_VALID,candidate remains useful after current-main rebase
V1-ENT-0367,work,story_intro,user_review,TEMPLATE_REWRITE_REQUIRED,V1-FCT-0995;V1-FCT-0996;V1-FCT-0997,SRC-0275;SRC-0276,yes,low,模板/书目转写:暂译,REWRITE_PIPELINE,USER_REVIEW_HIGH_JUDGMENT,STILL_VALID,candidate remains useful after current-main rebase
V1-ENT-0367,work,theme_explanations,user_review,TEMPLATE_REWRITE_REQUIRED,V1-FCT-0995;V1-FCT-0996;V1-FCT-0997,SRC-0275;SRC-0276,yes,high,模板句标记:不把,REWRITE_PIPELINE,USER_REVIEW_HIGH_JUDGMENT,STILL_VALID,candidate remains useful after current-main rebase
V1-ENT-0367,work,why_read,user_review,TEMPLATE_REWRITE_REQUIRED,V1-FCT-0995;V1-FCT-0996;V1-FCT-0997,SRC-0275;SRC-0276,yes,high,"模板/书目转写:先确认,标签进入",REWRITE_PIPELINE,USER_REVIEW_HIGH_JUDGMENT,STILL_VALID,candidate remains useful after current-main rebase
V1-ENT-0368,work,guiding_question,user_review,TEMPLATE_REWRITE_REQUIRED,V1-FCT-0998;V1-FCT-0999;V1-FCT-1000,SRC-0275,yes,high,模板句标记:不把,REWRITE_PIPELINE,USER_REVIEW_HIGH_JUDGMENT,STILL_VALID,candidate remains useful after current-main rebase
V1-ENT-0368,work,location_note,user_review,TEMPLATE_REWRITE_REQUIRED,V1-REL-0295,SRC-0275;SRC-0276,yes,low,模板句标记:本批,REWRITE_PIPELINE,USER_REVIEW_HIGH_JUDGMENT,STILL_VALID,candidate remains useful after current-main rebase
V1-ENT-0368,work,next_reads,user_review,HIGH_JUDGMENT_USER_REQUIRED,V1-FCT-0998;V1-FCT-0999;V1-FCT-1000;V1-REL-0295,SRC-0275,yes,high,by field default:延伸阅读推荐,USER_REVIEW_BATCH,USER_REVIEW_HIGH_JUDGMENT,STILL_VALID,candidate remains useful after current-main rebase
V1-ENT-0368,work,reading_approach,user_review,TEMPLATE_REWRITE_REQUIRED,V1-FCT-0998;V1-FCT-0999;V1-FCT-1000,SRC-0275,yes,high,模板/书目转写:标签进入,REWRITE_PIPELINE,USER_REVIEW_HIGH_JUDGMENT,STILL_VALID,candidate remains useful after current-main rebase
V1-ENT-0368,work,story_intro,user_review,TEMPLATE_REWRITE_REQUIRED,V1-FCT-0998;V1-FCT-0999;V1-FCT-1000,SRC-0275,yes,low,模板/书目转写:暂译,REWRITE_PIPELINE,USER_REVIEW_HIGH_JUDGMENT,STILL_VALID,candidate remains useful after current-main rebase
V1-ENT-0368,work,theme_explanations,user_review,TEMPLATE_REWRITE_REQUIRED,V1-FCT-0998;V1-FCT-0999;V1-FCT-1000,SRC-0275,yes,high,模板句标记:不把,REWRITE_PIPELINE,USER_REVIEW_HIGH_JUDGMENT,STILL_VALID,candidate remains useful after current-main rebase
V1-ENT-0368,work,why_read,user_review,TEMPLATE_REWRITE_REQUIRED,V1-FCT-0998;V1-FCT-0999;V1-FCT-1000,SRC-0275,yes,high,"模板/书目转写:先确认,标签进入",REWRITE_PIPELINE,USER_REVIEW_HIGH_JUDGMENT,STILL_VALID,candidate remains useful after current-main rebase
V1-ENT-0369,work,guiding_question,user_review,TEMPLATE_REWRITE_REQUIRED,V1-FCT-1001;V1-FCT-1002;V1-FCT-1003,SRC-0275;SRC-0276,yes,high,模板句标记:不把,REWRITE_PIPELINE,USER_REVIEW_HIGH_JUDGMENT,STILL_VALID,candidate remains useful after current-main rebase
V1-ENT-0369,work,location_note,user_review,TEMPLATE_REWRITE_REQUIRED,V1-REL-0295,SRC-0275;SRC-0276,yes,low,模板句标记:本批,REWRITE_PIPELINE,USER_REVIEW_HIGH_JUDGMENT,STILL_VALID,candidate remains useful after current-main rebase
V1-ENT-0369,work,next_reads,user_review,HIGH_JUDGMENT_USER_REQUIRED,V1-FCT-1001;V1-FCT-1002;V1-FCT-1003;V1-REL-0295,SRC-0275;SRC-0276,yes,high,by field default:延伸阅读推荐,USER_REVIEW_BATCH,USER_REVIEW_HIGH_JUDGMENT,STILL_VALID,candidate remains useful after current-main rebase
V1-ENT-0369,work,reading_approach,user_review,TEMPLATE_REWRITE_REQUIRED,V1-FCT-1001;V1-FCT-1002;V1-FCT-1003,SRC-0275;SRC-0276,yes,high,模板/书目转写:标签进入,REWRITE_PIPELINE,USER_REVIEW_HIGH_JUDGMENT,STILL_VALID,candidate remains useful after current-main rebase
V1-ENT-0369,work,story_intro,user_review,TEMPLATE_REWRITE_REQUIRED,V1-FCT-1001;V1-FCT-1002;V1-FCT-1003,SRC-0275;SRC-0276,yes,low,模板/书目转写:暂译,REWRITE_PIPELINE,USER_REVIEW_HIGH_JUDGMENT,STILL_VALID,candidate remains useful after current-main rebase
V1-ENT-0369,work,theme_explanations,user_review,TEMPLATE_REWRITE_REQUIRED,V1-FCT-1001;V1-FCT-1002;V1-FCT-1003,SRC-0275;SRC-0276,yes,high,模板句标记:不把,REWRITE_PIPELINE,USER_REVIEW_HIGH_JUDGMENT,STILL_VALID,candidate remains useful after current-main rebase
V1-ENT-0369,work,why_read,user_review,TEMPLATE_REWRITE_REQUIRED,V1-FCT-1001;V1-FCT-1002;V1-FCT-1003,SRC-0275;SRC-0276,yes,high,"模板/书目转写:先确认,标签进入",REWRITE_PIPELINE,USER_REVIEW_HIGH_JUDGMENT,STILL_VALID,candidate remains useful after current-main rebase
