author_id,author_name,candidate_work,original_title,old_priority,current_priority,already_in_db,possible_overlap,coverage_reason,source_status,route,notes
V1-ENT-0029,埃莱娜·加罗,《坚实的家》(Chinese display name requires verification),Un hogar sólido,P2,P2,no_exact_current_master_match,none,"加罗的戏剧处女作集，借""诗之声""剧团首演，被公认为革新了现代墨西哥戏剧的起点；她作为剧作家的地位由此确立，仅收《费利佩·安赫莱斯》不足以呈现。",SOURCE_REVERIFY_IN_WCD07,WCD-07C,"research candidate only; exact-title/current-author precheck matches=none; external source completeness not verified in WCD-04; semantic duplicate, edition overlap and collection containment not resolved in WCD-04; confidence=high"
V1-ENT-0029,埃莱娜·加罗,《出走的洛拉》(Chinese display name requires verification),Andamos huyendo Lola,P3,P3,no_exact_current_master_match,none,加罗第二部短篇集，女性主义叙事的延续，与《彩色的一周》构成其短篇小说全貌。,SOURCE_REVERIFY_IN_WCD07,WCD-07C,"research candidate only; exact-title/current-author precheck matches=none; external source completeness not verified in WCD-04; semantic duplicate, edition overlap and collection containment not resolved in WCD-04; confidence=medium"
V1-ENT-0030,罗萨里奥·卡斯特利亚诺斯,《皇家城》(Chinese display name requires verification),Ciudad Real,P1,P1,no_exact_current_master_match,none,"与《巴伦坎南》《黑暗的职守》并称""恰帕斯三部曲""的唯一短篇集，十个连续故事围绕圣克里斯托瓦尔（殖民名""皇家城""）的印第安人/拉迪诺人冲突，BBC称其""或许是她最知名的作品""；不收此书则三部曲断裂。",SOURCE_REVERIFY_IN_WCD07,WCD-07B,"research candidate only; exact-title/current-author precheck matches=none; external source completeness not verified in WCD-04; semantic duplicate, edition overlap and collection containment not resolved in WCD-04; confidence=high"
V1-ENT-0030,罗萨里奥·卡斯特利亚诺斯,《成人礼》(Chinese display name requires verification),Rito de iniciación,P2,P2,no_exact_current_master_match,none,她第三部小说（遗作），自传性青春叙事，补全其小说弧线。,SOURCE_REVERIFY_IN_WCD07,WCD-07C,"research candidate only; exact-title/current-author precheck matches=none; external source completeness not verified in WCD-04; semantic duplicate, edition overlap and collection containment not resolved in WCD-04; confidence=medium"
V1-ENT-0031,胡安·鲁尔福,Chinese display name requires verification,Aire de las colinas: cartas a Clara,DEFER,DEFER,no_exact_current_master_match,none,书信集，文献价值大于文学地图价值；对中文读者无作品对应。,SOURCE_REVERIFY_IN_WCD07,DEFER,"research candidate only; exact-title/current-author precheck matches=none; external source completeness not verified in WCD-04; semantic duplicate, edition overlap and collection containment not resolved in WCD-04; confidence=high"
V1-ENT-0059,奥克塔维奥·帕斯,《言词下的自由》(Chinese display name requires verification),Libertad bajo palabra,P1,P1,no_exact_current_master_match,none,"帕斯第一阶段诗歌的定本式选集，被西语评论界称为其诗歌的""里程碑""(hito)；作图只留《太阳石》无法呈现其诗歌谱系起点。",SOURCE_REVERIFY_IN_WCD07,WCD-07B,"research candidate only; exact-title/current-author precheck matches=none; external source completeness not verified in WCD-04; semantic duplicate, edition overlap and collection containment not resolved in WCD-04; confidence=high"
V1-ENT-0059,奥克塔维奥·帕斯,《泥淖之子：现代诗歌从浪漫主义到先锋派》,Los hijos del limo,P1,P1,no_exact_current_master_match,none,哈佛诺顿讲座结集，关于浪漫主义—先锋派诗歌现代性的核心论著，与其《弓与琴》构成诗学双璧；中译本（陈东飚译，广西人民出版社2018）豆瓣8.8，中文读者认知基础好。,SOURCE_REVERIFY_IN_WCD07,WCD-07B,"research candidate only; exact-title/current-author precheck matches=none; external source completeness not verified in WCD-04; semantic duplicate, edition overlap and collection containment not resolved in WCD-04; confidence=high"
V1-ENT-0059,奥克塔维奥·帕斯,《双重火焰》,La llama doble,P2,P2,no_exact_current_master_match,none,晚年论爱情与情欲的代表作；中译本早在1998年即由东方出版社出版（蒋显璟、真漫亚译，豆瓣9.1），对中文读者辨识度高。,SOURCE_REVERIFY_IN_WCD07,WCD-07C,"research candidate only; exact-title/current-author precheck matches=none; external source completeness not verified in WCD-04; semantic duplicate, edition overlap and collection containment not resolved in WCD-04; confidence=high"
V1-ENT-0059,奥克塔维奥·帕斯,《白》(Chinese display name requires verification),Blanco,P2,P2,no_exact_current_master_match,none,"诺贝尔自传称其""最复杂的作品""，三栏排印/视觉诗实验，与《太阳石》并为其长诗两极。",SOURCE_REVERIFY_IN_WCD07,WCD-07C,"research candidate only; exact-title/current-author precheck matches=none; external source completeness not verified in WCD-04; semantic duplicate, edition overlap and collection containment not resolved in WCD-04; confidence=high"
V1-ENT-0059,奥克塔维奥·帕斯,《索尔·胡安娜，或信仰的陷阱》(Chinese display name requires verification),Sor Juana Inés de la Cruz o las trampas de la fe,P2,P2,no_exact_current_master_match,none,帕斯为另一位图内作家索尔·胡安娜所作的权威研究，可建立跨作者关联（cross-link），亦是其文学批评代表作。,SOURCE_REVERIFY_IN_WCD07,WCD-07C,"research candidate only; exact-title/current-author precheck matches=none; external source completeness not verified in WCD-04; semantic duplicate, edition overlap and collection containment not resolved in WCD-04; confidence=high"
V1-ENT-0059,奥克塔维奥·帕斯,《语法猴子》(Chinese display name requires verification),El mono gramático,P3,P3,no_exact_current_master_match,none,散文体诗实验的高峰，学术史地位稳定，属扩展项。,SOURCE_REVERIFY_IN_WCD07,WCD-07C,"research candidate only; exact-title/current-author precheck matches=none; external source completeness not verified in WCD-04; semantic duplicate, edition overlap and collection containment not resolved in WCD-04; confidence=high"
V1-ENT-0145,卡洛斯·富恩特斯,《我们的土地》,Terra Nostra,P0,P0,no_exact_current_master_match,none,"富恩特斯公认的最高成就（1977年罗慕洛·加列戈斯奖+维利亚乌鲁蒂亚奖），被称为""拉丁美洲的《尤利西斯》""；2021年林一安全译本由作家出版社出版（豆瓣9.2），中文读者认知正在上升期，不收则作者页不完整。",SOURCE_REVERIFY_IN_WCD07,WCD-07A,"research candidate only; exact-title/current-author precheck matches=none; external source completeness not verified in WCD-04; semantic duplicate, edition overlap and collection containment not resolved in WCD-04; confidence=high"
V1-ENT-0145,卡洛斯·富恩特斯,《老美国佬》,Gringo viejo,P1,P1,no_exact_current_master_match,none,首部登上美国畅销书榜首的墨西哥小说（Ambrose Bierce 失踪之谜为底本），1989年好莱坞改编；上海译文已有中译《老美国佬》，国际影响力+中文可得性双高。,SOURCE_REVERIFY_IN_WCD07,WCD-07B,"research candidate only; exact-title/current-author precheck matches=none; external source completeness not verified in WCD-04; semantic duplicate, edition overlap and collection containment not resolved in WCD-04; confidence=high"
V1-ENT-0145,卡洛斯·富恩特斯,《换肤》(Chinese display name requires verification),Cambio de piel,P2,P2,no_exact_current_master_match,none,"获塞伊克斯·巴拉尔""文库短篇""奖(Biblioteca Breve 1967)，""文学爆炸""序列中的重要一环，衔接《阿尔特米奥·克罗斯之死》与《我们的土地》之间空档。",SOURCE_REVERIFY_IN_WCD07,WCD-07C,"research candidate only; exact-title/current-author precheck matches=none; external source completeness not verified in WCD-04; semantic duplicate, edition overlap and collection containment not resolved in WCD-04; confidence=high"
V1-ENT-0145,卡洛斯·富恩特斯,《戴假面具的日子》(Chinese display name requires verification),Los días enmascarados,P2,P2,no_exact_current_master_match,none,首部作品，含名篇《查克·穆尔》(Chac Mool)，是中文读者对富恩特斯短篇认知的主入口。,SOURCE_REVERIFY_IN_WCD07,WCD-07C,"research candidate only; exact-title/current-author precheck matches=none; external source completeness not verified in WCD-04; semantic duplicate, edition overlap and collection containment not resolved in WCD-04; confidence=high"
V1-ENT-0145,卡洛斯·富恩特斯,《良心的好日子》(Chinese display name requires verification),Las buenas conciencias,P2,P2,no_exact_current_master_match,none,早期现实主义双璧之一，与《最明净的地区》对照呈现其写作光谱。,SOURCE_REVERIFY_IN_WCD07,WCD-07C,"research candidate only; exact-title/current-author precheck matches=none; external source completeness not verified in WCD-04; semantic duplicate, edition overlap and collection containment not resolved in WCD-04; confidence=high"
V1-ENT-0145,卡洛斯·富恩特斯,《新西班牙美洲小说》(Chinese display name requires verification),La nueva novela hispanoamericana,P3,P3,no_exact_current_master_match,none,"""文学爆炸""纲领性批评文献，可与图内其他爆炸期作家建立理论关联。",SOURCE_REVERIFY_IN_WCD07,WCD-07C,"research candidate only; exact-title/current-author precheck matches=none; external source completeness not verified in WCD-04; semantic duplicate, edition overlap and collection containment not resolved in WCD-04; confidence=high"
V1-ENT-0145,卡洛斯·富恩特斯,《克里斯托瓦尔·诺纳托》(Chinese display name requires verification),Cristóbal Nonato,P3,P3,no_exact_current_master_match,none,"后期狂欢化代表作，完成其""墨西哥全景""书写。",SOURCE_REVERIFY_IN_WCD07,WCD-07C,"research candidate only; exact-title/current-author precheck matches=none; external source completeness not verified in WCD-04; semantic duplicate, edition overlap and collection containment not resolved in WCD-04; confidence=medium"
V1-ENT-0249,塞尔希奥·皮托尔,《逃逸的艺术》,El arte de la fuga,P0,P0,no_exact_current_master_match,none,皮托尔最负盛名的单本书，塞万提斯奖评委援引的核心成果；中文媒体（光明日报）早已以《逃逸的艺术》称引此书，是其在中文世界被认知的第一入口。,SOURCE_REVERIFY_IN_WCD07,WCD-07A,"research candidate only; exact-title/current-author precheck matches=none; external source completeness not verified in WCD-04; semantic duplicate, edition overlap and collection containment not resolved in WCD-04; confidence=high"
V1-ENT-0249,塞尔希奥·皮托尔,《维也纳的魔术师》(Chinese display name requires verification),El mago de Viena,P1,P1,no_exact_current_master_match,none,"""记忆三部曲""第三部，中欧记忆与文学回忆录的完成篇；与《逃逸的艺术》合并构成皮托尔经典形象。",SOURCE_REVERIFY_IN_WCD07,WCD-07B,"research candidate only; exact-title/current-author precheck matches=none; external source completeness not verified in WCD-04; semantic duplicate, edition overlap and collection containment not resolved in WCD-04; confidence=high"
V1-ENT-0249,塞尔希奥·皮托尔,《旅程》(Chinese display name requires verification),El viaje,P2,P2,no_exact_current_master_match,none,三部曲中唯二的虚构类作品（两名墨西哥知识分子的去古巴旅程），补齐三部曲全貌。,SOURCE_REVERIFY_IN_WCD07,WCD-07C,"research candidate only; exact-title/current-author precheck matches=none; external source completeness not verified in WCD-04; semantic duplicate, edition overlap and collection containment not resolved in WCD-04; confidence=medium"
V1-ENT-0250,胡安·何塞·阿雷奥拉,《多样的发明》(Chinese display name requires verification),Varia invención,P1,P1,no_exact_current_master_match,none,"阿雷奥拉1949年的第一本书；墨西哥国家声像馆(Fonoteca Nacional)称其最佳短篇尽在《多样的发明》与《孔法布拉里奥》""两本完美之书""，后者 DB 已收，前者缺席即半壁缺失。",SOURCE_REVERIFY_IN_WCD07,WCD-07B,"research candidate only; exact-title/current-author precheck matches=none; external source completeness not verified in WCD-04; semantic duplicate, edition overlap and collection containment not resolved in WCD-04; confidence=high"
V1-ENT-0250,胡安·何塞·阿雷奥拉,《我实在告诉你们》(Chinese display name requires verification),En verdad os digo,P3,P3,no_exact_current_master_match,none,晚期短篇集，含科幻讽刺名篇，属完善性扩展。,SOURCE_REVERIFY_IN_WCD07,WCD-07C,"research candidate only; exact-title/current-author precheck matches=none; external source completeness not verified in WCD-04; semantic duplicate, edition overlap and collection containment not resolved in WCD-04; confidence=medium"
V1-ENT-0260,埃莱娜·波尼亚托夫斯卡,《什么都没有，没有人在》(Chinese display name requires verification),"Nada, nadie: las voces del temblor",P1,P1,no_exact_current_master_match,none,"1985年墨西哥城大地震的证言记录，与《特拉特洛尔科之夜》并为其""集体见证文学""双峰，2013年塞万提斯奖授奖词语境中的核心作品。",SOURCE_REVERIFY_IN_WCD07,WCD-07B,"research candidate only; exact-title/current-author precheck matches=none; external source completeness not verified in WCD-04; semantic duplicate, edition overlap and collection containment not resolved in WCD-04; confidence=high"
V1-ENT-0260,埃莱娜·波尼亚托夫斯卡,《沉默是坚固的》(Chinese display name requires verification),Fuerte es el silencio,P2,P2,no_exact_current_master_match,none,收录为不公死者发声的代表性报道文（如加西亚·马尔克斯在《一个海难幸存者的故事》类对话传统中的对照文本），学界视为其纪事文学定义性集子。,SOURCE_REVERIFY_IN_WCD07,WCD-07C,"research candidate only; exact-title/current-author precheck matches=none; external source completeness not verified in WCD-04; semantic duplicate, edition overlap and collection containment not resolved in WCD-04; confidence=high"
V1-ENT-0260,埃莱娜·波尼亚托夫斯卡,《天空之肤》(Chinese display name requires verification),La piel del cielo,P2,P2,no_exact_current_master_match,none,阿尔法瓜拉小说奖(2001)得主，其纯粹长篇小说的最高国际荣誉。,SOURCE_REVERIFY_IN_WCD07,WCD-07C,"research candidate only; exact-title/current-author precheck matches=none; external source completeness not verified in WCD-04; semantic duplicate, edition overlap and collection containment not resolved in WCD-04; confidence=high"
V1-ENT-0260,埃莱娜·波尼亚托夫斯卡,《莱奥诺拉》(Chinese display name requires verification),Leonora,P2,P2,no_exact_current_master_match,none,"为超现实主义画家莱奥诺拉·卡林顿作传，获2011年""文库短篇""奖；可与其图内墨西哥艺术文化网络互链。",SOURCE_REVERIFY_IN_WCD07,WCD-07C,"research candidate only; exact-title/current-author precheck matches=none; external source completeness not verified in WCD-04; semantic duplicate, edition overlap and collection containment not resolved in WCD-04; confidence=high"
V1-ENT-0260,埃莱娜·波尼亚托夫斯卡,《亲爱的迭戈，基埃拉拥抱你》(Chinese display name requires verification),"Querido Diego, te abraza Quiela",P3,P3,no_exact_current_master_match,none,致迭戈·里维拉的书信体中篇，可建立与壁画家网络的跨作者关联。,SOURCE_REVERIFY_IN_WCD07,WCD-07C,"research candidate only; exact-title/current-author precheck matches=none; external source completeness not verified in WCD-04; semantic duplicate, edition overlap and collection containment not resolved in WCD-04; confidence=high"
V1-ENT-0261,何塞·埃米利奥·帕切科,《迟早》(Chinese display name requires verification),Tarde o temprano,P2,P2,no_exact_current_master_match,none,"帕切科诗歌的通行定本（多次增订再版，1980/1986/2000/2009），""不要问我时间如何流逝""等名句的正式归宿；作为诗歌作家页应以该集收束。",SOURCE_REVERIFY_IN_WCD07,WCD-07C,"research candidate only; exact-title/current-author precheck matches=none; external source completeness not verified in WCD-04; semantic duplicate, edition overlap and collection containment not resolved in WCD-04; confidence=high"
V1-ENT-0261,何塞·埃米利奥·帕切科,《你将死于远方》(Chinese display name requires verification),Morirás lejos,P2,P2,no_exact_current_master_match,none,"帕切科唯一长篇，被视为拉丁美洲第一部以纳粹大屠杀/犹太迫害为题材的小说，拼图式结构独树一帜；其""沙漠中的战斗""以外的另一极。",SOURCE_REVERIFY_IN_WCD07,WCD-07C,"research candidate only; exact-title/current-author precheck matches=none; external source completeness not verified in WCD-04; semantic duplicate, edition overlap and collection containment not resolved in WCD-04; confidence=medium"
V1-ENT-0261,何塞·埃米利奥·帕切科,《夜的元素》(Chinese display name requires verification),Los elementos de la noche,P3,P3,no_exact_current_master_match,none,首部诗集，1958–1962年习作期定音之作。,SOURCE_REVERIFY_IN_WCD07,WCD-07C,"research candidate only; exact-title/current-author precheck matches=none; external source completeness not verified in WCD-04; semantic duplicate, edition overlap and collection containment not resolved in WCD-04; confidence=medium"
V1-ENT-0345,瓜达卢佩·内特尔,《我出生的身体》(Chinese display name requires verification),El cuerpo en que nací,P2,P2,no_exact_current_master_match,none,内特尔国际传播最广的书之一（英译 The Body Where I Was Born，法译版行销法语圈），身体与成长叙事的代表作。,SOURCE_REVERIFY_IN_WCD07,WCD-07C,"research candidate only; exact-title/current-author precheck matches=none; external source completeness not verified in WCD-04; semantic duplicate, edition overlap and collection containment not resolved in WCD-04; confidence=high"
V1-ENT-0345,瓜达卢佩·内特尔,《冬天之后》(Chinese display name requires verification),Después del invierno,P2,P2,no_exact_current_master_match,none,2014年埃拉尔德小说奖(Herralde)得主，西语世界主流认可的关键节点。,SOURCE_REVERIFY_IN_WCD07,WCD-07C,"research candidate only; exact-title/current-author precheck matches=none; external source completeness not verified in WCD-04; semantic duplicate, edition overlap and collection containment not resolved in WCD-04; confidence=high"
V1-ENT-0345,瓜达卢佩·内特尔,《客人》(Chinese display name requires verification),El huésped,P2,P2,no_exact_current_master_match,none,"处女作（埃拉尔德奖决选），与《我出生的身体》被学界并读为""墨西哥政治内景""镜像。",SOURCE_REVERIFY_IN_WCD07,WCD-07C,"research candidate only; exact-title/current-author precheck matches=none; external source completeness not verified in WCD-04; semantic duplicate, edition overlap and collection containment not resolved in WCD-04; confidence=high"
V1-ENT-0322,索尔·胡安娜·伊内斯·德·拉·克鲁斯,《卡斯塔利亚的泛滥》(Chinese display name requires verification),Inundación castálida,P1,P1,no_exact_current_master_match,none,"1689年马德里出版的第一部书，收《男人们多愚蠢地指责……》等名篇，是其""十缪斯""声誉的欧洲亮相；诗歌总量呈现必须依赖此集。",SOURCE_REVERIFY_IN_WCD07,WCD-07B,"research candidate only; exact-title/current-author precheck matches=none; external source completeness not verified in WCD-04; semantic duplicate, edition overlap and collection containment not resolved in WCD-04; confidence=high"
V1-ENT-0322,索尔·胡安娜·伊内斯·德·拉·克鲁斯,《一宅之难》(Chinese display name requires verification),"Los empeños de una casa (c.1683, secular comedy)",P1,P1,no_exact_current_master_match,none,索尔·胡安娜世俗喜剧的代表作（披风剑客题材，为总督夫妇委任而作并亲自参与排演）；DB 现有《爱情是更大的迷宫》系合著作品，独力完成的世俗戏剧代表作应以此为准。,SOURCE_REVERIFY_IN_WCD07,WCD-07B,"research candidate only; exact-title/current-author precheck matches=none; external source completeness not verified in WCD-04; semantic duplicate, edition overlap and collection containment not resolved in WCD-04; confidence=high"
V1-ENT-0322,索尔·胡安娜·伊内斯·德·拉·克鲁斯,《令人钦佩的信》(Chinese display name requires verification),Carta atenagórica,P2,P2,no_exact_current_master_match,none,"批驳维耶拉的布道之作，正是它招致《答索尔·菲洛特娅》——两者须成对出现才能讲清""寂静""事件。",SOURCE_REVERIFY_IN_WCD07,WCD-07C,"research candidate only; exact-title/current-author precheck matches=none; external source completeness not verified in WCD-04; semantic duplicate, edition overlap and collection containment not resolved in WCD-04; confidence=high"
V1-ENT-0322,索尔·胡安娜·伊内斯·德·拉·克鲁斯,《神圣的那耳喀索斯》(Chinese display name requires verification),El divino Narciso,P3,P3,no_exact_current_master_match,none,其三部圣礼剧中最具原创性者，序赞(loa)引入阿兹特克宗教场景，殖民语境的独特文本。,SOURCE_REVERIFY_IN_WCD07,WCD-07C,"research candidate only; exact-title/current-author precheck matches=none; external source completeness not verified in WCD-04; semantic duplicate, edition overlap and collection containment not resolved in WCD-04; confidence=high"
V1-ENT-0170,米格尔·安赫尔·阿斯图里亚斯,《穆拉塔》(Chinese display name requires verification),Mulata de tal,P1,P1,no_exact_current_master_match,none,"公认其""最后一部真正意义上的大书""，玛雅神话与天主教象征熔铸的寓言（获西拉·马吉卡奖），1967年诺贝尔奖语境下其三大小说之一；缺此则""魔幻神话""一脉只剩《玉米人》。",SOURCE_REVERIFY_IN_WCD07,WCD-07B,"research candidate only; exact-title/current-author precheck matches=none; external source completeness not verified in WCD-04; semantic duplicate, edition overlap and collection containment not resolved in WCD-04; confidence=high"
V1-ENT-0224,鲁文·达里奥,《稀有者们》(Chinese display name requires verification),Los raros,P3,P3,no_exact_current_master_match,none,论洛特雷阿蒙、马拉美等的批评集，现代主义接受史的起点文献，可与其他作家条目建立批评史互链。,SOURCE_REVERIFY_IN_WCD07,WCD-07C,"research candidate only; exact-title/current-author precheck matches=none; external source completeness not verified in WCD-04; semantic duplicate, edition overlap and collection containment not resolved in WCD-04; confidence=high"
V1-ENT-0224,鲁文·达里奥,《游吟之歌》(Chinese display name requires verification),El canto errante,P3,P3,no_exact_current_master_match,none,"晚期第四本诗集，""生命与希望之歌""之后的余脉，扩展项。",SOURCE_REVERIFY_IN_WCD07,WCD-07C,"research candidate only; exact-title/current-author precheck matches=none; external source completeness not verified in WCD-04; semantic duplicate, edition overlap and collection containment not resolved in WCD-04; confidence=high"
V1-ENT-0225,何塞·马蒂,Chinese display name requires verification(常见译法《自由的诗》),Versos libres,P0,P0,no_exact_current_master_match,none,"与《伊斯梅利约》《纯朴的诗》并列为马蒂三大诗集且常被批评界视为其最高诗歌成就——Britannica人物条称其""展现深沉感受力与独创的诗性视野"",现代主义文学条并提两集""innovative, subtle, and powerful"";写得最早、身后18年才出版,是""诗人的马蒂""不可缺席的一极;DB现缺其三而存其二,属正典性遗漏。",SOURCE_REVERIFY_IN_WCD07,WCD-07A,"research candidate only; exact-title/current-author precheck matches=none; external source completeness not verified in WCD-04; semantic duplicate, edition overlap and collection containment not resolved in WCD-04; confidence=high"
V1-ENT-0225,何塞·马蒂,"Chinese display name requires verification(常见译法《黄金时代》,注意与王小波同名书区分)",La Edad de Oro,P1,P1,no_exact_current_master_match,none,"马蒂献给""美洲的孩子们""的图文月刊(1889年7–10月共4期),古巴国民读物与其世界形象的一部分,官方何塞·马蒂门户专文称其""面向未来的作品"";也是中国读者(尤其青少年向)最易进入的马蒂文本。",SOURCE_REVERIFY_IN_WCD07,WCD-07B,"research candidate only; exact-title/current-author precheck matches=none; external source completeness not verified in WCD-04; semantic duplicate, edition overlap and collection containment not resolved in WCD-04; confidence=high"
V1-ENT-0225,何塞·马蒂,Chinese display name requires verification(常见译法《不祥的友谊/露西亚·赫雷斯》),Lucía Jerez / Amistad funesta,P2,P2,no_exact_current_master_match,none,"马蒂唯一小说(初载纽约《El Latinoamericano》连载,初名《不祥的友谊》,再版改题),19世纪古巴文学的参照文本之一,可补齐作者体裁版图。",SOURCE_REVERIFY_IN_WCD07,WCD-07C,"research candidate only; exact-title/current-author precheck matches=none; external source completeness not verified in WCD-04; semantic duplicate, edition overlap and collection containment not resolved in WCD-04; confidence=medium"
V1-ENT-0225,何塞·马蒂,"以""选段/选集""入图价值有限;若地图单设""马蒂的新闻与随笔""主题可升级。",Diarios (1895 campaign diaries)、单篇名文(Emerson/Whitman/Bolívar)与纽约新闻写作,DEFER,DEFER,no_exact_current_master_match,none,,SOURCE_REVERIFY_IN_WCD07,DEFER,"research candidate only; exact-title/current-author precheck matches=none; external source completeness not verified in WCD-04; semantic duplicate, edition overlap and collection containment not resolved in WCD-04; confidence=medium"
V1-ENT-0074,阿莱霍·卡彭铁尔,常见译法《巴罗克协奏曲》(豆瓣书评与介绍文章已通用此名;暂无中译本),Concierto barroco,P1,P1,no_exact_current_master_match,none,"卡彭铁尔国际辨识度最高的晚期中篇(维瓦尔第以阿兹特克国王蒙特祖玛为题材创作歌剧《蒙特祖玛》),把其""神奇现实/新巴洛克""音乐诗学推到极致,Britannica为其设独立条目,常与三大长篇并列;作家页缺它则晚期完全失重。",SOURCE_REVERIFY_IN_WCD07,WCD-07B,"research candidate only; exact-title/current-author precheck matches=none; external source completeness not verified in WCD-04; semantic duplicate, edition overlap and collection containment not resolved in WCD-04; confidence=high"
V1-ENT-0074,阿莱霍·卡彭铁尔,Chinese display name requires verification(常见译法《竖琴与阴影》),El arpa y la sombra,P2,P2,no_exact_current_master_match,none,"绝笔长篇,以哥伦布三次请封圣为主线(教皇/哥伦布/修女三声部),是1992年五百周年前后西语世界重估""发现""叙事的标志性文本,Britannica明确记为其最后一部小说。",SOURCE_REVERIFY_IN_WCD07,WCD-07C,"research candidate only; exact-title/current-author precheck matches=none; external source completeness not verified in WCD-04; semantic duplicate, edition overlap and collection containment not resolved in WCD-04; confidence=medium"
V1-ENT-0074,阿莱霍·卡彭铁尔,Chinese display name requires verification,El recurso del método,P2,P2,no_exact_current_master_match,none,"晚期四部曲开篇,拉美""独裁者小说""谱系的重要一环,巴洛克政治讽刺长篇,与其历史题材双峰《光明世纪》互补。",SOURCE_REVERIFY_IN_WCD07,WCD-07C,"research candidate only; exact-title/current-author precheck matches=none; external source completeness not verified in WCD-04; semantic duplicate, edition overlap and collection containment not resolved in WCD-04; confidence=medium"
V1-ENT-0074,阿莱霍·卡彭铁尔,Chinese display name requires verification(常见译法《春之祭》),La consagración de la primavera,P3,P3,no_exact_current_master_match,none,"其篇幅最大的战争小说(西班牙内战+古巴革命双线,以斯特拉文斯基《春之祭》为结构),雄心最大而传播最弱,补完晚期即可。",SOURCE_REVERIFY_IN_WCD07,WCD-07C,"research candidate only; exact-title/current-author precheck matches=none; external source completeness not verified in WCD-04; semantic duplicate, edition overlap and collection containment not resolved in WCD-04; confidence=medium"
V1-ENT-0074,阿莱霍·卡彭铁尔,"处女作,黑人主义时期实验,史料意义大于阅读价值,除非地图需要""卡彭铁尔起点""叙事。",¡Écue-Yamba-O! (1933),DEFER,DEFER,no_exact_current_master_match,none,,SOURCE_REVERIFY_IN_WCD07,DEFER,"research candidate only; exact-title/current-author precheck matches=none; external source completeness not verified in WCD-04; semantic duplicate, edition overlap and collection containment not resolved in WCD-04; confidence=medium"
V1-ENT-0310,尼古拉斯·纪廉,Chinese display name requires verification(常见译法《给士兵的歌·给游客的颂调》),Cantos para soldados y sones para turistas,P1,P1,no_exact_current_master_match,none,"纪廉从黑人主义走向社会抗议的转折与成熟标志:题献给被士兵杀害的父亲,含传世名篇《士兵,学会射击》,对游客路线的讽刺直指殖民经济;Britannica设独立条目,Biblioteca Virtual Miguel de Cervantes有全文。DB缺它则""松调三部曲""之后整个诗学转向无据。",SOURCE_REVERIFY_IN_WCD07,WCD-07B,"research candidate only; exact-title/current-author precheck matches=none; external source completeness not verified in WCD-04; semantic duplicate, edition overlap and collection containment not resolved in WCD-04; confidence=high"
V1-ENT-0310,尼古拉斯·纪廉,Chinese display name requires verification(常见译法《我有》),Tengo,P2,P2,no_exact_current_master_match,none,"革命后纪廉最重要的诗集,同名诗《Tengo》为其传诵最广的晚期诗篇(EPdLP:""表达对革命古巴的喜悦""),是呈现诗人后半程面貌的钥匙。",SOURCE_REVERIFY_IN_WCD07,WCD-07C,"research candidate only; exact-title/current-author precheck matches=none; external source completeness not verified in WCD-04; semantic duplicate, edition overlap and collection containment not resolved in WCD-04; confidence=medium"
V1-ENT-0310,尼古拉斯·纪廉,Chinese display name requires verification,El son entero,P2,P2,no_exact_current_master_match,none,"40年代成熟期总结之作,与1937年双作共同构成其经典核心;美国国会图书馆《全诗》两卷本将其列为承前启后的位置。",SOURCE_REVERIFY_IN_WCD07,WCD-07C,"research candidate only; exact-title/current-author precheck matches=none; external source completeness not verified in WCD-04; semantic duplicate, edition overlap and collection containment not resolved in WCD-04; confidence=medium"
V1-ENT-0310,尼古拉斯·纪廉,Chinese display name requires verification,La paloma de vuelo popular,P3,P3,no_exact_current_master_match,none,"50年代代表诗集,其中政治抒情诗在拉美传唱度高,国会图书馆《全诗》第二卷收录。",SOURCE_REVERIFY_IN_WCD07,WCD-07C,"research candidate only; exact-title/current-author precheck matches=none; external source completeness not verified in WCD-04; semantic duplicate, edition overlap and collection containment not resolved in WCD-04; confidence=medium"
V1-ENT-0310,尼古拉斯·纪廉,补完项。,"Elegías (1938–58), Poemas de amor (1964), El gran zoo (1967), La rueda dentada (1972), El diario que a diario",DEFER,DEFER,no_exact_current_master_match,none,,SOURCE_REVERIFY_IN_WCD07,DEFER,"research candidate only; exact-title/current-author precheck matches=none; external source completeness not verified in WCD-04; semantic duplicate, edition overlap and collection containment not resolved in WCD-04; confidence=medium"
V1-ENT-0320,何塞·莱萨马·利马,Chinese display name requires verification(常见译法《纳西索斯之死》),Muerte de Narciso,P1,P1,no_exact_current_master_match,none,"莱萨马初登文坛的成名长诗(1937年刊于哈瓦那杂志Verbum第2期),古巴学术期刊Islas称其""开启莱萨马毕生巨著的诗"",新巴洛克诗学与《天堂》意象体系的原点;补入即可使诗歌维度从0到1。",SOURCE_REVERIFY_IN_WCD07,WCD-07B,"research candidate only; exact-title/current-author precheck matches=none; external source completeness not verified in WCD-04; semantic duplicate, edition overlap and collection containment not resolved in WCD-04; confidence=high"
V1-ENT-0320,何塞·莱萨马·利马,"有了《纳西索斯之死》后单册诗集属补完;若不愿加单册,可考虑以""诗歌合集(Obra poética)""一条目呈现全诗板块。","单册诗集(Enemigo rumor 1941, Aventuras sigilosas 1945, La fijeza 1946, Diente del oro 1947)、文论 Analecta del reloj (1953)、Tratados en La Habana (1958)",DEFER,DEFER,no_exact_current_master_match,none,,SOURCE_REVERIFY_IN_WCD07,DEFER,"research candidate only; exact-title/current-author precheck matches=none; external source completeness not verified in WCD-04; semantic duplicate, edition overlap and collection containment not resolved in WCD-04; confidence=medium"
V1-ENT-0321,吉列尔莫·卡夫雷拉·因凡特,Chinese display name requires verification(常见译法《我的古巴》),Mea Cuba,P2,P2,no_exact_current_master_match,none,"流亡政治文学文集——Britannica称其为""流亡古巴作家中最突出者、反对卡斯特罗政权最知名的发言人"",此书即该身份的文本证据,与《三只忧伤的老虎》的哈瓦那怀旧构成""两个岛""的对照。",SOURCE_REVERIFY_IN_WCD07,WCD-07C,"research candidate only; exact-title/current-author precheck matches=none; external source completeness not verified in WCD-04; semantic duplicate, edition overlap and collection containment not resolved in WCD-04; confidence=medium"
V1-ENT-0321,吉列尔莫·卡夫雷拉·因凡特,Chinese display name requires verification,Así en la paz como en la guerra,P2,P2,no_exact_current_master_match,none,"处女短篇集(哈瓦那Ediciones R, 1960),马乔区夜世界与""儿童受创视角""已成形,巴尔加斯·略萨曾专文评介,是《三只忧伤的老虎》的史前史。",SOURCE_REVERIFY_IN_WCD07,WCD-07C,"research candidate only; exact-title/current-author precheck matches=none; external source completeness not verified in WCD-04; semantic duplicate, edition overlap and collection containment not resolved in WCD-04; confidence=medium"
V1-ENT-0321,吉列尔莫·卡夫雷拉·因凡特,Chinese display name requires verification(常见译法《她唱波莱罗》),Ella cantaba boleros,P3,P3,no_exact_current_master_match,none,"《三只忧伤的老虎》中夜总会歌手""明星""章节的独立成书(经略萨与哈维尔·马里亚斯促成出版),波莱罗+哈瓦那夜生活的怀旧读本,生前出版(1996, Alfaguara)而非遗作。",SOURCE_REVERIFY_IN_WCD07,WCD-07C,"research candidate only; exact-title/current-author precheck matches=none; external source completeness not verified in WCD-04; semantic duplicate, edition overlap and collection containment not resolved in WCD-04; confidence=medium"
V1-ENT-0321,吉列尔莫·卡夫雷拉·因凡特,极端文字游戏实验与新闻专栏集属补完项。,Exorcismos de esti(l)o (1976)、Un oficio del siglo XX (1963–74)、Delito por bailar el chachachá (1995)、Holy Smoke (1985)、遗作 Mapa dibujado por un espía,DEFER,DEFER,no_exact_current_master_match,none,,SOURCE_REVERIFY_IN_WCD07,DEFER,"research candidate only; exact-title/current-author precheck matches=none; external source completeness not verified in WCD-04; semantic duplicate, edition overlap and collection containment not resolved in WCD-04; confidence=medium"
V1-ENT-0334,雷纳尔多·阿雷纳斯,Chinese display name requires verification(常见译法《又是海》;英译 Farewell to the Sea),Otra vez el mar,P1,P1,no_exact_current_master_match,none,"""五角体""第三部,一昼夜六段独白的海滩小说,英语学界公认为阿雷纳斯代表作之一(与《病狂世界》并列),手稿在古巴监视下托友偷运出境的经历本身即流亡文学史实;缺它则五角体只剩头尾。",SOURCE_REVERIFY_IN_WCD07,WCD-07B,"research candidate only; exact-title/current-author precheck matches=none; external source completeness not verified in WCD-04; semantic duplicate, edition overlap and collection containment not resolved in WCD-04; confidence=high"
V1-ENT-0334,雷纳尔多·阿雷纳斯,Chinese display name requires verification(常见译法《白得极白的臭鼬宫》;英译 The Palace of the White Skunks),El palacio de las blanquísimas mofetas,P2,P2,no_exact_current_master_match,none,"五角体第二部,九个独白写哈瓦那家庭的父权独裁与革命前夜,是理解五部曲""从耳语到嚎叫""(del susurro al alarido)整体结构的关键一环。",SOURCE_REVERIFY_IN_WCD07,WCD-07C,"research candidate only; exact-title/current-author precheck matches=none; external source completeness not verified in WCD-04; semantic duplicate, edition overlap and collection containment not resolved in WCD-04; confidence=medium"
V1-ENT-0334,雷纳尔多·阿雷纳斯,Chinese display name requires verification(常见译法《袭击》;英译 The Assault),El asalto,P2,P2,no_exact_current_master_match,none,"五角体终章,以酷刑国家的寓言收束其""agony""构思;近年(2023)被学界作为威权主义的""新寓言""重读,是其政治遗产的第一入口。",SOURCE_REVERIFY_IN_WCD07,WCD-07C,"research candidate only; exact-title/current-author precheck matches=none; external source completeness not verified in WCD-04; semantic duplicate, edition overlap and collection containment not resolved in WCD-04; confidence=medium"
V1-ENT-0334,雷纳尔多·阿雷纳斯,Chinese display name requires verification(常见译法《夏天的颜色》;英译 The Color of Summer),El color del verano,P2,P2,no_exact_current_master_match,none,"五角体第四部(副题""或新的人间乐园""),狂欢化讽刺1990年前后的革命古巴,与《袭击》同为作者自杀年前后面世的绝笔双长篇。",SOURCE_REVERIFY_IN_WCD07,WCD-07C,"research candidate only; exact-title/current-author precheck matches=none; external source completeness not verified in WCD-04; semantic duplicate, edition overlap and collection containment not resolved in WCD-04; confidence=medium"
V1-ENT-0334,雷纳尔多·阿雷纳斯,Chinese display name requires verification(常见译法《天使山》;英译 Graveyard of the Angels),La Loma del Ángel,P3,P3,no_exact_current_master_match,none,"对古巴19世纪民族经典《塞西莉亚·巴尔德斯》(Cirilo Villaverde)的戏仿重写,流亡写作与古巴经典正典的对话文本。",SOURCE_REVERIFY_IN_WCD07,WCD-07C,"research candidate only; exact-title/current-author precheck matches=none; external source completeness not verified in WCD-04; semantic duplicate, edition overlap and collection containment not resolved in WCD-04; confidence=medium"
V1-ENT-0334,雷纳尔多·阿雷纳斯,"补完项;若地图设""流亡/ LGBTQ 写作""主题,Voluntad 与回忆录可联动升级。","El portero (1989), La vieja rosa (1980), Con los ojos cerrados (1972), 戏剧, 遗作文论 Voluntad de vivir manifestándose / Necesidad de libertad",DEFER,DEFER,no_exact_current_master_match,none,,SOURCE_REVERIFY_IN_WCD07,DEFER,"research candidate only; exact-title/current-author precheck matches=none; external source completeness not verified in WCD-04; semantic duplicate, edition overlap and collection containment not resolved in WCD-04; confidence=medium"
V1-ENT-0002,豪尔赫·路易斯·博尔赫斯,《恶棍列传》,Historia universal de la infamia,P1,P1,no_exact_current_master_match,none,"博尔赫斯第一部叙事书,确立其""伪传记/乞丐传记""叙事风格,《玫瑰角的汉子》出自此书;王永年译本收入上海译文《博尔赫斯全集》,中文读者识别度高。",SOURCE_REVERIFY_IN_WCD07,WCD-07B,"research candidate only; exact-title/current-author precheck matches=none; external source completeness not verified in WCD-04; semantic duplicate, edition overlap and collection containment not resolved in WCD-04; confidence=high"
V1-ENT-0002,豪尔赫·路易斯·博尔赫斯,"《另一个,同一个》","El otro, el mismo",P1,P1,no_exact_current_master_match,none,"博尔赫斯最著名的单卷诗集(含《雨》《 EN sus días 》等名篇),地图对其""20世纪西语大诗人""身份完全没有呈现,此为首选补点。",SOURCE_REVERIFY_IN_WCD07,WCD-07B,"research candidate only; exact-title/current-author precheck matches=none; external source completeness not verified in WCD-04; semantic duplicate, edition overlap and collection containment not resolved in WCD-04; confidence=high"
V1-ENT-0002,豪尔赫·路易斯·博尔赫斯,《布宜诺斯艾利斯的激情》,Fervor de Buenos Aires,P2,P2,no_exact_current_master_match,none,"处女作诗集,极端主义起点,中文有通行译名(上海译文全集)。",SOURCE_REVERIFY_IN_WCD07,WCD-07C,"research candidate only; exact-title/current-author precheck matches=none; external source completeness not verified in WCD-04; semantic duplicate, edition overlap and collection containment not resolved in WCD-04; confidence=high"
V1-ENT-0002,豪尔赫·路易斯·博尔赫斯,Chinese display name requires verification(通行作《探讨别集》),Otras inquisiciones,P2,P2,no_exact_current_master_match,none,"论文面代表作(卡夫卡颂、《论美国的迷信》等),是""读书人博尔赫斯""的入口。",SOURCE_REVERIFY_IN_WCD07,WCD-07C,"research candidate only; exact-title/current-author precheck matches=none; external source completeness not verified in WCD-04; semantic duplicate, edition overlap and collection containment not resolved in WCD-04; confidence=medium"
V1-ENT-0002,豪尔赫·路易斯·博尔赫斯,《莎士比亚的记忆》,La memoria de Shakespeare,P3,P3,no_exact_current_master_match,none,"生前最后一部小说集,收官之作。",SOURCE_REVERIFY_IN_WCD07,WCD-07C,"research candidate only; exact-title/current-author precheck matches=none; external source completeness not verified in WCD-04; semantic duplicate, edition overlap and collection containment not resolved in WCD-04; confidence=high"
V1-ENT-0002,豪尔赫·路易斯·博尔赫斯,《杜撰集》,Artificios,DEFER,DEFER,no_exact_current_master_match,none,"虽是名卷,但 DB 的 Ficciones 已整体覆盖其全部名篇(《南方》《死亡与指南针》等),单列会与 Ficciones 重复计数。",SOURCE_REVERIFY_IN_WCD07,DEFER,"research candidate only; exact-title/current-author precheck matches=none; external source completeness not verified in WCD-04; semantic duplicate, edition overlap and collection containment not resolved in WCD-04; confidence=high"
V1-ENT-0073,胡利奥·科塔萨尔,《万火归一》,Todos los fuegos el fuego,P1,P1,no_exact_current_master_match,none,"与《跳房子》并列的科塔萨尔招牌书,《南方高速》《放大》皆出此卷;人民文学出版社 2009(范晔译)、南海出版公司 2017 均有中译,中文读者识别度极高。",SOURCE_REVERIFY_IN_WCD07,WCD-07B,"research candidate only; exact-title/current-author precheck matches=none; external source completeness not verified in WCD-04; semantic duplicate, edition overlap and collection containment not resolved in WCD-04; confidence=high"
V1-ENT-0073,胡利奥·科塔萨尔,《克罗诺皮奥与法玛的故事》,Historias de cronopios y de famas,P1,P1,no_exact_current_master_match,none,"作者本人最偏爱之作,""克罗诺皮奥""已成阿根廷新文化符号;南京大学出版社 2012(范晔译)豆瓣 8.8。",SOURCE_REVERIFY_IN_WCD07,WCD-07B,"research candidate only; exact-title/current-author precheck matches=none; external source completeness not verified in WCD-04; semantic duplicate, edition overlap and collection containment not resolved in WCD-04; confidence=high"
V1-ENT-0073,胡利奥·科塔萨尔,Chinese display name requires verification,Los premios,P2,P2,no_exact_current_master_match,none,"第一部长篇,与《跳房子》构成""写实/游戏""对照,论文常用。",SOURCE_REVERIFY_IN_WCD07,WCD-07C,"research candidate only; exact-title/current-author precheck matches=none; external source completeness not verified in WCD-04; semantic duplicate, edition overlap and collection containment not resolved in WCD-04; confidence=medium"
V1-ENT-0073,胡利奥·科塔萨尔,Chinese display name requires verification,Libro de Manuel,P3,P3,no_exact_current_master_match,none,"Prix Médicis 作品,政治写作转向的标志。",SOURCE_REVERIFY_IN_WCD07,WCD-07C,"research candidate only; exact-title/current-author precheck matches=none; external source completeness not verified in WCD-04; semantic duplicate, edition overlap and collection containment not resolved in WCD-04; confidence=medium"
V1-ENT-0073,胡利奥·科塔萨尔,"杂糅集,属 completionist padding。",La vuelta al día en ochenta mundos / Último Round,DEFER,DEFER,no_exact_current_master_match,none,,SOURCE_REVERIFY_IN_WCD07,DEFER,"research candidate only; exact-title/current-author precheck matches=none; external source completeness not verified in WCD-04; semantic duplicate, edition overlap and collection containment not resolved in WCD-04; confidence=medium"
V1-ENT-0186,埃内斯托·萨瓦托,Chinese display name requires verification(通行作《作家及其幽灵》),El escritor y sus fantasmas,P2,P2,no_exact_current_master_match,none,"他最重要的批评/诗学著作,与《隧道》《英雄与坟墓》的""地下室""母题互文,中文学界论文高频引用。",SOURCE_REVERIFY_IN_WCD07,WCD-07C,"research candidate only; exact-title/current-author precheck matches=none; external source completeness not verified in WCD-04; semantic duplicate, edition overlap and collection containment not resolved in WCD-04; confidence=high"
V1-ENT-0186,埃内斯托·萨瓦托,《终了之前》,Antes del fin,P2,P2,no_exact_current_master_match,none,"晚年""精神遗嘱"",中文版已出(豆瓣 8.7),是中文读者进入萨瓦托的最轻入口。",SOURCE_REVERIFY_IN_WCD07,WCD-07C,"research candidate only; exact-title/current-author precheck matches=none; external source completeness not verified in WCD-04; semantic duplicate, edition overlap and collection containment not resolved in WCD-04; confidence=high"
V1-ENT-0186,埃内斯托·萨瓦托,《一人与世界》,Uno y el universo,P3,P3,no_exact_current_master_match,none,"处女作,理性批判的起点。",SOURCE_REVERIFY_IN_WCD07,WCD-07C,"research candidate only; exact-title/current-author precheck matches=none; external source completeness not verified in WCD-04; semantic duplicate, edition overlap and collection containment not resolved in WCD-04; confidence=medium"
V1-ENT-0198,阿道夫·比奥伊·卡萨雷斯,Chinese display name requires verification(通行作《睡在阳光下》),Dormir al sol,P1,P1,no_exact_current_master_match,none,"代理机构 Balcells 官方称之为""the great work"";灵魂移植/身份互换的幻想杰作,英译 NYRB 经典再版;尚无中文单行本,正是数据库可提前占位之作。",SOURCE_REVERIFY_IN_WCD07,WCD-07B,"research candidate only; exact-title/current-author precheck matches=none; external source completeness not verified in WCD-04; semantic duplicate, edition overlap and collection containment not resolved in WCD-04; confidence=high"
V1-ENT-0198,阿道夫·比奥伊·卡萨雷斯,《布斯托斯·多梅克纪事》,Crónicas de Bustos Domecq,P2,P2,no_exact_current_master_match,none,"与博尔赫斯合著的名作,中文版 2020 已出,适合做地图双人连线节点。",SOURCE_REVERIFY_IN_WCD07,WCD-07C,"research candidate only; exact-title/current-author precheck matches=none; external source completeness not verified in WCD-04; semantic duplicate, edition overlap and collection containment not resolved in WCD-04; confidence=high"
V1-ENT-0198,阿道夫·比奥伊·卡萨雷斯,Chinese display name requires verification,La trama celeste,P2,P2,no_exact_current_master_match,none,幻想短篇代表作集(《天球图》等多被选家收入)。,SOURCE_REVERIFY_IN_WCD07,WCD-07C,"research candidate only; exact-title/current-author precheck matches=none; external source completeness not verified in WCD-04; semantic duplicate, edition overlap and collection containment not resolved in WCD-04; confidence=medium"
V1-ENT-0198,阿道夫·比奥伊·卡萨雷斯,Chinese display name requires verification(《猪之战》),Diario de la guerra del cerdo,P2,P2,no_exact_current_master_match,none,"政治寓言名作,1975 改编电影。",SOURCE_REVERIFY_IN_WCD07,WCD-07C,"research candidate only; exact-title/current-author precheck matches=none; external source completeness not verified in WCD-04; semantic duplicate, edition overlap and collection containment not resolved in WCD-04; confidence=medium"
V1-ENT-0273,里卡多·皮格利亚,《缺席的城市》,La ciudad ausente,P1,P1,no_exact_current_master_match,none,"评论界称""关于人工智能的非典型科幻小说"",是其国际影响最大的作品;后浪/四川文艺出版社 2022 年韩璐译本已出,具备完整中文落地条件。",SOURCE_REVERIFY_IN_WCD07,WCD-07B,"research candidate only; exact-title/current-author precheck matches=none; external source completeness not verified in WCD-04; semantic duplicate, edition overlap and collection containment not resolved in WCD-04; confidence=high"
V1-ENT-0273,里卡多·皮格利亚,Chinese display name requires verification,Nombre falso,P2,P2,no_exact_current_master_match,none,"含《为家族所杀》的成名作,与《人工呼吸》构成""侦探-家族""双重起点。",SOURCE_REVERIFY_IN_WCD07,WCD-07C,"research candidate only; exact-title/current-author precheck matches=none; external source completeness not verified in WCD-04; semantic duplicate, edition overlap and collection containment not resolved in WCD-04; confidence=medium"
V1-ENT-0273,里卡多·皮格利亚,Chinese display name requires verification,Formas breves,P3,P3,no_exact_current_master_match,none,"其""简短形式""批评理论代表作,授奖词常引。",SOURCE_REVERIFY_IN_WCD07,WCD-07C,"research candidate only; exact-title/current-author precheck matches=none; external source completeness not verified in WCD-04; semantic duplicate, edition overlap and collection containment not resolved in WCD-04; confidence=medium"
V1-ENT-0274,塞萨尔·艾拉,《野兔》,La liebre,P1,P1,no_exact_current_master_match,none,"艾拉少有的""大部头"",潘帕斯草原十九世纪叙事,被视为其代表作;世纪文景×楚尘文化 2019(上海人民出版社,赵德明译)已有中译。",SOURCE_REVERIFY_IN_WCD07,WCD-07B,"research candidate only; exact-title/current-author precheck matches=none; external source completeness not verified in WCD-04; semantic duplicate, edition overlap and collection containment not resolved in WCD-04; confidence=high"
V1-ENT-0274,塞萨尔·艾拉,《我怎样成为修女》,Cómo me hice monja,P2,P2,no_exact_current_master_match,none,"""《变形记》性别置换变体""的自传性名篇,中文电子书已流通,常与《女俘爱玛》并提。",SOURCE_REVERIFY_IN_WCD07,WCD-07C,"research candidate only; exact-title/current-author precheck matches=none; external source completeness not verified in WCD-04; semantic duplicate, edition overlap and collection containment not resolved in WCD-04; confidence=high"
V1-ENT-0274,塞萨尔·艾拉,Chinese display name requires verification,Los fantasmas,P2,P2,no_exact_current_master_match,none,"幽灵在公寓中游荡的""无事件小说"",艾拉美学最纯的样本之一。",SOURCE_REVERIFY_IN_WCD07,WCD-07C,"research candidate only; exact-title/current-author precheck matches=none; external source completeness not verified in WCD-04; semantic duplicate, edition overlap and collection containment not resolved in WCD-04; confidence=medium"
V1-ENT-0274,塞萨尔·艾拉,《音乐大脑》,El cerebro musical,P2,P2,no_exact_current_master_match,none,"名篇《音乐大脑》所在集,浙江文艺 2019 中译已出。",SOURCE_REVERIFY_IN_WCD07,WCD-07C,"research candidate only; exact-title/current-author precheck matches=none; external source completeness not verified in WCD-04; semantic duplicate, edition overlap and collection containment not resolved in WCD-04; confidence=medium"
V1-ENT-0284,曼努埃尔·普伊格,"Chinese display name requires verification(中文学界通行《天使的阴阜》,亦作《天使的阴部》)",Pubis angelical,P2,P2,no_exact_current_master_match,none,"中国社科院拉美所将其与《蜘蛛女之吻》《红红的小嘴巴》并列为""当代阿根廷文坛最高水平""之作;三线叙事(病房/流亡/科幻)是""无主题小说""理论核心样本。",SOURCE_REVERIFY_IN_WCD07,WCD-07C,"research candidate only; exact-title/current-author precheck matches=none; external source completeness not verified in WCD-04; semantic duplicate, edition overlap and collection containment not resolved in WCD-04; confidence=high"
V1-ENT-0284,曼努埃尔·普伊格,《热带黄昏》,Cae la noche tropical,P3,P3,no_exact_current_master_match,none,"最后一部长篇,中文版已出(""新拉丁美洲文学丛书"")。",SOURCE_REVERIFY_IN_WCD07,WCD-07C,"research candidate only; exact-title/current-author precheck matches=none; external source completeness not verified in WCD-04; semantic duplicate, edition overlap and collection containment not resolved in WCD-04; confidence=medium"
V1-ENT-0284,曼努埃尔·普伊格,《永远诅咒读此书的人》,La eterna maldición de quien lea estas páginas,P3,P3,no_exact_current_master_match,none,"元小说实验,拉美所论文常提。",SOURCE_REVERIFY_IN_WCD07,WCD-07C,"research candidate only; exact-title/current-author precheck matches=none; external source completeness not verified in WCD-04; semantic duplicate, edition overlap and collection containment not resolved in WCD-04; confidence=medium"
V1-ENT-0285,西尔维娜·奥坎波,Chinese display name requires verification,"Los que aman, odian",P2,P2,no_exact_current_master_match,none,"阿根廷第一部侦探/罪案长篇,海滨旅馆谋杀+2017 年同名电影改编;可与 Bioy 的《莫雷尔的发明》形成夫妇双线。中文版暂未出(检索无果)。",SOURCE_REVERIFY_IN_WCD07,WCD-07C,"research candidate only; exact-title/current-author precheck matches=none; external source completeness not verified in WCD-04; semantic duplicate, edition overlap and collection containment not resolved in WCD-04; confidence=high"
V1-ENT-0285,西尔维娜·奥坎波,Chinese display name requires verification,Las reglas del secreto,P2,P2,no_exact_current_master_match,none,"生前最后、公认的技法最成熟集,《莱奥波尔迪娜的变形》等晚期名篇归此。",SOURCE_REVERIFY_IN_WCD07,WCD-07C,"research candidate only; exact-title/current-author precheck matches=none; external source completeness not verified in WCD-04; semantic duplicate, edition overlap and collection containment not resolved in WCD-04; confidence=medium"
V1-ENT-0285,西尔维娜·奥坎波,Chinese display name requires verification,Los días de la noche,P3,P3,no_exact_current_master_match,none,"《食人魔》等名篇所在,承接《愤怒》向晚期过渡。",SOURCE_REVERIFY_IN_WCD07,WCD-07C,"research candidate only; exact-title/current-author precheck matches=none; external source completeness not verified in WCD-04; semantic duplicate, edition overlap and collection containment not resolved in WCD-04; confidence=medium"
V1-ENT-0286,罗贝托·阿尔特,Chinese display name requires verification(《爱情魔法师》),El amor brujo,P2,P2,no_exact_current_master_match,none,"与《疯玩具》同年、声誉相反的""温柔""爱情小说,展开阿尔特美学光谱的另一极。",SOURCE_REVERIFY_IN_WCD07,WCD-07C,"research candidate only; exact-title/current-author precheck matches=none; external source completeness not verified in WCD-04; semantic duplicate, edition overlap and collection containment not resolved in WCD-04; confidence=medium"
V1-ENT-0286,罗贝托·阿尔特,"《萨维里奥,这个冷酷的人》",Saverio el cruel,P3,P3,no_exact_current_master_match,none,"其戏剧最高峰,Argentine theater canon。",SOURCE_REVERIFY_IN_WCD07,WCD-07C,"research candidate only; exact-title/current-author precheck matches=none; external source completeness not verified in WCD-04; semantic duplicate, edition overlap and collection containment not resolved in WCD-04; confidence=medium"
V1-ENT-0286,罗贝托·阿尔特,"新闻体名栏,对""城市文学""研究者重要,但对本地图属 completionist padding。",Aguafuertes porteñas,DEFER,DEFER,no_exact_current_master_match,none,,SOURCE_REVERIFY_IN_WCD07,DEFER,"research candidate only; exact-title/current-author precheck matches=none; external source completeness not verified in WCD-04; semantic duplicate, edition overlap and collection containment not resolved in WCD-04; confidence=medium"
V1-ENT-0333,胡安·何塞·萨埃尔,Chinese display name requires verification(通行作《机会》),La ocasión,P1,P1,no_exact_current_master_match,none,"Premio Nadal 1987,评论界常与《继子》并称其双峰;是萨埃尔进入""文学爆炸后""经典叙事的关键证据。",SOURCE_REVERIFY_IN_WCD07,WCD-07B,"research candidate only; exact-title/current-author precheck matches=none; external source completeness not verified in WCD-04; semantic duplicate, edition overlap and collection containment not resolved in WCD-04; confidence=high"
V1-ENT-0333,胡安·何塞·萨埃尔,《游泳》,Nadar,P2,P2,no_exact_current_master_match,none,"河流周期开端的成人回望叙事,常被选家与《格洛萨》并读。",SOURCE_REVERIFY_IN_WCD07,WCD-07C,"research candidate only; exact-title/current-author precheck matches=none; external source completeness not verified in WCD-04; semantic duplicate, edition overlap and collection containment not resolved in WCD-04; confidence=medium"
V1-ENT-0333,胡安·何塞·萨埃尔,《云》,Las nubes,P2,P2,no_exact_current_master_match,none,"河流周期收官集,《水面之下》等名篇所在。",SOURCE_REVERIFY_IN_WCD07,WCD-07C,"research candidate only; exact-title/current-author precheck matches=none; external source completeness not verified in WCD-04; semantic duplicate, edition overlap and collection containment not resolved in WCD-04; confidence=medium"
V1-ENT-0296,萨曼塔·施维伯林,《侦图机》,Kentukis,P1,P1,no_exact_current_master_match,none,"入围 2020 国际布克奖长名单(英文版 Little Eyes),是《营救距离》之外她最重要的作品;北京日报出版社/理想国 2021 中文版在册(豆瓣 7.5),作者页不收即不完整。",SOURCE_REVERIFY_IN_WCD07,WCD-07B,"research candidate only; exact-title/current-author precheck matches=none; external source completeness not verified in WCD-04; semantic duplicate, edition overlap and collection containment not resolved in WCD-04; confidence=high"
V1-ENT-0296,萨曼塔·施维伯林,"早期获奖集,部分篇目已随《吃鸟的女孩》中文合订本进入中文,单列易重复。",El núcleo del disturbio (2002),DEFER,DEFER,no_exact_current_master_match,none,,SOURCE_REVERIFY_IN_WCD07,DEFER,"research candidate only; exact-title/current-author precheck matches=none; external source completeness not verified in WCD-04; semantic duplicate, edition overlap and collection containment not resolved in WCD-04; confidence=medium"
V1-ENT-0297,玛丽安娜·恩里克斯,Chinese display name requires verification(暂作《回家的孩子们》),Chicos que vuelven a casa,P2,P2,no_exact_current_master_match,none,"《我们的夜晚》之后的首部短篇集,巩固其""当代拉美恐怖文学头牌""地位;中文尚未引进,宜提前占位。",SOURCE_REVERIFY_IN_WCD07,WCD-07C,"research candidate only; exact-title/current-author precheck matches=none; external source completeness not verified in WCD-04; semantic duplicate, edition overlap and collection containment not resolved in WCD-04; confidence=medium"
V1-ENT-0297,玛丽安娜·恩里克斯,Chinese display name requires verification,Cuando hablamos con los muertos,P3,P3,no_exact_current_master_match,none,"最新短篇集,收录名篇《与死者交谈时》。",SOURCE_REVERIFY_IN_WCD07,WCD-07C,"research candidate only; exact-title/current-author precheck matches=none; external source completeness not verified in WCD-04; semantic duplicate, edition overlap and collection containment not resolved in WCD-04; confidence=medium"
V1-ENT-0237,阿莱杭德拉·皮扎尼克,《音乐地狱》,El infierno musical,P2,P2,no_exact_current_master_match,none,"生前最后一部诗集,与《取出疯石》构成""组诗+散文诗""双联;桑婪已有部分中文译文流通。",SOURCE_REVERIFY_IN_WCD07,WCD-07C,"research candidate only; exact-title/current-author precheck matches=none; external source completeness not verified in WCD-04; semantic duplicate, edition overlap and collection containment not resolved in WCD-04; confidence=high"
V1-ENT-0237,阿莱杭德拉·皮扎尼克,《血腥女伯爵》,La condesa sangrienta,P2,P2,no_exact_current_master_match,none,"依瓦伦丁·彭罗斯巴托里研究改写的著名散文文本,""疯石-音乐地狱""之外的第三极,评论量最高;暂无中文单行本,占位价值高。",SOURCE_REVERIFY_IN_WCD07,WCD-07C,"research candidate only; exact-title/current-author precheck matches=none; external source completeness not verified in WCD-04; semantic duplicate, edition overlap and collection containment not resolved in WCD-04; confidence=high"
V1-ENT-0200,奥拉西奥·基罗加,《阿纳孔达》,Anaconda,P2,P2,no_exact_current_master_match,none,"拟人化毒蛇对抗采蛇人的寓言,被视为其丛林文学高峰之一;与《丛林故事》构成""人与自然""两翼。",SOURCE_REVERIFY_IN_WCD07,WCD-07C,"research candidate only; exact-title/current-author precheck matches=none; external source completeness not verified in WCD-04; semantic duplicate, edition overlap and collection containment not resolved in WCD-04; confidence=high"
V1-ENT-0200,奥拉西奥·基罗加,《野人》,El salvaje,P2,P2,no_exact_current_master_match,none,"与《安娜孔达》齐名的丛林姊妹集,哥伦比亚国民银行选本常两集合刊。",SOURCE_REVERIFY_IN_WCD07,WCD-07C,"research candidate only; exact-title/current-author precheck matches=none; external source completeness not verified in WCD-04; semantic duplicate, edition overlap and collection containment not resolved in WCD-04; confidence=high"
V1-ENT-0200,奥拉西奥·基罗加,《彼岸》,Más allá,P3,P3,no_exact_current_master_match,none,"生前最后一集,超自然篇目回归。",SOURCE_REVERIFY_IN_WCD07,WCD-07C,"research candidate only; exact-title/current-author precheck matches=none; external source completeness not verified in WCD-04; semantic duplicate, edition overlap and collection containment not resolved in WCD-04; confidence=medium"
V1-ENT-0238,马里奥·贝内德蒂,《破角的春天》,Primavera con una esquina rota,P1,P1,no_exact_current_master_match,none,"1973 政变流亡期的代表作,狱中书信体;作家出版社 2020(欧阳石晓译)豆瓣 8.5,与《休战》《感谢火》同期引进、成套关系,不收则中文系列残缺。",SOURCE_REVERIFY_IN_WCD07,WCD-07B,"research candidate only; exact-title/current-author precheck matches=none; external source completeness not verified in WCD-04; semantic duplicate, edition overlap and collection containment not resolved in WCD-04; confidence=high"
V1-ENT-0238,马里奥·贝内德蒂,Chinese display name requires verification,Poemas de la oficina,P2,P2,no_exact_current_master_match,none,"""办公室诗歌""开拉美城市平民诗先河,西语世界最畅销诗集之一,弥补 DB 中贝内德蒂诗人身份空白。",SOURCE_REVERIFY_IN_WCD07,WCD-07C,"research candidate only; exact-title/current-author precheck matches=none; external source completeness not verified in WCD-04; semantic duplicate, edition overlap and collection containment not resolved in WCD-04; confidence=high"
V1-ENT-0238,马里奥·贝内德蒂,Chinese display name requires verification,"El amor, las mujeres y la vida",P3,P3,no_exact_current_master_match,none,"情诗自选集,拉美情诗 canon 常客。",SOURCE_REVERIFY_IN_WCD07,WCD-07C,"research candidate only; exact-title/current-author precheck matches=none; external source completeness not verified in WCD-04; semantic duplicate, edition overlap and collection containment not resolved in WCD-04; confidence=medium"
V1-ENT-0238,马里奥·贝内德蒂,Chinese display name requires verification,La muerte y otras sorpresas,P3,P3,no_exact_current_master_match,none,"短篇名集(《丑闻之夜》所在),补齐其短篇小说中后期线。",SOURCE_REVERIFY_IN_WCD07,WCD-07C,"research candidate only; exact-title/current-author precheck matches=none; external source completeness not verified in WCD-04; semantic duplicate, edition overlap and collection containment not resolved in WCD-04; confidence=medium"
V1-ENT-0346,克里斯蒂娜·佩里·罗西,Chinese display name requires verification(暂作《无用努力的博物馆》),El museo de los esfuerzos inútiles,P1,P1,no_exact_current_master_match,none,"流亡期写就的三十篇集子,评论界公认其最高峰(USAL、Project MUSE 均有专论),2024 年乌拉圭 HUM 社重版;塞万提斯奖得主的代表作不应缺席。",SOURCE_REVERIFY_IN_WCD07,WCD-07B,"research candidate only; exact-title/current-author precheck matches=none; external source completeness not verified in WCD-04; semantic duplicate, edition overlap and collection containment not resolved in WCD-04; confidence=high"
V1-ENT-0346,克里斯蒂娜·佩里·罗西,Chinese display name requires verification,Viviendo,P3,P3,no_exact_current_master_match,none,"处女集,第一篇即成名。",SOURCE_REVERIFY_IN_WCD07,WCD-07C,"research candidate only; exact-title/current-author precheck matches=none; external source completeness not verified in WCD-04; semantic duplicate, edition overlap and collection containment not resolved in WCD-04; confidence=medium"
V1-ENT-0346,克里斯蒂娜·佩里·罗西,Chinese display name requires verification,Solitario de amor,P3,P3,no_exact_current_master_match,none,"情欲诗歌名卷,补齐其诗人线。",SOURCE_REVERIFY_IN_WCD07,WCD-07C,"research candidate only; exact-title/current-author precheck matches=none; external source completeness not verified in WCD-04; semantic duplicate, edition overlap and collection containment not resolved in WCD-04; confidence=medium"
V1-ENT-0272,爱德华多·加莱亚诺,《火的记忆II:面孔与面具》,Memoria del fuego II: Caras y máscaras,P1,P1,no_exact_current_master_match,none,"三部曲中卷(十八九世纪),理想国 2018 年已出中文,豆瓣 8.6;DB 既收第Ⅰ卷,断收中卷即破坏书目完整性。",SOURCE_REVERIFY_IN_WCD07,WCD-07B,"research candidate only; exact-title/current-author precheck matches=none; external source completeness not verified in WCD-04; semantic duplicate, edition overlap and collection containment not resolved in WCD-04; confidence=high"
V1-ENT-0272,爱德华多·加莱亚诺,《火的记忆III:风的世纪》,Memoria del fuego III: El siglo del viento,P1,P1,no_exact_current_master_match,CHECK_COLLECTION_WORK_HIERARCHY: 卷级结构,"三部曲下卷(二十世纪),中文版 2019 年已出,豆瓣 8.8。",SOURCE_REVERIFY_IN_WCD07,WCD-07B,"research candidate only; exact-title/current-author precheck matches=none; external source completeness not verified in WCD-04; semantic duplicate, edition overlap and collection containment not resolved in WCD-04; confidence=high"
V1-ENT-0272,爱德华多·加莱亚诺,《镜子:照出你看不见的世界史》,Espejos,P2,P2,no_exact_current_master_match,none,"广西师大出版社 2012(张伟劼译)已在售十余年,是其中文世界认知度第二高的书。",SOURCE_REVERIFY_IN_WCD07,WCD-07C,"research candidate only; exact-title/current-author precheck matches=none; external source completeness not verified in WCD-04; semantic duplicate, edition overlap and collection containment not resolved in WCD-04; confidence=high"
V1-ENT-0272,爱德华多·加莱亚诺,《足球往事:那些阳光与阴影下的美丽和忧伤》,El fútbol a sol y sombra,P2,P2,no_exact_current_master_match,none,"理想国出品(广西师大社发行),足球+拉美文化的交叉流量入口。",SOURCE_REVERIFY_IN_WCD07,WCD-07C,"research candidate only; exact-title/current-author precheck matches=none; external source completeness not verified in WCD-04; semantic duplicate, edition overlap and collection containment not resolved in WCD-04; confidence=high"
V1-ENT-0272,爱德华多·加莱亚诺,Chinese display name requires verification,Días y noches de amor y de guerra,P3,P3,no_exact_current_master_match,none,"记忆三部曲之前的碎片化写作起点,《拥抱之书》的直接前身。",SOURCE_REVERIFY_IN_WCD07,WCD-07C,"research candidate only; exact-title/current-author precheck matches=none; external source completeness not verified in WCD-04; semantic duplicate, edition overlap and collection containment not resolved in WCD-04; confidence=medium"
V1-ENT-0199,奥古斯托·罗亚·巴斯托斯,《叶丛雷声》,El trueno entre las hojas,P1,P1,no_exact_current_master_match,none,"17 篇、瓜拉尼神话+查科战争的魔幻现实主义先声,直接孕育《人子》;1980 年《当代外国文学》已刊中文节译(《绿叶丛中惊雷鸣》),是地图补足""巴拉圭=三部曲+短篇""双支柱的关键。",SOURCE_REVERIFY_IN_WCD07,WCD-07B,"research candidate only; exact-title/current-author precheck matches=none; external source completeness not verified in WCD-04; semantic duplicate, edition overlap and collection containment not resolved in WCD-04; confidence=high"
V1-ENT-0199,奥古斯托·罗亚·巴斯托斯,"晚期作品评论反响有限,对本地图属 completionist padding。",El rapto (1993) / Vigilia del almirante (1992) / Madama Sui (1996),DEFER,DEFER,no_exact_current_master_match,none,,SOURCE_REVERIFY_IN_WCD07,DEFER,"research candidate only; exact-title/current-author precheck matches=none; external source completeness not verified in WCD-04; semantic duplicate, edition overlap and collection containment not resolved in WCD-04; confidence=medium"
V1-ENT-0114,马里奥·巴尔加斯·略萨,《公羊的节日》,La fiesta del Chivo,P0,P0,no_exact_current_master_match,none,"公认与《城市与狗》《酒吧长谈》《世界末日之战》并列的略萨四大长篇之一,反独裁题材巅峰;中文版2009年上海译文出版(赵德明译),豆瓣8.7,中国作家网列为代表作之一,中国读者辨识度高。",SOURCE_REVERIFY_IN_WCD07,WCD-07A,"research candidate only; exact-title/current-author precheck matches=none; external source completeness not verified in WCD-04; semantic duplicate, edition overlap and collection containment not resolved in WCD-04; confidence=high"
V1-ENT-0114,马里奥·巴尔加斯·略萨,《胡利娅姨妈和作家》,La tía Julia y el escribidor,P1,P1,no_exact_current_master_match,none,"自传性喜剧长篇,国际畅销并两度改编影视,是略萨""通俗/严肃双轨""写法的标志,与已有5部正剧风格作品互补;有通行中文译本。",SOURCE_REVERIFY_IN_WCD07,WCD-07B,"research candidate only; exact-title/current-author precheck matches=none; external source completeness not verified in WCD-04; semantic duplicate, edition overlap and collection containment not resolved in WCD-04; confidence=high"
V1-ENT-0114,马里奥·巴尔加斯·略萨,Chinese display name requires verification(常见译法《讲述人/讲故事的人》),El hablador,P2,P2,no_exact_current_master_match,none,"亚马逊部落与佛罗伦萨双线叙事,是学院阅读量很高的中篇,补足略萨题材光谱。",SOURCE_REVERIFY_IN_WCD07,WCD-07C,"research candidate only; exact-title/current-author precheck matches=none; external source completeness not verified in WCD-04; semantic duplicate, edition overlap and collection containment not resolved in WCD-04; confidence=medium"
V1-ENT-0114,马里奥·巴尔加斯·略萨,《坏女孩的恶作剧》,Travesuras de la niña mala,P2,P2,no_exact_current_master_match,none,"诺奖前夕的国际畅销书,中文版流通广,适合地图的中国读者面向。",SOURCE_REVERIFY_IN_WCD07,WCD-07C,"research candidate only; exact-title/current-author precheck matches=none; external source completeness not verified in WCD-04; semantic duplicate, edition overlap and collection containment not resolved in WCD-04; confidence=high"
V1-ENT-0114,马里奥·巴尔加斯·略萨,Chinese display name requires verification(常见译法《水中鱼》),El pez en el agua,P2,P2,no_exact_current_master_match,none,"诺奖作家回忆录(文学+从政),对其生平页面价值大。",SOURCE_REVERIFY_IN_WCD07,WCD-07C,"research candidate only; exact-title/current-author precheck matches=none; external source completeness not verified in WCD-04; semantic duplicate, edition overlap and collection containment not resolved in WCD-04; confidence=medium"
V1-ENT-0114,马里奥·巴尔加斯·略萨,《凯尔特之梦》,El sueño del celta,P3,P3,no_exact_current_master_match,none,"诺奖年出版的历史小说(卡萨门托),有中文版。",SOURCE_REVERIFY_IN_WCD07,WCD-07C,"research candidate only; exact-title/current-author precheck matches=none; external source completeness not verified in WCD-04; semantic duplicate, edition overlap and collection containment not resolved in WCD-04; confidence=medium"
V1-ENT-0114,马里奥·巴尔加斯·略萨,Chinese display name requires verification(常见译法《永恒的狂欢》),La orgía perpetua,P3,P3,no_exact_current_master_match,none,"其最负盛名的文学批评集,体现诺奖得主文论一面。",SOURCE_REVERIFY_IN_WCD07,WCD-07C,"research candidate only; exact-title/current-author precheck matches=none; external source completeness not verified in WCD-04; semantic duplicate, edition overlap and collection containment not resolved in WCD-04; confidence=medium"
V1-ENT-0114,马里奥·巴尔加斯·略萨,"补完性质,非地图必需。","El paraíso en la otra esquina (2003), Lituma en los Andes (1993), 剧作与更多文论集",DEFER,DEFER,no_exact_current_master_match,none,,SOURCE_REVERIFY_IN_WCD07,DEFER,"research candidate only; exact-title/current-author precheck matches=none; external source completeness not verified in WCD-04; semantic duplicate, edition overlap and collection containment not resolved in WCD-04; confidence=medium"
V1-ENT-0223,塞萨尔·巴列霍,"Chinese display name requires verification(常见译法《西班牙,请拿开这只圣杯》)","España, aparta de mí este cáliz",P1,P1,no_exact_current_master_match,none,"含《 mass/群众》《西班牙,请拿开这只圣杯》等巴列霍最被传诵的晚期诗篇,是许多批评体系里与《人类的诗篇》并列的独立诗集。",SOURCE_REVERIFY_IN_WCD07,WCD-07B,"research candidate only; exact-title/current-author precheck matches=none; external source completeness not verified in WCD-04; semantic duplicate, edition overlap and collection containment not resolved in WCD-04; confidence=medium"
V1-ENT-0223,塞萨尔·巴列霍,Chinese display name requires verification(常见译法《钨砂》),El tungsteno,P2,P2,no_exact_current_master_match,none,"巴列霍唯一出版的常规长篇,以秘鲁钨矿写劳工剥削,是无产阶级小说 landmark;Britannica 明确列为代表作之一。",SOURCE_REVERIFY_IN_WCD07,WCD-07C,"research candidate only; exact-title/current-author precheck matches=none; external source completeness not verified in WCD-04; semantic duplicate, edition overlap and collection containment not resolved in WCD-04; confidence=medium"
V1-ENT-0223,塞萨尔·巴列霍,"巴列霍以诗立身,以上为补完项。","Teatro completo (posthumous plays), Escalas melografiadas, Fabla salvaje, El forastero",DEFER,DEFER,no_exact_current_master_match,none,,SOURCE_REVERIFY_IN_WCD07,DEFER,"research candidate only; exact-title/current-author precheck matches=none; external source completeness not verified in WCD-04; semantic duplicate, edition overlap and collection containment not resolved in WCD-04; confidence=medium"
V1-ENT-0248,何塞·玛丽亚·阿格达斯,Chinese display name requires verification(常见译法《山上的狐狸与山下的狐狸》),El zorro de arriba y el zorro de abajo,P0,P0,no_exact_current_master_match,none,"阿格达斯遗作、第六部也是最后一部长篇,日记章节与绝笔信交织小说,是安第斯文学被引用最多的文本之一,与《深沉的河流》构成其双峰;缺它则作者谱系不完整。",SOURCE_REVERIFY_IN_WCD07,WCD-07A,"research candidate only; exact-title/current-author precheck matches=none; external source completeness not verified in WCD-04; semantic duplicate, edition overlap and collection containment not resolved in WCD-04; confidence=high"
V1-ENT-0248,何塞·玛丽亚·阿格达斯,Chinese display name requires verification(常见译法《第六监狱》),El sexto,P2,P2,no_exact_current_master_match,none,"以本人入狱经历写监狱世界的长篇,是其社会批判脉络的关键一环。",SOURCE_REVERIFY_IN_WCD07,WCD-07C,"research candidate only; exact-title/current-author precheck matches=none; external source completeness not verified in WCD-04; semantic duplicate, edition overlap and collection containment not resolved in WCD-04; confidence=medium"
V1-ENT-0248,何塞·玛丽亚·阿格达斯,Chinese display name requires verification(《水》),Agua,P3,P3,no_exact_current_master_match,none,"处女短篇集,土著主义突破口。",SOURCE_REVERIFY_IN_WCD07,WCD-07C,"research candidate only; exact-title/current-author precheck matches=none; external source completeness not verified in WCD-04; semantic duplicate, edition overlap and collection containment not resolved in WCD-04; confidence=low"
V1-ENT-0248,何塞·玛丽亚·阿格达斯,补完项。,"Diamantes y pedernales, Amor mundo, Canto Kechwa, 文论集 Formación de una cultura nacional indoamericana",DEFER,DEFER,no_exact_current_master_match,none,,SOURCE_REVERIFY_IN_WCD07,DEFER,"research candidate only; exact-title/current-author precheck matches=none; external source completeness not verified in WCD-04; semantic duplicate, edition overlap and collection containment not resolved in WCD-04; confidence=medium"
V1-ENT-0332,胡利奥·拉蒙·里贝罗,Chinese display name requires verification(常见译法《圣加夫列尔纪事》),Crónica de San Gabriel,P1,P1,no_exact_current_master_match,none,"处女长篇、1960年秘鲁国家小说奖得主,里贝罗""城市叙事""之外的庄园没落题材代表作;DB作者页现无任何长篇。",SOURCE_REVERIFY_IN_WCD07,WCD-07B,"research candidate only; exact-title/current-author precheck matches=none; external source completeness not verified in WCD-04; semantic duplicate, edition overlap and collection containment not resolved in WCD-04; confidence=medium"
V1-ENT-0332,胡利奥·拉蒙·里贝罗,Chinese display name requires verification(常见译法《无国籍散文》),Prosas apátridas,P2,P2,no_exact_current_master_match,none,"其最具原创性的格言体散文,后收入《全集》并多次再版;卡萨·德·拉·利特拉图拉·秘鲁专文考据其版本。",SOURCE_REVERIFY_IN_WCD07,WCD-07C,"research candidate only; exact-title/current-author precheck matches=none; external source completeness not verified in WCD-04; semantic duplicate, edition overlap and collection containment not resolved in WCD-04; confidence=medium"
V1-ENT-0332,胡利奥·拉蒙·里贝罗,Chinese display name requires verification(《礼拜日的精灵》),Los geniecillos dominicales,P3,P3,no_exact_current_master_match,none,"第二部长篇,利马市井群像。",SOURCE_REVERIFY_IN_WCD07,WCD-07C,"research candidate only; exact-title/current-author precheck matches=none; external source completeness not verified in WCD-04; semantic duplicate, edition overlap and collection containment not resolved in WCD-04; confidence=low"
V1-ENT-0332,胡利奥·拉蒙·里贝罗,补完项。,"Cambio de guardia (1976), Cuentos de circunstancias (已含于《无言之词》), 剧作 Atusparia",DEFER,DEFER,no_exact_current_master_match,none,,SOURCE_REVERIFY_IN_WCD07,DEFER,"research candidate only; exact-title/current-author precheck matches=none; external source completeness not verified in WCD-04; semantic duplicate, edition overlap and collection containment not resolved in WCD-04; confidence=medium"
V1-ENT-0148,加夫列拉·米斯特拉尔,Chinese display name requires verification(常见译法《压榨机/拉加尔》),Lagar,P1,P1,no_exact_current_master_match,none,"米斯特拉尔生前倒数第二本、与《塔拉集》并称的晚期正典,转向死亡、土地与平民主题;补齐后""四大诗集""完整。",SOURCE_REVERIFY_IN_WCD07,WCD-07B,"research candidate only; exact-title/current-author precheck matches=none; external source completeness not verified in WCD-04; semantic duplicate, edition overlap and collection containment not resolved in WCD-04; confidence=high"
V1-ENT-0148,加夫列拉·米斯特拉尔,Chinese display name requires verification(常见译法《智利诗篇》),Poema de Chile,P2,P2,no_exact_current_master_match,none,"身后出版、由Doris Dana整理的回归故土长诗,晚年重要遗产。",SOURCE_REVERIFY_IN_WCD07,WCD-07C,"research candidate only; exact-title/current-author precheck matches=none; external source completeness not verified in WCD-04; semantic duplicate, edition overlap and collection containment not resolved in WCD-04; confidence=medium"
V1-ENT-0148,加夫列拉·米斯特拉尔,补完项。,"Recados(书信体专栏散文), Lecturas para mujeres, Lagar II (1991)",DEFER,DEFER,no_exact_current_master_match,none,,SOURCE_REVERIFY_IN_WCD07,DEFER,"research candidate only; exact-title/current-author precheck matches=none; external source completeness not verified in WCD-04; semantic duplicate, edition overlap and collection containment not resolved in WCD-04; confidence=medium"
V1-ENT-0115,巴勃罗·聂鲁达,Chinese display name requires verification(常见译法《元素颂/元素的颂歌》),Odas elementales,P1,P1,no_exact_current_master_match,none,"转向日常物件的颂歌诗学,影响整个西语诗坛;诺贝尔官网传记与智利大学聂鲁达档案均列为主要作品。",SOURCE_REVERIFY_IN_WCD07,WCD-07B,"research candidate only; exact-title/current-author precheck matches=none; external source completeness not verified in WCD-04; semantic duplicate, edition overlap and collection containment not resolved in WCD-04; confidence=high"
V1-ENT-0115,巴勃罗·聂鲁达,Chinese display name requires verification(常见译法《黑岛回忆录》),Memorial de Isla Negra,P1,P1,no_exact_current_master_match,none,"六十岁生日出版的五卷自传性诗歌总集,聂鲁达晚期最重要作品之一。",SOURCE_REVERIFY_IN_WCD07,WCD-07B,"research candidate only; exact-title/current-author precheck matches=none; external source completeness not verified in WCD-04; semantic duplicate, edition overlap and collection containment not resolved in WCD-04; confidence=high"
V1-ENT-0115,巴勃罗·聂鲁达,"《我坦言,曾历尽沧桑》",Confieso que he vivido,P2,P2,no_exact_current_master_match,none,"诺贝尔官网""Further works""列出的回忆录,中文译本流通广,是中文读者了解聂鲁达的第一入口。",SOURCE_REVERIFY_IN_WCD07,WCD-07C,"research candidate only; exact-title/current-author precheck matches=none; external source completeness not verified in WCD-04; semantic duplicate, edition overlap and collection containment not resolved in WCD-04; confidence=high"
V1-ENT-0115,巴勃罗·聂鲁达,Chinese display name requires verification(常见译法《西班牙在我心中》),España en el corazón,P2,P2,no_exact_current_master_match,none,"西班牙内战名篇组诗,政治诗代表作。",SOURCE_REVERIFY_IN_WCD07,WCD-07C,"research candidate only; exact-title/current-author precheck matches=none; external source completeness not verified in WCD-04; semantic duplicate, edition overlap and collection containment not resolved in WCD-04; confidence=medium"
V1-ENT-0115,巴勃罗·聂鲁达,《疑问集》,El libro de las preguntas,P3,P3,no_exact_current_master_match,none,"陈黎、张芬龄译本在中国流传,中文读者辨识度高。",SOURCE_REVERIFY_IN_WCD07,WCD-07C,"research candidate only; exact-title/current-author precheck matches=none; external source completeness not verified in WCD-04; semantic duplicate, edition overlap and collection containment not resolved in WCD-04; confidence=medium"
V1-ENT-0115,巴勃罗·聂鲁达,Chinese display name requires verification,Estravagario,P3,P3,no_exact_current_master_match,none,中期反讽转变之作。,SOURCE_REVERIFY_IN_WCD07,WCD-07C,"research candidate only; exact-title/current-author precheck matches=none; external source completeness not verified in WCD-04; semantic duplicate, edition overlap and collection containment not resolved in WCD-04; confidence=low"
V1-ENT-0115,巴勃罗·聂鲁达,补完项。,"Crepusculario, Las uvas y el viento, Cantos ceremoniales, Arte de pájaros, Fulgor y muerte de Joaquín Murieta, La espada encendida, 《总得有人…》等",DEFER,DEFER,no_exact_current_master_match,none,,SOURCE_REVERIFY_IN_WCD07,DEFER,"research candidate only; exact-title/current-author precheck matches=none; external source completeness not verified in WCD-04; semantic duplicate, edition overlap and collection containment not resolved in WCD-04; confidence=medium"
V1-ENT-0236,尼卡诺尔·帕拉,Chinese display name requires verification(常见译法《装置/手工艺品》),Artefactos,P2,P2,no_exact_current_master_match,none,"与诗人、艺术家合作的图文""反诗歌""装置集,是反诗歌运动的标志性成果,科普价值高。",SOURCE_REVERIFY_IN_WCD07,WCD-07C,"research candidate only; exact-title/current-author precheck matches=none; external source completeness not verified in WCD-04; semantic duplicate, edition overlap and collection containment not resolved in WCD-04; confidence=medium"
V1-ENT-0236,尼卡诺尔·帕拉,Chinese display name requires verification(《长克乌卡》),La cueca larga,P3,P3,no_exact_current_master_match,none,承接《诗歌与反诗歌》走向民间歌舞体的过渡书。,SOURCE_REVERIFY_IN_WCD07,WCD-07C,"research candidate only; exact-title/current-author precheck matches=none; external source completeness not verified in WCD-04; semantic duplicate, edition overlap and collection containment not resolved in WCD-04; confidence=medium"
V1-ENT-0236,尼卡诺尔·帕拉,Chinese display name requires verification(《埃尔基基督的布道》),Sermones y prédicas del Cristo de Elqui,P3,P3,no_exact_current_master_match,none,"民间先知声音戏仿,反诗歌成熟期代表作。",SOURCE_REVERIFY_IN_WCD07,WCD-07C,"research candidate only; exact-title/current-author precheck matches=none; external source completeness not verified in WCD-04; semantic duplicate, edition overlap and collection containment not resolved in WCD-04; confidence=low"
V1-ENT-0236,尼卡诺尔·帕拉,"重要选集,但其内容主要是已收录三部作品之汇编,作为独立条目会重复计数,不建议单列;Hojas de Parra (1985)、Canciones rusas (1967) 同为补完项。",Obra gruesa (1969),DEFER,DEFER,no_exact_current_master_match,none,,SOURCE_REVERIFY_IN_WCD07,DEFER,"research candidate only; exact-title/current-author precheck matches=none; external source completeness not verified in WCD-04; semantic duplicate, edition overlap and collection containment not resolved in WCD-04; confidence=medium"
V1-ENT-0262,罗贝托·波拉尼奥,《智利之夜》,Nocturno de Chile,P1,P1,no_exact_current_master_match,none,"神甫-批评家乌鲁蒂亚的临终独白,与《荒野侦探》《2666》并提的声誉之作(中华读书报语);中译本2018年世纪文景/上海人民出版社出版(徐泉译),中文读者基础好。",SOURCE_REVERIFY_IN_WCD07,WCD-07B,"research candidate only; exact-title/current-author precheck matches=none; external source completeness not verified in WCD-04; semantic duplicate, edition overlap and collection containment not resolved in WCD-04; confidence=high"
V1-ENT-0262,罗贝托·波拉尼奥,Chinese display name requires verification,Llamadas telefónicas,P2,P2,no_exact_current_master_match,CHECK_EDITION_BOUNDARY: 中文选编与西语原集边界,"短篇集获市政小说奖(与《护身符》同年双奖),是其短篇技艺代表;中译市场通行的《地球上最后的夜晚》即以本书+《杀人狂》按英译本选编而成,录入时建议标注该关系。",SOURCE_REVERIFY_IN_WCD07,WCD-07C,"research candidate only; exact-title/current-author precheck matches=none; external source completeness not verified in WCD-04; semantic duplicate, edition overlap and collection containment not resolved in WCD-04; confidence=medium"
V1-ENT-0262,罗贝托·波拉尼奥,《护身符》,Amuleto,P2,P2,no_exact_current_master_match,none,"以《荒野侦探》配角Auxilio Lacouture为主角的独白体中篇,与《荒野侦探》《遥远的星辰》互文;有中译本。",SOURCE_REVERIFY_IN_WCD07,WCD-07C,"research candidate only; exact-title/current-author precheck matches=none; external source completeness not verified in WCD-04; semantic duplicate, edition overlap and collection containment not resolved in WCD-04; confidence=medium"
V1-ENT-0262,罗贝托·波拉尼奥,《美洲纳粹文学》,La literatura nazi en América,P2,P2,no_exact_current_master_match,none,"伪百科式仿作,波拉尼奥世界观最早成型的作品、后来《荒野侦探》的叙事前身;有中译本(世纪文景)。",SOURCE_REVERIFY_IN_WCD07,WCD-07C,"research candidate only; exact-title/current-author precheck matches=none; external source completeness not verified in WCD-04; semantic duplicate, edition overlap and collection containment not resolved in WCD-04; confidence=medium"
V1-ENT-0262,罗贝托·波拉尼奥,Chinese display name requires verification(《真警察的烦恼》),Los sinsabores del verdadero policía,P3,P3,no_exact_current_master_match,none,"遗作中与""侦探""宇宙衔接最强的一本。",SOURCE_REVERIFY_IN_WCD07,WCD-07C,"research candidate only; exact-title/current-author precheck matches=none; external source completeness not verified in WCD-04; semantic duplicate, edition overlap and collection containment not resolved in WCD-04; confidence=low"
V1-ENT-0262,罗贝托·波拉尼奥,补完项。,"Putas asesinas , La pista de hielo (1993), El Tercer Reich (2010), El secreto del mal (2007), 诗集 Los perros románticos / Tres / La universidad desconocida",DEFER,DEFER,no_exact_current_master_match,none,,SOURCE_REVERIFY_IN_WCD07,DEFER,"research candidate only; exact-title/current-author precheck matches=none; external source completeness not verified in WCD-04; semantic duplicate, edition overlap and collection containment not resolved in WCD-04; confidence=medium"
V1-ENT-0298,亚历杭德罗·桑布拉,Chinese display name requires verification(常见译法《智利诗人》),Poeta chileno,P1,P1,no_exact_current_master_match,none,"时隔九年的长篇,公认其最丰满作品,英译(Chilean Poet, Megan McDowell, 2022)获英语世界广泛书评;补齐后小说时间线完整。",SOURCE_REVERIFY_IN_WCD07,WCD-07B,"research candidate only; exact-title/current-author precheck matches=none; external source completeness not verified in WCD-04; semantic duplicate, edition overlap and collection containment not resolved in WCD-04; confidence=high"
V1-ENT-0298,亚历杭德罗·桑布拉,Chinese display name requires verification(英译 Multiple Choice),Facsímil,P2,P2,no_exact_current_master_match,none,"以选择题试卷为形式的中篇,是拉美近年""形式小说""名作。",SOURCE_REVERIFY_IN_WCD07,WCD-07C,"research candidate only; exact-title/current-author precheck matches=none; external source completeness not verified in WCD-04; semantic duplicate, edition overlap and collection containment not resolved in WCD-04; confidence=medium"
V1-ENT-0298,亚历杭德罗·桑布拉,Chinese display name requires verification(《我的文档》),Mis documentos,P2,P2,no_exact_current_master_match,none,"短篇自选集,英语版入围弗兰克·奥康纳国际短篇奖,补足其短篇/散文面。",SOURCE_REVERIFY_IN_WCD07,WCD-07C,"research candidate only; exact-title/current-author precheck matches=none; external source completeness not verified in WCD-04; semantic duplicate, edition overlap and collection containment not resolved in WCD-04; confidence=medium"
V1-ENT-0298,亚历杭德罗·桑布拉,Chinese display name requires verification(《不读》),No leer,P3,P3,no_exact_current_master_match,none,其散文名集。,SOURCE_REVERIFY_IN_WCD07,WCD-07C,"research candidate only; exact-title/current-author precheck matches=none; external source completeness not verified in WCD-04; semantic duplicate, edition overlap and collection containment not resolved in WCD-04; confidence=low"
V1-ENT-0298,亚历杭德罗·桑布拉,补完项。,"Bahía inútil (1998诗集), Tema libre (2019), Múltiples deberes (2022回忆录), Mi cuerpo (2011)",DEFER,DEFER,no_exact_current_master_match,none,,SOURCE_REVERIFY_IN_WCD07,DEFER,"research candidate only; exact-title/current-author precheck matches=none; external source completeness not verified in WCD-04; semantic duplicate, edition overlap and collection containment not resolved in WCD-04; confidence=medium"
V1-ENT-0344,路易斯·塞普尔维达,Chinese display name requires verification(常见译法《我们曾经的影子》),La sombra de lo que fuimos,P2,P2,no_exact_current_master_match,none,"获""春季小说奖""(Premio Primavera de Novela)的成人向长篇,西语维基视为其最雄心勃勃的作品之一,可平衡其""童书作家""印象。",SOURCE_REVERIFY_IN_WCD07,WCD-07C,"research candidate only; exact-title/current-author precheck matches=none; external source completeness not verified in WCD-04; semantic duplicate, edition overlap and collection containment not resolved in WCD-04; confidence=medium"
V1-ENT-0344,路易斯·塞普尔维达,Chinese display name requires verification(常见译法《巴塔哥尼亚快车》),Patagonia Express,P3,P3,no_exact_current_master_match,none,"自传性游记,中文市场曾有引进,利于读者理解其流亡轨迹。",SOURCE_REVERIFY_IN_WCD07,WCD-07C,"research candidate only; exact-title/current-author precheck matches=none; external source completeness not verified in WCD-04; semantic duplicate, edition overlap and collection containment not resolved in WCD-04; confidence=low"
V1-ENT-0344,路易斯·塞普尔维达,补完项。,"Historias marginales, Nombre de torero, La frontera extraviada, Más allá del invierno (2016)",DEFER,DEFER,no_exact_current_master_match,none,,SOURCE_REVERIFY_IN_WCD07,DEFER,"research candidate only; exact-title/current-author precheck matches=none; external source completeness not verified in WCD-04; semantic duplicate, edition overlap and collection containment not resolved in WCD-04; confidence=medium"
V1-ENT-0171,伊莎贝尔·阿连德,Chinese display name requires verification(常见译法《宝拉》),Paula,P1,P1,no_exact_current_master_match,none,"写给垂危女儿的悼念之书,阿连德首部非虚构、多评论认为其最佳;Britannica单列词条;有中文译本。",SOURCE_REVERIFY_IN_WCD07,WCD-07B,"research candidate only; exact-title/current-author precheck matches=none; external source completeness not verified in WCD-04; semantic duplicate, edition overlap and collection containment not resolved in WCD-04; confidence=high"
V1-ENT-0171,伊莎贝尔·阿连德,Chinese display name requires verification(常见译法《命运的女儿》),Hija de la fortuna,P2,P2,no_exact_current_master_match,none,"国际畅销(英语版入选奥普拉读书俱乐部),接续其家族三部曲。",SOURCE_REVERIFY_IN_WCD07,WCD-07C,"research candidate only; exact-title/current-author precheck matches=none; external source completeness not verified in WCD-04; semantic duplicate, edition overlap and collection containment not resolved in WCD-04; confidence=medium"
V1-ENT-0171,伊莎贝尔·阿连德,Chinese display name requires verification,Retrato en sepia,P3,P3,no_exact_current_master_match,none,与《命运的女儿》构成连续谱系。,SOURCE_REVERIFY_IN_WCD07,WCD-07C,"research candidate only; exact-title/current-author precheck matches=none; external source completeness not verified in WCD-04; semantic duplicate, edition overlap and collection containment not resolved in WCD-04; confidence=low"
V1-ENT-0171,伊莎贝尔·阿连德,补完项。,"El plan infinito (1991), La isla bajo el mar (2009), El cuaderno de Maya, La suma de los días, Mi país inventado",DEFER,DEFER,no_exact_current_master_match,none,,SOURCE_REVERIFY_IN_WCD07,DEFER,"research candidate only; exact-title/current-author precheck matches=none; external source completeness not verified in WCD-04; semantic duplicate, edition overlap and collection containment not resolved in WCD-04; confidence=medium"
V1-ENT-0359,豪尔赫·伊卡萨,Chinese display name requires verification(常见译法《乔洛人》),Cholos,P2,P2,no_exact_current_master_match,none,"社会小说周期中段,以""乔洛""阶层为核心,EBSCO研究指南列为代表作序列。",SOURCE_REVERIFY_IN_WCD07,WCD-07C,"research candidate only; exact-title/current-author precheck matches=none; external source completeness not verified in WCD-04; semantic duplicate, edition overlap and collection containment not resolved in WCD-04; confidence=medium"
V1-ENT-0359,豪尔赫·伊卡萨,Chinese display name requires verification(《风之子》),Huairapamushcas,P3,P3,no_exact_current_master_match,none,"""hijos del viento"",土著题材延续之作,厄瓜多尔国内正典。",SOURCE_REVERIFY_IN_WCD07,WCD-07C,"research candidate only; exact-title/current-author precheck matches=none; external source completeness not verified in WCD-04; semantic duplicate, edition overlap and collection containment not resolved in WCD-04; confidence=low"
V1-ENT-0359,豪尔赫·伊卡萨,补完项。,"Media vida deslumbrados (1942), Atrapados (1946), Barro de la sierra (1933)",DEFER,DEFER,no_exact_current_master_match,none,,SOURCE_REVERIFY_IN_WCD07,DEFER,"research candidate only; exact-title/current-author precheck matches=none; external source completeness not verified in WCD-04; semantic duplicate, edition overlap and collection containment not resolved in WCD-04; confidence=medium"
V1-ENT-0360,罗慕洛·加列戈斯,Chinese display name requires verification(常见译法《攀缘植物》),La trepadora,P2,P2,no_exact_current_master_match,none,"成熟期首部长篇,与《堂娜·芭芭拉》同属平原题材序曲,补齐""四部主长篇""谱系。",SOURCE_REVERIFY_IN_WCD07,WCD-07C,"research candidate only; exact-title/current-author precheck matches=none; external source completeness not verified in WCD-04; semantic duplicate, edition overlap and collection containment not resolved in WCD-04; confidence=medium"
V1-ENT-0360,罗慕洛·加列戈斯,Chinese display name requires verification(《可怜的黑人》),Pobre negro,P3,P3,no_exact_current_master_match,none,"平原—甘蔗园题材延续,委内瑞拉国内正典之一。",SOURCE_REVERIFY_IN_WCD07,WCD-07C,"research candidate only; exact-title/current-author precheck matches=none; external source completeness not verified in WCD-04; semantic duplicate, edition overlap and collection containment not resolved in WCD-04; confidence=low"
V1-ENT-0360,罗慕洛·加列戈斯,Chinese display name requires verification,Sobre la misma tierra,P3,P3,no_exact_current_master_match,none,总统任期前后创作的平原小说收官段之一。,SOURCE_REVERIFY_IN_WCD07,WCD-07C,"research candidate only; exact-title/current-author precheck matches=none; external source completeness not verified in WCD-04; semantic duplicate, edition overlap and collection containment not resolved in WCD-04; confidence=low"
V1-ENT-0360,罗慕洛·加列戈斯,补完项。,"La brizna de paja en el viento (1952), El forastero (1975), La rebelión y otros cuentos",DEFER,DEFER,no_exact_current_master_match,none,,SOURCE_REVERIFY_IN_WCD07,DEFER,"research candidate only; exact-title/current-author precheck matches=none; external source completeness not verified in WCD-04; semantic duplicate, edition overlap and collection containment not resolved in WCD-04; confidence=medium"
V1-ENT-0016,克拉丽丝·李斯佩克朵,"《濒临狂野的心》(人民文学出版社中文系列通行题名,与《家庭纽带》《GH受难曲》《星辰时刻》《隐秘的幸福》同属人民文学五卷本)",Perto do coração selvagem,P1,P1,no_exact_current_master_match,none,"23岁写成的处女作,""在巴西引起很大反响,使巴西文学界发生巨大变化""(中文出版方/百度百科引述),Britannica将其列为首部代表作;乔伊斯式内心独白在葡语文学中的开山之作,是""李斯佩克朵神话""的起点;而它恰是人民文学五卷本中唯一未入DB的一卷。",SOURCE_REVERIFY_IN_WCD07,WCD-07B,"research candidate only; exact-title/current-author precheck matches=none; external source completeness not verified in WCD-04; semantic duplicate, edition overlap and collection containment not resolved in WCD-04; confidence=high"
V1-ENT-0016,克拉丽丝·李斯佩克朵,Chinese display name requires verification(常见译法《黑暗中的苹果》),A maçã no escuro,P2,P2,no_exact_current_master_match,none,"Britannica列举的三大中期长篇之一(与G.H.、Água viva并提),荒野寓言式的语言实验,是""从《家庭纽带》到《G.H.》""过渡期的代表作;补齐1960年代长篇链条。",SOURCE_REVERIFY_IN_WCD07,WCD-07C,"research candidate only; exact-title/current-author precheck matches=none; external source completeness not verified in WCD-04; semantic duplicate, edition overlap and collection containment not resolved in WCD-04; confidence=medium"
V1-ENT-0016,克拉丽丝·李斯佩克朵,"Chinese display name requires verification(暂无完整中译,可译《全部故事》)",Todos os contos,P2,P2,no_exact_current_master_match,none,"Britannica称短篇小说为""her finest prose"";2015年英译全集出版引发国际重估,是把李斯佩克朵的""短篇""支柱一次性立起来的节点性版本(作家身后正典化工程的核心)。",SOURCE_REVERIFY_IN_WCD07,WCD-07C,"research candidate only; exact-title/current-author precheck matches=none; external source completeness not verified in WCD-04; semantic duplicate, edition overlap and collection containment not resolved in WCD-04; confidence=medium"
V1-ENT-0016,克拉丽丝·李斯佩克朵,Chinese display name requires verification(可译《异域军团》),A legião estrangeira,P3,P3,no_exact_current_master_match,none,"与《G.H.》同年出版的故事集,Britannica提及,补齐其""小说/故事双轨""中1960年代一翼。",SOURCE_REVERIFY_IN_WCD07,WCD-07C,"research candidate only; exact-title/current-author precheck matches=none; external source completeness not verified in WCD-04; semantic duplicate, edition overlap and collection containment not resolved in WCD-04; confidence=medium"
V1-ENT-0016,克拉丽丝·李斯佩克朵,"补完项,单收意义有限。",A cidade sitiada (1949)及遗作 Para não esquecer (1978)、Onde estivestes de noite (1984)、Como nasceram as estrelas (1987),DEFER,DEFER,no_exact_current_master_match,none,,SOURCE_REVERIFY_IN_WCD07,DEFER,"research candidate only; exact-title/current-author precheck matches=none; external source completeness not verified in WCD-04; semantic duplicate, edition overlap and collection containment not resolved in WCD-04; confidence=medium"
V1-ENT-0172,若热·亚马多,"《无边的土地》(译林出版社2016,吴劳译;1950年代中国最早引进的巴西文学作品之一)",Terras do sem-fim,P0,P0,no_exact_current_master_match,none,"Cambridge History of Latin America径称其""greatest novel"",Britannica称""the best of these works...has the primitive grandeur of a folk saga"",是亚马多文学史地位的基石;且为新中国成立后最早有中译的巴西小说之一,中文读者认知基础深厚;DB现有3部全为后期畅销书,缺此书则作家页丧失其""早期地区主义/无产阶级文学""半壁。",SOURCE_REVERIFY_IN_WCD07,WCD-07A,"research candidate only; exact-title/current-author precheck matches=none; external source completeness not verified in WCD-04; semantic duplicate, edition overlap and collection containment not resolved in WCD-04; confidence=high"
V1-ENT-0172,若热·亚马多,《奇迹之篷》(译林出版社2016),Tenda dos milagres,P2,P2,no_exact_current_master_match,none,"Britannica专文提及的成熟期杰作,种族混融的巴伊亚寓言,两次影视改编(1977/1985),是其""政治讽喻""一翼的最佳入口;有现成中译本可直接挂接。",SOURCE_REVERIFY_IN_WCD07,WCD-07C,"research candidate only; exact-title/current-author precheck matches=none; external source completeness not verified in WCD-04; semantic duplicate, edition overlap and collection containment not resolved in WCD-04; confidence=high"
V1-ENT-0172,若热·亚马多,Chinese display name requires verification(常见译法《胡比亚巴》),Jubiabá,P3,P3,no_exact_current_master_match,none,"首个大规模成功作,黑人主义与地区主义结合的早期代表作,1944年即有电影改编;补齐1930年代弧线。",SOURCE_REVERIFY_IN_WCD07,WCD-07C,"research candidate only; exact-title/current-author precheck matches=none; external source completeness not verified in WCD-04; semantic duplicate, edition overlap and collection containment not resolved in WCD-04; confidence=medium"
V1-ENT-0172,若热·亚马多,《金卡斯的两次死亡》(译林出版社2016),A morte e a morte de Quincas Berro d'Água,P3,P3,no_exact_current_master_match,none,"""体面之死vs浪荡之死""的巴伊亚讽刺经典,译林亚马多系列五部之一,有现成中文题名;展现其中短篇功力。",SOURCE_REVERIFY_IN_WCD07,WCD-07C,"research candidate only; exact-title/current-author precheck matches=none; external source completeness not verified in WCD-04; semantic duplicate, edition overlap and collection containment not resolved in WCD-04; confidence=medium"
V1-ENT-0172,若热·亚马多,补完项。,Mar morto (1936)、São Jorge dos Ilhéus (1944)、Seara vermelha 、Os subterrâneos da liberdade 、Tieta do agreste (1977)、O país do carnaval (1931)、Cacau (1933)、Suor (1934),DEFER,DEFER,no_exact_current_master_match,none,,SOURCE_REVERIFY_IN_WCD07,DEFER,"research candidate only; exact-title/current-author precheck matches=none; external source completeness not verified in WCD-04; semantic duplicate, edition overlap and collection containment not resolved in WCD-04; confidence=medium"
V1-ENT-0211,马查多·德·阿西斯,"Chinese display name requires verification(可译《散页集》;所收名篇中译各异:""O alienista""常作《精神病医生/疯人院长》,""A igreja do diabo""作《魔鬼的教堂》)",Papéis avulsos,P1,P1,no_exact_current_master_match,none,"Britannica明言马查多声誉四大支柱之一即""his short stories"",并单列其英译集The Devil's Church, and Other Stories (1977)与The Psychiatrist, and Other Stories (1963);本集收录""O alienista""""A igreja do diabo""""A sereníssima república""""Teoria do medalhão""等传世名篇,是马查多短篇正典的顶端;DB完全无短篇,作家页结构性失衡。",SOURCE_REVERIFY_IN_WCD07,WCD-07B,"research candidate only; exact-title/current-author precheck matches=none; external source completeness not verified in WCD-04; semantic duplicate, edition overlap and collection containment not resolved in WCD-04; confidence=high"
V1-ENT-0211,马查多·德·阿西斯,"Chinese display name requires verification(可译《各种故事》;含名篇""A cartomante""《纸牌女占卜师》)",Várias histórias,P3,P3,no_exact_current_master_match,none,"收录被广泛改编与选录的""A cartomante"",短篇正典第二梯队,补齐1882年后的短篇脉络。",SOURCE_REVERIFY_IN_WCD07,WCD-07C,"research candidate only; exact-title/current-author precheck matches=none; external source completeness not verified in WCD-04; semantic duplicate, edition overlap and collection containment not resolved in WCD-04; confidence=medium"
V1-ENT-0211,马查多·德·阿西斯,Chinese display name requires verification(常见译法《以扫和雅各》),Esaú e Jacó,P3,P3,no_exact_current_master_match,none,"晚年小说三联的中间一环(接Dom Casmurro、至Memorial de Ayres收束),双生子政治寓言,补齐1899–1908收尾弧线。",SOURCE_REVERIFY_IN_WCD07,WCD-07C,"research candidate only; exact-title/current-author precheck matches=none; external source completeness not verified in WCD-04; semantic duplicate, edition overlap and collection containment not resolved in WCD-04; confidence=medium"
V1-ENT-0211,马查多·德·阿西斯,"补完项;除非地图专设""马查多的浪漫期""或""诗人马查多""叙事,否则无必要。",早期浪漫阶段四部(Resurreição 1872/A mão e a luva 1874/Helena 1876/Iaiá Garcia 1878)、Páginas recolhidas (1899)、Relíquias da casa velha (1906)、Memorial de Ayres (1908)与诗作,DEFER,DEFER,no_exact_current_master_match,none,,SOURCE_REVERIFY_IN_WCD07,DEFER,"research candidate only; exact-title/current-author precheck matches=none; external source completeness not verified in WCD-04; semantic duplicate, edition overlap and collection containment not resolved in WCD-04; confidence=medium"
V1-ENT-0212,若昂·吉马朗埃斯·罗萨,"Chinese display name requires verification(可译《身体之舞》;内含""Noites do sertão""""Campo geral""""Buriti"")",Corpo de baile,P1,P1,no_exact_current_master_match,none,"Britannica将其列入与Sagarana、Grande Sertão: Veredas、Primeiras estórias并提的主要作品序列;与《广阔腹地》同年问世的连缀中篇集,补""少年米纳斯(Campo geral)/夜之腹地(Noites do sertão)""两翼,1985年有电影改编;是罗萨""故事书—长篇""交替节奏中被DB跳过的一环。",SOURCE_REVERIFY_IN_WCD07,WCD-07B,"research candidate only; exact-title/current-author precheck matches=none; external source completeness not verified in WCD-04; semantic duplicate, edition overlap and collection containment not resolved in WCD-04; confidence=high"
V1-ENT-0212,若昂·吉马朗埃斯·罗萨,Chinese display name requires verification(可译《图塔梅亚:第三故事集》),Tutaméia (Terceiras estórias),P2,P2,no_exact_current_master_match,none,"生前最后一部故事集,寓言化、格言化实验的顶点,Britannica列入主要作品;与Primeiras estórias构成""首/末""故事书呼应,收官其三段故事书序列。",SOURCE_REVERIFY_IN_WCD07,WCD-07C,"research candidate only; exact-title/current-author precheck matches=none; external source completeness not verified in WCD-04; semantic duplicate, edition overlap and collection containment not resolved in WCD-04; confidence=medium"
V1-ENT-0212,若昂·吉马朗埃斯·罗萨,Chinese display name requires verification(可译《这些故事》),Estas estórias,P3,P3,no_exact_current_master_match,none,"遗作故事集,重写旧稿的""腹地故事""总结,罗萨正典的收尾之作。",SOURCE_REVERIFY_IN_WCD07,WCD-07C,"research candidate only; exact-title/current-author precheck matches=none; external source completeness not verified in WCD-04; semantic duplicate, edition overlap and collection containment not resolved in WCD-04; confidence=medium"
V1-ENT-0212,若昂·吉马朗埃斯·罗萨,补完项。,"Ave, palavra",DEFER,DEFER,no_exact_current_master_match,none,,SOURCE_REVERIFY_IN_WCD07,DEFER,"research candidate only; exact-title/current-author precheck matches=none; external source completeness not verified in WCD-04; semantic duplicate, edition overlap and collection containment not resolved in WCD-04; confidence=medium"
V1-ENT-0213,格拉西利亚诺·拉莫斯,Chinese display name requires verification(常见译法《狱中回忆》),Memórias do cárcere,P1,P1,no_exact_current_master_match,none,"拉莫斯1936年以""共产主义嫌疑""被捕的狱中回忆,身后由遗孀整理出版,Britannica列入代表作序列;Nelson Pereira dos Santos 1984年电影改编使其成为巴西文化记忆的一部分;与《枯竭的生命》互证其""体制暴力""主题,是理解1930年代东北作家政治处境的一手文本。",SOURCE_REVERIFY_IN_WCD07,WCD-07B,"research candidate only; exact-title/current-author precheck matches=none; external source completeness not verified in WCD-04; semantic duplicate, edition overlap and collection containment not resolved in WCD-04; confidence=high"
V1-ENT-0213,格拉西利亚诺·拉莫斯,Chinese display name requires verification(常见译法《童年》),Infância,P2,P2,no_exact_current_master_match,none,"巴西现代回忆录经典(""我的童年是罪""式自我拷问的开篇),Britannica列举的代表作;拉莫斯""回忆录三部曲""(Infância/Infância的成年续篇/狱中回忆)的起点。",SOURCE_REVERIFY_IN_WCD07,WCD-07C,"research candidate only; exact-title/current-author precheck matches=none; external source completeness not verified in WCD-04; semantic duplicate, edition overlap and collection containment not resolved in WCD-04; confidence=medium"
V1-ENT-0213,格拉西利亚诺·拉莫斯,Chinese display name requires verification(《失眠》),Insônia,P3,P3,no_exact_current_master_match,none,"其唯一短篇集(含""Inspiração""""Os sósias""等),Britannica提及;补齐体裁版图。",SOURCE_REVERIFY_IN_WCD07,WCD-07C,"research candidate only; exact-title/current-author precheck matches=none; external source completeness not verified in WCD-04; semantic duplicate, edition overlap and collection containment not resolved in WCD-04; confidence=medium"
V1-ENT-0213,格拉西利亚诺·拉莫斯,Chinese display name requires verification(《凯特斯》),Caetés,P3,P3,no_exact_current_master_match,none,"首部长篇,婚姻讽刺喜剧,其冷静干燥文体的起点;Britannica列为文学生涯第一站,补齐长篇全序。",SOURCE_REVERIFY_IN_WCD07,WCD-07C,"research candidate only; exact-title/current-author precheck matches=none; external source completeness not verified in WCD-04; semantic duplicate, edition overlap and collection containment not resolved in WCD-04; confidence=medium"
V1-ENT-0213,格拉西利亚诺·拉莫斯,补完项。,A terra dos meninos pelados (1939)、Viagem (1954),DEFER,DEFER,no_exact_current_master_match,none,,SOURCE_REVERIFY_IN_WCD07,DEFER,"research candidate only; exact-title/current-author precheck matches=none; external source completeness not verified in WCD-04; semantic duplicate, edition overlap and collection containment not resolved in WCD-04; confidence=medium"
V1-ENT-0309,卡洛斯·德鲁蒙德·德·安德拉德,Chinese display name requires verification(可译《世界之情》),Sentimento do mundo,P2,P2,no_exact_current_master_match,none,"Enciclopédia Itaú Cultural明确:德鲁蒙德的""社会抒情/介入诗歌""阶段""始于Sentimento do Mundo (1940)"",直接导向《人民的玫瑰》;是从个人现代主义走向""人民的诗歌""的枢纽,也是已收三集之间最显眼的年代断层(1930→1945)。",SOURCE_REVERIFY_IN_WCD07,WCD-07C,"research candidate only; exact-title/current-author precheck matches=none; external source completeness not verified in WCD-04; semantic duplicate, edition overlap and collection containment not resolved in WCD-04; confidence=high"
V1-ENT-0309,卡洛斯·德鲁蒙德·德·安德拉德,Chinese display name requires verification(《何塞》),José,P3,P3,no_exact_current_master_match,none,"同名长诗《何塞》被Britannica称其""best-known poem""(""你现在怎么办,何塞?""),战时""介入诗歌""的标志,单收价值在名篇锚点。",SOURCE_REVERIFY_IN_WCD07,WCD-07C,"research candidate only; exact-title/current-author precheck matches=none; external source completeness not verified in WCD-04; semantic duplicate, edition overlap and collection containment not resolved in WCD-04; confidence=medium"
V1-ENT-0309,卡洛斯·德鲁蒙德·德·安德拉德,Chinese display name requires verification(可译《稀疏的记忆》),Boitempo,P3,P3,no_exact_current_master_match,none,"晚年诗化回忆录三部曲之首(Boitempo 1968/Menino antigo 1973等),散文诗体裁代表作,呈现米纳斯乡下记忆的""另一副笔墨""。",SOURCE_REVERIFY_IN_WCD07,WCD-07C,"research candidate only; exact-title/current-author precheck matches=none; external source completeness not verified in WCD-04; semantic duplicate, edition overlap and collection containment not resolved in WCD-04; confidence=medium"
V1-ENT-0309,卡洛斯·德鲁蒙德·德·安德拉德,补完项。,Brejo das almas (1934)、后期诗集(Corpo 1984、As impurezas do branco、Discurso de primavera、Farewell)与全部crônicas,DEFER,DEFER,no_exact_current_master_match,none,,SOURCE_REVERIFY_IN_WCD07,DEFER,"research candidate only; exact-title/current-author precheck matches=none; external source completeness not verified in WCD-04; semantic duplicate, edition overlap and collection containment not resolved in WCD-04; confidence=medium"
V1-ENT-0308,保罗·柯艾略,"《朝圣》(南海出版公司2012;新经典2018新版,符辰希译)",O diário de um mago / The Pilgrimage,P2,P2,no_exact_current_master_match,none,"Britannica明确以其为文学生涯起点(began with O diário de um mago),《牧羊少年奇幻之旅》的前传与""圣地亚哥之路""朝圣实录,在巴西""迅速印行117版次"";是理解柯艾略符号体系(剑、信号、个人传奇)的钥匙,且有稳定中文版。",SOURCE_REVERIFY_IN_WCD07,WCD-07C,"research candidate only; exact-title/current-author precheck matches=none; external source completeness not verified in WCD-04; semantic duplicate, edition overlap and collection containment not resolved in WCD-04; confidence=high"
V1-ENT-0308,保罗·柯艾略,《我坐在彼德拉河畔哭泣》(中译通行题名),Na margem do rio Piedra eu sentei e chorei,P3,P3,no_exact_current_master_match,none,"1990年代全球畅销代表作,爱情与信仰主题,""追寻梦想""叙事的另一变奏,Britannica作品序列在列。",SOURCE_REVERIFY_IN_WCD07,WCD-07C,"research candidate only; exact-title/current-author precheck matches=none; external source completeness not verified in WCD-04; semantic duplicate, edition overlap and collection containment not resolved in WCD-04; confidence=medium"
V1-ENT-0308,保罗·柯艾略,《扎希尔》(中译通行题名),O zahir,P3,P3,no_exact_current_master_match,none,"2000年代全球畅销高峰之一,""执念/失踪的妻子""主题,对中文中年读者群体认知度高。",SOURCE_REVERIFY_IN_WCD07,WCD-07C,"research candidate only; exact-title/current-author precheck matches=none; external source completeness not verified in WCD-04; semantic duplicate, edition overlap and collection containment not resolved in WCD-04; confidence=low"
V1-ENT-0308,保罗·柯艾略,《布里达》(中译通行题名待核),Brida,P3,P3,no_exact_current_master_match,none,"《牧羊少年》之前的关键一步(女巫/天赋/爱的选择主题),Britannica作品序列在列;中文读者亦有一定认知。",SOURCE_REVERIFY_IN_WCD07,WCD-07C,"research candidate only; exact-title/current-author precheck matches=none; external source completeness not verified in WCD-04; semantic duplicate, edition overlap and collection containment not resolved in WCD-04; confidence=low"
V1-ENT-0308,保罗·柯艾略,"补完项,单收意义有限。",O demônio e a Srta. Prym、A bruxa de Portobello、O aleph、Hippie、Manual do guerreiro da luz、As valkírias、O monte cinco、O vencedor está só、Manuscrito encontrado em Accra、Adultério,DEFER,DEFER,no_exact_current_master_match,none,,SOURCE_REVERIFY_IN_WCD07,DEFER,"research candidate only; exact-title/current-author precheck matches=none; external source completeness not verified in WCD-04; semantic duplicate, edition overlap and collection containment not resolved in WCD-04; confidence=medium"
V1-ENT-0358,莉吉娅·法贡德斯·特莱斯,Chinese display name requires verification(可译《幽暗之夜与我》),A noite escura e mais eu,P2,P2,no_exact_current_master_match,none,"ABL官方传记记载其为囊括Jabuti奖、Biblioteca Nacional奖、APLUB奖的晚期代表故事集(""第17本书,重回短篇文类"");证明作家在1990年代的第二巅峰,补齐1954–1995创作弧线的收束一环。",SOURCE_REVERIFY_IN_WCD07,WCD-07C,"research candidate only; exact-title/current-author precheck matches=none; external source completeness not verified in WCD-04; semantic duplicate, edition overlap and collection containment not resolved in WCD-04; confidence=high"
V1-ENT-0358,莉吉娅·法贡德斯·特莱斯,Chinese display name requires verification(《老鼠研讨会》),Seminário dos ratos,P3,P3,no_exact_current_master_match,none,"PEN Club巴西中心奖获奖集(ABL传记列举),巴西""奇诡短篇""传统的当代高峰,与《绿色舞会之前》构成1970年代双璧。",SOURCE_REVERIFY_IN_WCD07,WCD-07C,"research candidate only; exact-title/current-author precheck matches=none; external source completeness not verified in WCD-04; semantic duplicate, edition overlap and collection containment not resolved in WCD-04; confidence=medium"
V1-ENT-0358,莉吉娅·法贡德斯·特莱斯,Chinese display name requires verification(《水族馆之夏》),Verão no aquário,P3,P3,no_exact_current_master_match,none,"Jabuti奖获奖长篇(ABL传记列举),两部长篇签名作之间的过渡之作,补齐1954→1973长篇链条。",SOURCE_REVERIFY_IN_WCD07,WCD-07C,"research candidate only; exact-title/current-author precheck matches=none; external source completeness not verified in WCD-04; semantic duplicate, edition overlap and collection containment not resolved in WCD-04; confidence=medium"
V1-ENT-0358,莉吉娅·法贡德斯·特莱斯,补完项。,Praia viva (1944)、O cacto vermelho (1949)、Histórias do desencontro (1958)、A disciplina do amor (1980)、As horas nuas (1989)、Invenção e memória (2000),DEFER,DEFER,no_exact_current_master_match,none,,SOURCE_REVERIFY_IN_WCD07,DEFER,"research candidate only; exact-title/current-author precheck matches=none; external source completeness not verified in WCD-04; semantic duplicate, edition overlap and collection containment not resolved in WCD-04; confidence=medium"
V1-ENT-0072,加西亚·马尔克斯,"《爱情和其他魔鬼》(南海出版公司/新经典授权版,豆瓣8.7)",Del amor y otros demonios,P1,P1,no_exact_current_master_match,none,"Britannica专文提及的晚期代表作,常被论者视为《百年孤独》之后最好的马尔克斯长篇(萨拉曼卡疯女谢尔瓦·玛丽亚与被诅咒的爱);新经典授权系列核心品种,中文读者认知度高,作家页缺它则1990年代完全失重。",SOURCE_REVERIFY_IN_WCD07,WCD-07B,"research candidate only; exact-title/current-author precheck matches=none; external source completeness not verified in WCD-04; semantic duplicate, edition overlap and collection containment not resolved in WCD-04; confidence=high"
V1-ENT-0072,加西亚·马尔克斯,"《枯枝败叶》(南海出版公司/新经典授权版,豆瓣8.0)",La hojarasca,P1,P1,no_exact_current_master_match,none,"处女作与马孔多起点(""从写《枯枝败叶》的那一刻起,我所要做的唯一一件事,便是成为这个世界上最好的作家""——豆瓣授权版引语),预示《百年孤独》的结局;缺它则""马孔多前史""与作家起点双重缺席。",SOURCE_REVERIFY_IN_WCD07,WCD-07B,"research candidate only; exact-title/current-author precheck matches=none; external source completeness not verified in WCD-04; semantic duplicate, edition overlap and collection containment not resolved in WCD-04; confidence=high"
V1-ENT-0072,加西亚·马尔克斯,"《活着为了讲述》(南海出版公司2015,李静译,豆瓣8.9)",Vivir para contarla,P1,P1,no_exact_current_master_match,none,"诺奖作家唯一自传的第一卷(计划三卷未竟),与《百年孤独》互为注脚,""叙述者如何被制造出来""的一手文本;Britannica列为最后阶段代表作,新经典授权系列之一,中文阅读链公认环节。",SOURCE_REVERIFY_IN_WCD07,WCD-07B,"research candidate only; exact-title/current-author precheck matches=none; external source completeness not verified in WCD-04; semantic duplicate, edition overlap and collection containment not resolved in WCD-04; confidence=high"
V1-ENT-0072,加西亚·马尔克斯,"Chinese display name requires verification(常见译法《格兰德大妈的葬礼》;新经典或以《礼拜二午睡时刻》等选本面目出现,需核对)",Los funerales de la Mamá Grande,P2,P2,no_exact_current_master_match,none,"诺奖授奖词明确以""his novels and short stories""授奖,短篇是其获奖依据的半边;本集(Universidad Veracruzana 1962年初版)含《礼拜二午睡时刻》《这个镇上没有小偷》《格兰德大妈的葬礼》等,是其短篇正典的支点。",SOURCE_REVERIFY_IN_WCD07,WCD-07C,"research candidate only; exact-title/current-author precheck matches=none; external source completeness not verified in WCD-04; semantic duplicate, edition overlap and collection containment not resolved in WCD-04; confidence=high"
V1-ENT-0072,加西亚·马尔克斯,《迷宫中的将军》(南海出版公司),El general en su laberinto,P2,P2,no_exact_current_master_match,none,"玻利瓦尔临终之旅,Britannica列于其1980年代代表作;与《族长的秋天》构成马尔克斯""权力/孤独""书写的双联,拉美""解放者""解构经典。",SOURCE_REVERIFY_IN_WCD07,WCD-07C,"research candidate only; exact-title/current-author precheck matches=none; external source completeness not verified in WCD-04; semantic duplicate, edition overlap and collection containment not resolved in WCD-04; confidence=medium"
V1-ENT-0072,加西亚·马尔克斯,Chinese display name requires verification(常见译法《十二个异乡故事》待核),Doce cuentos peregrinos,P3,P3,no_exact_current_master_match,none,"流亡欧洲十八年写就的十二个故事(Mondadori 1992初版),加西亚·马尔克斯短篇正典的晚期一环。",SOURCE_REVERIFY_IN_WCD07,WCD-07C,"research candidate only; exact-title/current-author precheck matches=none; external source completeness not verified in WCD-04; semantic duplicate, edition overlap and collection containment not resolved in WCD-04; confidence=medium"
V1-ENT-0072,加西亚·马尔克斯,《蓝狗的眼睛》(南海出版公司),Ojos de perro azul (stories 1947–55; collection 1972/1974),P3,P3,no_exact_current_master_match,none,"早期超现实主义短篇集结(1947–55年报刊故事),魔幻现实主义""前史"";南海授权版已有稳定中文题名。",SOURCE_REVERIFY_IN_WCD07,WCD-07C,"research candidate only; exact-title/current-author precheck matches=none; external source completeness not verified in WCD-04; semantic duplicate, edition overlap and collection containment not resolved in WCD-04; confidence=medium"
V1-ENT-0072,加西亚·马尔克斯,《恶时辰》(南海出版公司),La mala hora,P3,P3,no_exact_current_master_match,none,"与《没有人给他写信的上校》同期写就的社会讽刺长篇(1961年初版/1966年修订),补齐""马孔多之前""三部曲(枯枝败叶—上校—恶时辰)。",SOURCE_REVERIFY_IN_WCD07,WCD-07C,"research candidate only; exact-title/current-author precheck matches=none; external source completeness not verified in WCD-04; semantic duplicate, edition overlap and collection containment not resolved in WCD-04; confidence=medium"
V1-ENT-0072,加西亚·马尔克斯,《一个海难幸存者的故事》(南海出版公司),Relato de un náufrago,P3,P3,no_exact_current_master_match,none,"记者生涯成名连载的结集,官方授权中文版;补非虚构一维,与《活着为了讲述》互文。",SOURCE_REVERIFY_IN_WCD07,WCD-07C,"research candidate only; exact-title/current-author precheck matches=none; external source completeness not verified in WCD-04; semantic duplicate, edition overlap and collection containment not resolved in WCD-04; confidence=low"
V1-ENT-0072,加西亚·马尔克斯,补完项。,Noticia de un secuestro (1996)、Memoria de mis putas tristes,DEFER,DEFER,no_exact_current_master_match,none,,SOURCE_REVERIFY_IN_WCD07,DEFER,"research candidate only; exact-title/current-author precheck matches=none; external source completeness not verified in WCD-04; semantic duplicate, edition overlap and collection containment not resolved in WCD-04; confidence=medium"
V1-ENT-0184,胡安·卡洛斯·奥内蒂,《井》(通行译法待核),El pozo,P1,P1,no_exact_current_master_match,none,处女长篇、日记体，被公认为新拉美小说先声与文学爆炸先驱文本。,SOURCE_REVERIFY_IN_WCD07,WCD-07B,"research candidate only; exact-title/current-author precheck matches=none; external source completeness not verified in WCD-04; semantic duplicate, edition overlap and collection containment not resolved in WCD-04; confidence=high"
V1-ENT-0184,胡安·卡洛斯·奥内蒂,《收尸人》(通行译法待核),Juntacadáveres,P1,P1,no_exact_current_master_match,none,圣玛利亚循环中期主峰之一，与《短暂的生命》《造船厂》构成三部核心。,SOURCE_REVERIFY_IN_WCD07,WCD-07B,"research candidate only; exact-title/current-author precheck matches=none; external source completeness not verified in WCD-04; semantic duplicate, edition overlap and collection containment not resolved in WCD-04; confidence=high"
V1-ENT-0184,胡安·卡洛斯·奥内蒂,《让风说话》(通行译法待核),Dejemos hablar al viento,P2,P2,no_exact_current_master_match,none,圣玛利亚循环晚期长篇，塞万提斯奖(1980)前后成熟期代表作。,SOURCE_REVERIFY_IN_WCD07,WCD-07C,"research candidate only; exact-title/current-author precheck matches=none; external source completeness not verified in WCD-04; semantic duplicate, edition overlap and collection containment not resolved in WCD-04; confidence=medium"
V1-ENT-0184,胡安·卡洛斯·奥内蒂,《死亡与少女》,La muerte y la niña,P3,P3,no_exact_current_master_match,none,圣玛利亚晚期中篇。,SOURCE_REVERIFY_IN_WCD07,WCD-07C,"research candidate only; exact-title/current-author precheck matches=none; external source completeness not verified in WCD-04; semantic duplicate, edition overlap and collection containment not resolved in WCD-04; confidence=low"
V1-ENT-0185,何塞·多诺索,《文学爆炸亲历记》(旧译),Historia personal del boom(西语原题含引号),P1,P1,no_exact_current_master_match,none,文学爆炸核心内部人的第一手回忆，直接对应当前孤立的文学爆炸运动实体(V1-ENT-0130)，关系建设价值极高。,SOURCE_REVERIFY_IN_WCD07,WCD-07B,"research candidate only; exact-title/current-author precheck matches=none; external source completeness not verified in WCD-04; semantic duplicate, edition overlap and collection containment not resolved in WCD-04; confidence=high"
V1-ENT-0185,何塞·多诺索,《田园别墅》(通行译法待核),Casa de campo,P1,P1,no_exact_current_master_match,none,寓言化批判智利局势的重要长篇，Britannica 专条。,SOURCE_REVERIFY_IN_WCD07,WCD-07B,"research candidate only; exact-title/current-author precheck matches=none; external source completeness not verified in WCD-04; semantic duplicate, edition overlap and collection containment not resolved in WCD-04; confidence=high"
V1-ENT-0185,何塞·多诺索,《绝望》(英译 Curfew),La desesperanza,P2,P2,no_exact_current_master_match,none,皮诺切特时期回归题材长篇，后期代表作。,SOURCE_REVERIFY_IN_WCD07,WCD-07C,"research candidate only; exact-title/current-author precheck matches=none; external source completeness not verified in WCD-04; semantic duplicate, edition overlap and collection containment not resolved in WCD-04; confidence=medium"
V1-ENT-0185,何塞·多诺索,《隔壁的花园》,El jardín de al lado,P3,P3,no_exact_current_master_match,none,流亡作家题材，元小说转向。,SOURCE_REVERIFY_IN_WCD07,WCD-07C,"research candidate only; exact-title/current-author precheck matches=none; external source completeness not verified in WCD-04; semantic duplicate, edition overlap and collection containment not resolved in WCD-04; confidence=low"
